entry_mode,exit_model,friction_case,event_threshold,hold_bars,stop_atr_mult,target_r,taker_fee_bps_per_side,slippage_bps_per_side,month,total_trades,trades_per_year,avg_net_return_pct,median_net_return_pct,win_rate,total_net_return_units,ev_per_trade_r,total_ev_r,max_drawdown_return_units,max_drawdown_r,max_losing_streak,profit_factor,average_win_pct,average_loss_pct,best_symbol,worst_symbol,best_month,worst_month,best_symbol_contribution,best_month_contribution
next_close,fixed_horizon_12,base,-0.02,12,,,4.0,5.0,2025-05,40,706.5793450881612,0.6586461719245448,0.6930978020811364,0.8,0.26345846876981793,1.0238376067148214,40.95350426859286,-0.05440106736212702,-5.149363372196294,4,5.135473246971005,1.022391995165191,-0.7963371210380398,LTCUSDT,LINKUSDT,2025-05,2025-05,0.2120603973850897,1.0
next_close,fixed_horizon_12,base,-0.02,12,,,4.0,5.0,2025-06,25,537.7914110429448,-0.16691655800940317,-0.6394937663949993,0.36,-0.04172913950235079,-0.3949054507002516,-9.87263626750629,-0.1396274824728824,-21.975767303264476,7,0.7682456802964212,1.536983513219768,-1.125360348075812,ETHUSDT,ADAUSDT,2025-06,2025-06,,
next_close,fixed_horizon_12,base,-0.02,12,,,4.0,5.0,2025-07,23,667.0570719602978,0.029506489644579616,-0.4457384185371671,0.43478260869565216,0.006786492618253311,0.018979837914254803,0.43653627202786044,-0.11068382662585499,-12.294938693757787,13,1.0613142211029052,1.1747031924410833,-0.8514140509681155,XRPUSDT,ADAUSDT,2025-07,2025-07,1.5557737606359783,1.0
next_close,fixed_horizon_12,base,-0.02,12,,,4.0,5.0,2025-08,15,236.174225415357,-0.2079487089550331,-0.1078224749399897,0.4666666666666667,-0.031192306343254962,-0.20164939591716116,-3.0247409387574176,-0.05633540246613743,-6.324717686746222,4,0.5833653699813848,0.6239283610504283,-0.9358411452098118,SOLUSDT,ADAUSDT,2025-08,2025-08,,
next_close,fixed_horizon_12,base,-0.02,12,,,4.0,5.0,2025-09,9,147.5343618513324,-0.38478017827298877,-0.17991004497749907,0.4444444444444444,-0.03463021604456899,-0.8295306010140822,-7.465775409126739,-0.04566203774794899,-9.635804049519134,4,0.2968491439982769,0.3654958925798601,-0.9850010349552678,ADAUSDT,LTCUSDT,2025-09,2025-09,,
next_close,fixed_horizon_12,base,-0.02,12,,,4.0,5.0,2025-10,45,594.3050847457627,-0.4836162713118216,0.5027223869844442,0.5777777777777777,-0.2176273220903197,-0.8447638054348715,-38.01437124456922,-0.5080841658567059,-58.30239487552035,10,0.6475255224359526,1.537691754490939,-3.249616727673494,SOLUSDT,LTCUSDT,2025-10,2025-10,,
next_close,fixed_horizon_12,base,-0.02,12,,,4.0,5.0,2025-11,30,613.0069930069931,0.6918265474379303,0.11312163359881759,0.5333333333333333,0.20754796423137906,0.642506003746576,19.27518011239728,-0.14746435728557888,-15.900581896767928,9,1.8548382831153758,2.8146252721336675,-1.734229137928626,BNBUSDT,LTCUSDT,2025-11,2025-11,0.2792868795003795,1.0000000000000002
next_close,fixed_horizon_12,base,-0.02,12,,,4.0,5.0,2025-12,18,214.24032586558044,-1.6347167383772867,-2.1143548028311208,0.1111111111111111,-0.2942490129079116,-1.992467458201129,-35.864414247620324,-0.2648017627097035,-30.69490665140585,11,0.18323594831969994,3.300647035786851,-2.2516372101478037,AVAXUSDT,ADAUSDT,2025-12,2025-12,,
next_close,fixed_horizon_12,base,-0.02,12,,,4.0,5.0,2026-01,41,596.0298507462686,-0.006704538156633619,0.04485835446234697,0.5365853658536586,-0.002748860644219784,-0.605589213653243,-24.829157759782962,-0.32002716785744506,-64.76652068643429,6,0.9931320521247038,1.8067998702537849,-2.1065517478950135,AVAXUSDT,SOLUSDT,2026-01,2026-01,,
next_close,fixed_horizon_12,base,-0.02,12,,,4.0,5.0,2026-02,43,597.1295049504951,0.8987174404454696,-0.6024945108230282,0.4418604651162791,0.3864484993915519,-0.17698338914685544,-7.610285733314784,-0.24154009348412625,-26.24859912388625,11,2.1075206066741425,3.8704194946230945,-1.4538800191118166,XRPUSDT,LTCUSDT,2026-02,2026-02,0.16958349521266525,1.0000000000000002
next_close,fixed_horizon_12,base,-0.02,12,,,4.0,5.0,2026-03,7,139.69721115537848,0.9782292485858657,1.17471758377458,0.8571428571428571,0.0684760474010106,4.928130819646957,34.496915737528695,0.0,0.0,1,13.896812967552368,1.2297596647627367,-0.5309532484753587,ADAUSDT,SOLUSDT,2026-03,2026-03,0.34512142061941364,1.0000000000000002
next_close,fixed_horizon_12,base,-0.02,12,,,4.0,5.0,2026-04,7,112.17915904936015,-0.015423113630145893,-0.2770502103033872,0.2857142857142857,-0.0010796179541102124,-0.4120976274778843,-2.88468339234519,-0.01385581889115002,-3.4798888161540997,5,0.9698969125451955,1.7392204736340682,-0.7172805485358316,ADAUSDT,AVAXUSDT,2026-04,2026-04,,
next_open,fixed_horizon_12,base,-0.02,12,,,4.0,5.0,2025-05,40,706.5793450881612,1.1276522852390496,1.2835583315641683,0.85,0.4510609140956198,1.6583028772400261,66.33211508960105,-0.021876872211221116,-1.8749797832077064,2,14.520789152426456,1.4247690015037084,-0.5560091069273521,AVAXUSDT,LINKUSDT,2025-05,2025-05,0.20109023040210408,1.0
next_open,fixed_horizon_12,base,-0.02,12,,,4.0,5.0,2025-06,25,537.7914110429448,-0.618764436439823,-0.8704086976205524,0.32,-0.15469110910995576,-1.0132082692771178,-25.330206731927948,-0.2127235890783091,-32.63905819476476,7,0.4416391725327633,1.5294243897666915,-1.629676825242889,ETHUSDT,AVAXUSDT,2025-06,2025-06,,
next_open,fixed_horizon_12,base,-0.02,12,,,4.0,5.0,2025-07,23,667.0570719602978,0.16224293037535756,-0.2881888088213947,0.391304347826087,0.03731587398633224,0.31024213136188905,7.135569021323448,-0.11204364068798899,-12.25912916425408,11,1.2663361082134532,1.971378652811294,-1.0007728911906015,AVAXUSDT,XRPUSDT,2025-07,2025-07,0.6393733506753646,0.9999999999999998
next_open,fixed_horizon_12,base,-0.02,12,,,4.0,5.0,2025-08,15,236.174225415357,-0.9371834453508782,-1.4134983625398536,0.26666666666666666,-0.14057751680263172,-1.1352811426431748,-17.02921713964762,-0.1434152830904432,-17.721019733131588,4,0.14527479920335906,0.5973373227727058,-1.4951909973958177,SOLUSDT,ADAUSDT,2025-08,2025-08,,
next_open,fixed_horizon_12,base,-0.02,12,,,4.0,5.0,2025-09,9,147.5343618513324,-0.26777488365778196,0.3599405457610618,0.5555555555555556,-0.02409973952920038,-0.7579921137618507,-6.821929023856656,-0.05128244466275725,-12.30653018009682,3,0.6249168121700566,0.8030395863834191,-1.6062929712092837,ADAUSDT,SOLUSDT,2025-09,2025-09,,
next_open,fixed_horizon_12,base,-0.02,12,,,4.0,5.0,2025-10,45,594.3050847457627,-0.919201622402096,0.955766513396852,0.6,-0.4136407300809432,-1.248522087065432,-56.183493917944446,-0.9441760372949982,-108.6885802661057,14,0.5841666104407173,2.15217163713629,-5.526261511709675,SOLUSDT,LTCUSDT,2025-10,2025-10,,
next_open,fixed_horizon_12,base,-0.02,12,,,4.0,5.0,2025-11,30,613.0069930069931,0.696634390029152,-0.15933121936509048,0.4666666666666667,0.2089903170087456,0.5017436802142773,15.052310406428319,-0.16732266968106368,-18.294768901303016,10,1.7882439467915652,3.386602684994889,-1.6570878680658676,XRPUSDT,LTCUSDT,2025-11,2025-11,0.4261827997781398,0.9999999999999999
next_open,fixed_horizon_12,base,-0.02,12,,,4.0,5.0,2025-12,18,214.24032586558044,-2.4596649103878057,-2.9830479348478636,0.1111111111111111,-0.442739683869805,-3.0901675972035076,-55.62301674966314,-0.4019404985370982,-48.37593082032562,11,0.14161272064060232,3.652056168350584,-3.2236300452301045,AVAXUSDT,ADAUSDT,2025-12,2025-12,,
next_open,fixed_horizon_12,base,-0.02,12,,,4.0,5.0,2026-01,41,596.0298507462686,0.03407735338437587,0.2551448049730227,0.5853658536585366,0.013971714887594106,-0.45851382794952766,-18.799066945930633,-0.2866404753481872,-52.185641936002725,6,1.0303027884364044,1.9793416094002356,-2.712178066873308,XRPUSDT,SOLUSDT,2026-01,2026-01,3.147105127816531,1.0000000000000004
next_open,fixed_horizon_12,base,-0.02,12,,,4.0,5.0,2026-02,43,597.1295049504951,0.6926477741665747,-0.5168115105261178,0.3953488372093023,0.29783854289162714,-0.7144677383792692,-30.72211275030858,-0.380253685596323,-41.718874309998576,14,1.5446172696449094,4.968913708739023,-2.103372259976949,XRPUSDT,LTCUSDT,2026-02,2026-02,0.2418812981853236,1.0
next_open,fixed_horizon_12,base,-0.02,12,,,4.0,5.0,2026-03,7,139.69721115537848,0.5367997108060952,0.43825080726364507,0.8571428571428571,0.03757597975642667,2.446339188787782,17.124374321514473,-0.0010222813913931764,-0.42315395862074645,1,37.75698303107885,0.6433043524636639,-0.10222813913931762,ADAUSDT,SOLUSDT,2026-03,2026-03,0.3987259153247045,1.0
next_open,fixed_horizon_12,base,-0.02,12,,,4.0,5.0,2026-04,7,112.17915904936015,-0.40438260936059256,-0.8023380762021338,0.2857142857142857,-0.028306782655241478,-1.4114720175660376,-9.880304122962263,-0.0330069548545151,-8.26594652949842,5,0.5388952579669228,1.6541134313595613,-1.2277810256486543,ADAUSDT,AVAXUSDT,2026-04,2026-04,,
next_close,fixed_horizon_12,stress,-0.02,12,,,8.0,10.0,2025-05,40,706.5793450881612,0.47774249837424404,0.5121459217134349,0.75,0.19109699934969762,0.7738891928545051,30.955567714180205,-0.06404213095305761,-6.056591470291246,5,3.375656391852523,0.9051222075310537,-0.8043966290961854,SOLUSDT,LINKUSDT,2025-05,2025-05,0.24735042428026388,1.0
next_close,fixed_horizon_12,stress,-0.02,12,,,8.0,10.0,2025-06,25,537.7914110429448,-0.3466650539499096,-0.8185810035477223,0.36,-0.0866662634874774,-0.6631146004512253,-16.577865011280633,-0.1601926713400345,-25.617413725142246,7,0.5845393823923621,1.3548508166119653,-1.3037677311409641,ETHUSDT,ADAUSDT,2025-06,2025-06,,
next_close,fixed_horizon_12,stress,-0.02,12,,,8.0,10.0,2025-07,23,667.0570719602978,-0.15051685337715892,-0.6250967699632388,0.43478260869565216,-0.03461887627674655,-0.1822862689328577,-4.192584185455727,-0.13392661832714683,-15.036676867987293,13,0.7415086208465154,0.9930774205040029,-1.030204756362668,XRPUSDT,ADAUSDT,2025-07,2025-07,,
next_close,fixed_horizon_12,stress,-0.02,12,,,8.0,10.0,2025-08,15,236.174225415357,-0.38763979021300243,-0.28765365891758293,0.3333333333333333,-0.058145968531950365,-0.4262208145027223,-6.393312217540835,-0.07007719706024096,-7.989440471832503,4,0.36895041512862675,0.6799142172731772,-0.9214167939560924,ETHUSDT,ADAUSDT,2025-08,2025-08,,
next_close,fixed_horizon_12,stress,-0.02,12,,,8.0,10.0,2025-09,9,147.5343618513324,-0.564223826178348,-0.3596403596403529,0.3333333333333333,-0.05078014435605131,-1.1849488256330725,-10.664539430697653,-0.05800481728719978,-12.117747724603158,4,0.15066313120013808,0.3002615268657915,-0.9964665027004176,ADAUSDT,LTCUSDT,2025-09,2025-09,,
next_close,fixed_horizon_12,stress,-0.02,12,,,8.0,10.0,2025-10,45,594.3050847457627,-0.6629216217413121,0.3220368914824904,0.5333333333333333,-0.2983147297835904,-1.0347227801087107,-46.56252510489198,-0.5307708908202964,-61.17674073716897,10,0.5432657426676207,1.4784688855609707,-3.1102250586582074,SOLUSDT,LTCUSDT,2025-10,2025-10,,
next_close,fixed_horizon_12,stress,-0.02,12,,,8.0,10.0,2025-11,30,613.0069930069931,0.5108764458870843,-0.06701870882059267,0.43333333333333335,0.15326293376612526,0.42565942576497473,12.769782772949242,-0.17065568343016185,-18.432005748079902,9,1.5689181155263865,3.2512045726260626,-1.5846685922074284,BNBUSDT,LTCUSDT,2025-11,2025-11,0.34244974676608403,1.0
next_close,fixed_horizon_12,stress,-0.02,12,,,8.0,10.0,2025-12,18,214.24032586558044,-1.8124113989852073,-2.2913783246717916,0.1111111111111111,-0.3262340518173373,-2.274365915778994,-40.93858648402189,-0.29502818544610476,-35.45761351241309,11,0.16039153568730624,3.1160465138538433,-2.4284686380900884,AVAXUSDT,ADAUSDT,2025-12,2025-12,,
next_close,fixed_horizon_12,stress,-0.02,12,,,8.0,10.0,2026-01,41,596.0298507462686,-0.18667721250471941,-0.13518646982286334,0.4634146341463415,-0.07653765712693496,-0.9491857025535374,-38.91661380469503,-0.3555757775187015,-73.22378186332827,6,0.8250843760654422,1.9001650370374739,-1.9889500643820686,AVAXUSDT,SOLUSDT,2026-01,2026-01,,
next_close,fixed_horizon_12,stress,-0.02,12,,,8.0,10.0,2026-02,43,597.1295049504951,0.7174778445671762,-0.7816335195856622,0.3953488372093023,0.3085154731638858,-0.3717653520851615,-15.985910139661943,-0.26999924480619475,-31.134225703237238,14,1.7825062924141228,4.134007517616297,-1.516406941657249,XRPUSDT,LTCUSDT,2026-02,2026-02,0.18878892347740625,1.0000000000000002
next_close,fixed_horizon_12,stress,-0.02,12,,,8.0,10.0,2026-03,7,139.69721115537848,0.7968783949470839,0.9930917917002834,0.8571428571428571,0.055781487646295876,4.1623291733412335,29.136304213388634,0.0,0.0,1,8.854419537732998,1.0480568544592304,-0.7101923621257944,ADAUSDT,SOLUSDT,2026-03,2026-03,0.3585390491233298,1.0
next_close,fixed_horizon_12,stress,-0.02,12,,,8.0,10.0,2026-04,7,112.17915904936015,-0.1953835884168821,-0.45664460053563194,0.2857142857142857,-0.013676851189181747,-0.841931660471798,-5.893521623302586,-0.021035713216022482,-5.265307284055027,5,0.6948013447229632,1.5568047947644938,-0.8962589416894324,ADAUSDT,AVAXUSDT,2026-04,2026-04,,
next_open,fixed_horizon_12,stress,-0.02,12,,,8.0,10.0,2025-05,40,706.5793450881612,0.9460923497945143,1.1017802428922503,0.825,0.37843693991780575,1.4089253488912095,56.35701395564838,-0.026512174060777938,-2.3316426308509612,3,9.376378891269415,1.2836848538093166,-0.6454151691324098,AVAXUSDT,LINKUSDT,2025-05,2025-05,0.21080949797497778,0.9999999999999999
next_open,fixed_horizon_12,stress,-0.02,12,,,8.0,10.0,2025-06,25,537.7914110429448,-0.7978806793324817,-1.0491728245496201,0.32,-0.19947016983312044,-1.2819737617268083,-32.04934404317021,-0.2502221649942098,-38.57382889534331,7,0.3507979012018931,1.3473022703444133,-1.8073785380039615,XRPUSDT,AVAXUSDT,2025-06,2025-06,,
next_open,fixed_horizon_12,stress,-0.02,12,,,8.0,10.0,2025-07,23,667.0570719602978,-0.017966145551677425,-0.4677676132487647,0.391304347826087,-0.004132213476885808,0.10923809941643088,2.5124762865779102,-0.13528452965469598,-15.00083511742669,11,0.9749729127830715,1.788638124089878,-1.1793546046069634,AVAXUSDT,XRPUSDT,2025-07,2025-07,,
next_open,fixed_horizon_12,stress,-0.02,12,,,8.0,10.0,2025-08,15,236.174225415357,-1.1158541369894783,-1.5915025653610884,0.2,-0.16737812054842177,-1.360692633746558,-20.410389506198367,-0.16481245438858036,-20.326845605155953,7,0.09889471055708467,0.6123150823458279,-1.5478964418233048,SOLUSDT,ADAUSDT,2025-08,2025-08,,
next_open,fixed_horizon_12,stress,-0.02,12,,,8.0,10.0,2025-09,9,147.5343618513324,-0.4473822524914993,0.17945483930003717,0.5555555555555556,-0.04026440272423494,-1.1133459687647471,-10.020113718882724,-0.0620096104902407,-14.46774468392719,3,0.43576535550814527,0.6219338687808159,-1.7840274040818935,ADAUSDT,SOLUSDT,2025-09,2025-09,,
next_open,fixed_horizon_12,stress,-0.02,12,,,8.0,10.0,2025-10,45,594.3050847457627,-1.097897475301615,0.7744470909840516,0.6,-0.49405386388572686,-1.4388443594071476,-64.74799617332164,-0.9680523765319814,-111.7854243678422,14,0.5183401869128157,1.9691781318693862,-5.698510886058116,SOLUSDT,LTCUSDT,2025-10,2025-10,,
next_open,fixed_horizon_12,stress,-0.02,12,,,8.0,10.0,2025-11,30,613.0069930069931,0.5156775610523833,-0.33909032917302667,0.4,0.154703268315715,0.28477044570031573,8.543113371009472,-0.1877197428301806,-20.65131344766579,10,1.524645491906636,3.746460614188598,-1.6381778077050924,XRPUSDT,LTCUSDT,2025-11,2025-11,0.5283932758113611,1.0000000000000002
next_open,fixed_horizon_12,stress,-0.02,12,,,8.0,10.0,2025-12,18,214.24032586558044,-2.636205253312779,-3.1588559283955266,0.1111111111111111,-0.4745169455963002,-3.373053754399361,-60.714967579188496,-0.4319750284090098,-53.15454689022953,11,0.12749560559201376,3.466963933374958,-3.399101401648746,AVAXUSDT,ADAUSDT,2025-12,2025-12,,
next_open,fixed_horizon_12,stress,-0.02,12,,,8.0,10.0,2026-01,41,596.0298507462686,-0.14595238546806252,0.07480573508968134,0.5121951219512195,-0.059840478041905634,-0.8019779798871971,-32.88109717537508,-0.32223580170128757,-60.631582963892406,6,0.8792925144646373,2.0757494537454395,-2.4787393166422396,XRPUSDT,SOLUSDT,2026-01,2026-01,,
next_open,fixed_horizon_12,stress,-0.02,12,,,8.0,10.0,2026-02,43,597.1295049504951,0.5116965235053148,-0.6960704121568646,0.37209302325581395,0.2200295051072854,-0.9097333243650282,-39.11853294769621,-0.40491909930423575,-47.47624425938743,14,1.371066056385974,5.081221063342969,-2.1961698704725543,XRPUSDT,LTCUSDT,2026-02,2026-02,0.2942400210798439,1.0000000000000002
next_open,fixed_horizon_12,stress,-0.02,12,,,8.0,10.0,2026-03,7,139.69721115537848,0.3560665322389308,0.2576555243193241,0.7142857142857143,0.024924657256725158,1.6783044511680754,11.748131158176527,-0.0028206715105197552,-1.1681468689655068,1,6.639556543633607,0.5868854045750513,-0.22098064860137054,ADAUSDT,SOLUSDT,2026-03,2026-03,0.45585025467942303,1.0
next_open,fixed_horizon_12,stress,-0.02,12,,,8.0,10.0,2026-04,7,112.17915904936015,-0.5837988283515038,-0.9811974516870048,0.2857142857142857,-0.04086591798460526,-1.8422052776514224,-12.895436943559957,-0.04016005174454129,-10.055671444312429,5,0.41871113357185363,1.4718168394425613,-1.4060450954691297,ADAUSDT,AVAXUSDT,2026-04,2026-04,,
next_close,stop_1atr_horizon_12,base,-0.02,12,1.0,,4.0,5.0,2025-05,40,706.5793450881612,-0.43102835256279004,-0.7949970027323018,0.275,-0.17241134102511602,-0.4715390130483576,-18.861560521934305,-0.19077376849102146,-24.421267592386204,12,0.3837112438512873,0.9758732775058868,-0.9646806950026331,SOLUSDT,AVAXUSDT,2025-05,2025-05,,
next_close,stop_1atr_horizon_12,base,-0.02,12,1.0,,4.0,5.0,2025-06,28,602.3263803680982,-0.24021506305633988,-0.7626646256254659,0.21428571428571427,-0.06726021765577517,-0.4031098990874374,-11.287077174448246,-0.1448519123914165,-20.69038343906975,14,0.6398418593119425,1.991528065994379,-0.8488722800701725,ETHUSDT,ADAUSDT,2025-06,2025-06,,
next_close,stop_1atr_horizon_12,base,-0.02,12,1.0,,4.0,5.0,2025-07,28,810.059405940594,-0.8485494227893184,-0.973308362119793,0.10714285714285714,-0.2375938383810092,-0.8937736499056769,-25.02566219735895,-0.23725228546209845,-25.880064197136498,24,0.0786224754087381,0.675807517071262,-1.0314722555725884,SOLUSDT,XRPUSDT,2025-07,2025-07,,
next_close,stop_1atr_horizon_12,base,-0.02,12,1.0,,4.0,5.0,2025-08,15,236.174225415357,-0.7180915926235413,-0.9410662656513734,0.13333333333333333,-0.10771373889353118,-0.9389527943333246,-14.084291914999868,-0.10681888752502645,-13.891120383089634,9,0.12276323314328057,0.7536897300772163,-0.9445194884236578,SOLUSDT,ADAUSDT,2025-08,2025-08,,
next_close,stop_1atr_horizon_12,base,-0.02,12,1.0,,4.0,5.0,2025-09,9,147.5343618513324,-0.45777529430826674,-0.5764015077953895,0.2222222222222222,-0.041199776487744005,-0.909367937486472,-8.184311437378248,-0.0354357614097901,-6.894313416085325,6,0.08404498433093834,0.18901771976330717,-0.6425732983287163,XRPUSDT,SOLUSDT,2025-09,2025-09,,
next_close,stop_1atr_horizon_12,base,-0.02,12,1.0,,4.0,5.0,2025-10,51,673.5457627118643,0.6723487034679652,-0.7602809013003125,0.39215686274509803,0.34289783876866226,-0.10652231683948514,-5.4326381588137425,-0.1420036296887011,-16.225747071382948,14,2.0321129785454235,3.3756340776714127,-1.0717063766632906,XRPUSDT,BNBUSDT,2025-10,2025-10,0.6481892313671981,1.0000000000000002
next_close,stop_1atr_horizon_12,base,-0.02,12,1.0,,4.0,5.0,2025-11,30,613.0069930069931,0.5686246723588299,-0.7973730315334085,0.26666666666666666,0.17058740170764897,0.2714307030795916,8.142921092387748,-0.11688402686033891,-12.595248463587588,11,1.7902029552495018,4.8308170172709515,-0.9812634530637595,XRPUSDT,AVAXUSDT,2025-11,2025-11,0.31079601818318875,1.0000000000000002
next_close,stop_1atr_horizon_12,base,-0.02,12,1.0,,4.0,5.0,2025-12,19,226.14256619144604,-0.6603939396354461,-0.6508103902492313,0.10526315789473684,-0.12547484853073476,-0.9145355508631068,-17.37617546639903,-0.1296035215188851,-16.76322815170374,11,0.19035226162367583,1.474988446371232,-0.9116153968127025,SOLUSDT,ETHUSDT,2025-12,2025-12,,
next_close,stop_1atr_horizon_12,base,-0.02,12,1.0,,4.0,5.0,2026-01,45,654.1791044776119,-0.11320106958289142,-0.5768016973606059,0.2,-0.05094048131230114,-0.4285473573539676,-19.28463108092854,-0.19100652258841905,-31.586599196413758,25,0.814962503480226,2.4928630358456485,-0.7647170959400266,AVAXUSDT,ETHUSDT,2026-01,2026-01,,
next_close,stop_1atr_horizon_12,base,-0.02,12,1.0,,4.0,5.0,2026-02,43,597.1295049504951,0.9402660558885245,-0.47980456402722604,0.3953488372093023,0.40431440403206553,0.11315265819827029,4.865564302525622,-0.24444515794395072,-15.11460924388388,8,2.301802495144162,4.205263843989829,-1.194540190177713,SOLUSDT,LTCUSDT,2026-02,2026-02,0.16661136521557382,1.0
next_close,stop_1atr_horizon_12,base,-0.02,12,1.0,,4.0,5.0,2026-03,7,139.69721115537848,0.8792133339535392,1.17471758377458,0.8571428571428571,0.06154493337674775,4.837711106665137,33.863977746655955,0.0,0.0,1,6.027915260146903,1.2297596647627367,-1.2240646509016455,ADAUSDT,SOLUSDT,2026-03,2026-03,0.38398856673988513,0.9999999999999999
next_close,stop_1atr_horizon_12,base,-0.02,12,1.0,,4.0,5.0,2026-04,7,112.17915904936015,-0.5555613967936228,-0.5416787510343173,0.0,-0.0388892977755536,-1.3096318001545966,-9.167422601082176,-0.034081532086267324,-7.79812766288224,7,0.0,0.0,-0.5555613967936228,ETHUSDT,AVAXUSDT,2026-04,2026-04,,
next_open,stop_1atr_horizon_12,base,-0.02,12,1.0,,4.0,5.0,2025-05,40,706.5793450881612,0.6066673032864561,1.1400479070275884,0.625,0.24266692131458248,0.9936457965149401,39.745831860597605,-0.05276920046692285,-8.526544799798252,7,2.609782057596766,1.5736484929258185,-1.0049680127791478,AVAXUSDT,ETHUSDT,2025-05,2025-05,0.28359659243261565,1.0
next_open,stop_1atr_horizon_12,base,-0.02,12,1.0,,4.0,5.0,2025-06,28,602.3263803680982,-0.6368352188310682,-0.8357966866022061,0.10714285714285714,-0.1783138612726991,-0.957377680354376,-26.80657504992253,-0.18740289715941894,-27.50184366421133,17,0.15555234894359923,1.0948829464827248,-0.8446413986687236,LTCUSDT,ETHUSDT,2025-06,2025-06,,
next_open,stop_1atr_horizon_12,base,-0.02,12,1.0,,4.0,5.0,2025-07,23,667.0570719602978,-0.8847176614596542,-0.9666215320451881,0.08695652173913043,-0.20348506213572048,-0.9246733037133438,-21.267485985406907,-0.1885076945293278,-21.906364689823658,19,0.11433719864434329,1.3134746054003845,-1.094069305922515,AVAXUSDT,ADAUSDT,2025-07,2025-07,,
next_open,stop_1atr_horizon_12,base,-0.02,12,1.0,,4.0,5.0,2025-08,15,236.174225415357,-0.6869095092821881,-0.927248153749826,0.13333333333333333,-0.10303642639232821,-0.9027198111575816,-13.540797167363724,-0.10951010194844742,-14.049166121570387,9,0.1544568529086853,0.9410922559223172,-0.9373713193136506,SOLUSDT,ADAUSDT,2025-08,2025-08,,
next_open,stop_1atr_horizon_12,base,-0.02,12,1.0,,4.0,5.0,2025-09,9,147.5343618513324,-0.17594863060546737,-0.560621920848127,0.3333333333333333,-0.015835376754492064,-0.4200718253691934,-3.780646428322741,-0.023684486494721886,-5.141169734088888,5,0.5762406482281638,0.7177806403400114,-0.6228132660782068,XRPUSDT,SOLUSDT,2025-09,2025-09,,
next_open,stop_1atr_horizon_12,base,-0.02,12,1.0,,4.0,5.0,2025-10,56,739.5796610169491,2.7259729810284847,1.3461881044708686,0.6071428571428571,1.5265448693759516,1.3448135374677368,75.30955809819326,-0.1903553435025762,-18.402642829993113,16,6.9947494832101915,5.238799565632871,-1.1574862860873847,ADAUSDT,LTCUSDT,2025-10,2025-10,0.2967524542426023,1.0
next_open,stop_1atr_horizon_12,base,-0.02,12,1.0,,4.0,5.0,2025-11,30,613.0069930069931,0.48378370947457966,-0.858300904469422,0.23333333333333334,0.1451351128423739,0.193978158434042,5.8193447530212605,-0.10513030557008393,-13.073018607532726,12,1.641975837650798,5.303011077131342,-0.9829376632905223,XRPUSDT,SOLUSDT,2025-11,2025-11,0.6563215690048287,0.9999999999999998
next_open,stop_1atr_horizon_12,base,-0.02,12,1.0,,4.0,5.0,2025-12,19,226.14256619144604,-0.8025322854423924,-0.8394199954007509,0.05263157894736842,-0.15248113423405454,-1.0463119833936276,-19.879927684478925,-0.14555666321135702,-18.64994634765876,13,0.09492868618103396,1.5993031178013846,-0.9359675856226021,LINKUSDT,ETHUSDT,2025-12,2025-12,,
next_open,stop_1atr_horizon_12,base,-0.02,12,1.0,,4.0,5.0,2026-01,46,670.3840399002494,-0.388685645901581,-0.6419675263187253,0.10869565217391304,-0.17879539711472725,-0.7107465488142664,-32.69434124545625,-0.22148777113758272,-33.75612228283463,27,0.46105797385885183,3.059143267013113,-0.8091525865009339,AVAXUSDT,ETHUSDT,2026-01,2026-01,,
next_open,stop_1atr_horizon_12,base,-0.02,12,1.0,,4.0,5.0,2026-02,45,624.9029702970297,0.05717250922080423,-0.7092440779232018,0.24444444444444444,0.025727629149361907,-0.29659676097029103,-13.346854243663095,-0.31748073344990735,-20.199996653956568,16,1.0568555390303545,4.347603487131492,-1.3309081012797122,XRPUSDT,ADAUSDT,2026-02,2026-02,4.278211760277372,1.0
next_open,stop_1atr_horizon_12,base,-0.02,12,1.0,,4.0,5.0,2026-03,7,139.69721115537848,-0.29473588981868387,-0.322864777203058,0.14285714285714285,-0.02063151228730787,-1.3896937341615256,-9.72785613913068,-0.020832672859372518,-9.746124624692186,6,0.009656013581288838,0.020116057206464838,-0.3472112143228753,ETHUSDT,ADAUSDT,2026-03,2026-03,,
next_open,stop_1atr_horizon_12,base,-0.02,12,1.0,,4.0,5.0,2026-04,7,112.17915904936015,-0.5540091610823498,-0.539812482897259,0.0,-0.038780641275764485,-1.3109302675998598,-9.176511873199019,-0.03399572878315099,-7.804789428519056,7,0.0,0.0,-0.5540091610823498,ETHUSDT,AVAXUSDT,2026-04,2026-04,,
next_close,stop_1atr_horizon_12,stress,-0.02,12,1.0,,8.0,10.0,2025-05,40,706.5793450881612,-0.5742586568387079,-0.9240064704737214,0.275,-0.22970346273548317,-0.6721404091156262,-26.88561636462505,-0.23953969538637543,-30.651434308746644,12,0.27561486333030777,0.7945257204852042,-1.093452730996054,SOLUSDT,AVAXUSDT,2025-05,2025-05,,
next_close,stop_1atr_horizon_12,stress,-0.02,12,1.0,,8.0,10.0,2025-06,28,602.3263803680982,-0.38068513969515205,-0.8917193347964668,0.21428571428571427,-0.10659183911464258,-0.601066256629062,-16.829855185613734,-0.17687568059947834,-25.450679409076518,14,0.5044945724227369,1.8087593429878808,-0.97780636224507,SOLUSDT,ADAUSDT,2025-06,2025-06,,
next_close,stop_1atr_horizon_12,stress,-0.02,12,1.0,,8.0,10.0,2025-07,28,810.059405940594,-0.9999759743188107,-1.10529639943293,0.10714285714285714,-0.279993272809267,-1.057099594490976,-29.59878864574733,-0.2729515173803518,-29.914299027024917,24,0.05035412983787452,0.4948798303225136,-1.1793586708757697,SOLUSDT,XRPUSDT,2025-07,2025-07,,
next_close,stop_1atr_horizon_12,stress,-0.02,12,1.0,,8.0,10.0,2025-08,15,236.174225415357,-0.85385669507075,-1.0698713443913457,0.13333333333333333,-0.12807850426061249,-1.1051619272425688,-16.57742890863853,-0.12408386570588137,-16.067994340354222,9,0.08208222468234361,0.5726530657966592,-1.0733197352041977,SOLUSDT,ADAUSDT,2025-08,2025-08,,
next_close,stop_1atr_horizon_12,stress,-0.02,12,1.0,,8.0,10.0,2025-09,9,147.5343618513324,-0.6645368115443728,-0.7565762652322705,0.1111111111111111,-0.05980831303899356,-1.3195705814409513,-11.876135232968561,-0.05275114456243807,-10.29593760346997,7,0.028951613171345755,0.17831728748252737,-0.7698935739227354,LINKUSDT,SOLUSDT,2025-09,2025-09,,
next_close,stop_1atr_horizon_12,stress,-0.02,12,1.0,,8.0,10.0,2025-10,51,673.5457627118643,0.518800072873548,-0.8893389459234312,0.37254901960784315,0.2645880371655095,-0.24634776759188184,-12.563736147185974,-0.1600219921982746,-18.45304779689543,14,1.7052249979581977,3.367213050270288,-1.1724451324557665,XRPUSDT,BNBUSDT,2025-10,2025-10,0.8104991744041038,0.9999999999999998
next_close,stop_1atr_horizon_12,stress,-0.02,12,1.0,,8.0,10.0,2025-11,30,613.0069930069931,0.34051104864345616,-0.9888484977589738,0.23333333333333334,0.10215331459303685,-0.0007206557622979688,-0.021619672868939066,-0.1310338819690252,-14.191611457253813,11,1.4007266592527539,5.101050011365495,-1.108348635663251,XRPUSDT,AVAXUSDT,2025-11,2025-11,0.4575634271335599,1.0000000000000002
next_close,stop_1atr_horizon_12,stress,-0.02,12,1.0,,8.0,10.0,2025-12,19,226.14256619144604,-0.7974644121453769,-0.8084268566716682,0.10526315789473684,-0.1515182383076216,-1.1228095579797917,-21.33338160161604,-0.15074027433111006,-20.08418163421679,11,0.14578461173335955,1.2929424970335606,-1.0433946367546634,SOLUSDT,ETHUSDT,2025-12,2025-12,,
next_close,stop_1atr_horizon_12,stress,-0.02,12,1.0,,8.0,10.0,2026-01,46,668.7164179104477,-0.23387610159981068,-0.7054955852099234,0.21739130434782608,-0.10758300673591291,-0.6481036643997546,-29.81276856238871,-0.2232697236200949,-38.177779287347335,25,0.6656387637935417,2.141738092051655,-0.893768933169662,AVAXUSDT,ETHUSDT,2026-01,2026-01,,
next_close,stop_1atr_horizon_12,stress,-0.02,12,1.0,,8.0,10.0,2026-02,43,597.1295049504951,0.7879567992987749,-0.6092550682093223,0.37209302325581395,0.33882142369847323,-0.040523447963730676,-1.7425082624404191,-0.26771963970567875,-17.72861658307897,10,1.978689974841484,4.281377220875503,-1.2822182653392862,SOLUSDT,LTCUSDT,2026-02,2026-02,0.176393268919341,1.0000000000000002
next_close,stop_1atr_horizon_12,stress,-0.02,12,1.0,,8.0,10.0,2026-03,7,139.69721115537848,0.2720480866760257,0.46094253708674016,0.5714285714285714,0.0190433660673218,1.5298159964945888,10.708711975462121,-0.008598405493371677,-5.050246318692136,2,1.8607893620636502,1.0291627242872465,-0.737438096805602,ADAUSDT,LINKUSDT,2026-03,2026-03,1.0502261768578398,1.0
next_close,stop_1atr_horizon_12,stress,-0.02,12,1.0,,8.0,10.0,2026-04,7,112.17915904936015,-0.684905897405281,-0.6710426770887258,0.0,-0.04794341281836967,-1.6194787660769676,-11.336351362538773,-0.04184115568814625,-9.597505056938765,7,0.0,0.0,-0.684905897405281,ETHUSDT,AVAXUSDT,2026-04,2026-04,,
next_open,stop_1atr_horizon_12,stress,-0.02,12,1.0,,8.0,10.0,2025-05,40,706.5793450881612,0.4445339291647955,0.9584706268747208,0.625,0.1778135716659182,0.7695687940867131,30.78275176346852,-0.061803893905257895,-10.054152524522507,7,2.0456389519242153,1.391464492447229,-1.1336836763059273,AVAXUSDT,ETHUSDT,2025-05,2025-05,0.32856262566448113,1.0
next_open,stop_1atr_horizon_12,stress,-0.02,12,1.0,,8.0,10.0,2025-06,28,602.3263803680982,-0.8306296770488383,-0.9760404920432005,0.07142857142857142,-0.23257630957367473,-1.2067955985477334,-33.790276759336535,-0.22038123677294275,-32.52169685227271,17,0.09172553293485802,1.1743799213359263,-0.9848611846168972,LTCUSDT,ETHUSDT,2025-06,2025-06,,
next_open,stop_1atr_horizon_12,stress,-0.02,12,1.0,,8.0,10.0,2025-07,23,667.0570719602978,-1.1178121489549453,-1.1020881044483355,0.043478260869565216,-0.25709679425963744,-1.1795294290781566,-27.1291768687976,-0.23598518781296965,-25.99082554180725,19,0.04340956862291248,1.1666916756712875,-1.221653231892501,SOLUSDT,ADAUSDT,2025-07,2025-07,,
next_open,stop_1atr_horizon_12,stress,-0.02,12,1.0,,8.0,10.0,2025-08,15,236.174225415357,-0.8227182435979314,-1.0560725676328464,0.13333333333333333,-0.12340773653968971,-1.0701578448247104,-16.052367672370657,-0.12677131441831174,-16.244142033299852,9,0.10963544170530314,0.7597933666235615,-1.0661815682473919,SOLUSDT,ADAUSDT,2025-08,2025-08,,
next_open,stop_1atr_horizon_12,stress,-0.02,12,1.0,,8.0,10.0,2025-09,9,147.5343618513324,-0.32244436844026003,-0.6899593404665838,0.3333333333333333,-0.029019993159623406,-0.7061882626432697,-6.355694363789428,-0.028856220756971487,-6.2831327981625975,5,0.35688083874682736,0.5367942222429779,-0.752063663781879,XRPUSDT,SOLUSDT,2025-09,2025-09,,
next_open,stop_1atr_horizon_12,stress,-0.02,12,1.0,,8.0,10.0,2025-10,56,739.5796610169491,2.559983785082242,1.1643223804094822,0.6071428571428571,1.4335909196460552,1.1932785587112384,66.82359928782935,-0.2109084868703424,-20.80696370104172,16,6.049372266130905,5.051487062737485,-1.2905212803849524,ADAUSDT,LTCUSDT,2025-10,2025-10,0.3083667282073664,1.0000000000000002
next_open,stop_1atr_horizon_12,stress,-0.02,12,1.0,,8.0,10.0,2025-11,31,633.4405594405595,-0.1932238064195215,-1.0891677487995455,0.16129032258064516,-0.05989937999005166,-0.401684752080337,-12.452227314490447,-0.16330197915252137,-18.51852840633654,13,0.8018922048841223,4.849162635253087,-1.162913506741177,XRPUSDT,LTCUSDT,2025-11,2025-11,,
next_open,stop_1atr_horizon_12,stress,-0.02,12,1.0,,8.0,10.0,2025-12,19,226.14256619144604,-0.9341554293482377,-0.9683673037875441,0.05263157894736842,-0.17748953157616518,-1.249888912008118,-23.747889328154244,-0.16927353093544129,-22.287766575548567,13,0.07393720808541734,1.4170832198104997,-1.0647797987459453,BNBUSDT,ETHUSDT,2025-12,2025-12,,
next_open,stop_1atr_horizon_12,stress,-0.02,12,1.0,,8.0,10.0,2026-01,46,670.3840399002494,-0.5236832339818573,-0.771191122215866,0.10869565217391304,-0.2408942876316544,-0.949699915487573,-43.68619611242836,-0.25631075846992263,-42.94152090324513,27,0.3737122009450526,2.8748806718496445,-0.9381422468881381,AVAXUSDT,ETHUSDT,2026-01,2026-01,,
next_open,stop_1atr_horizon_12,stress,-0.02,12,1.0,,8.0,10.0,2026-02,45,624.9029702970297,-0.08743341790696808,-0.8383735363753361,0.2222222222222222,-0.039345038058135634,-0.44272421826858493,-19.922589822086323,-0.35026015250294507,-26.097632951048205,16,0.9208625096804519,4.578281462223478,-1.4204948122299528,XRPUSDT,ADAUSDT,2026-02,2026-02,,
next_open,stop_1atr_horizon_12,stress,-0.02,12,1.0,,8.0,10.0,2026-03,7,139.69721115537848,-0.4315682361832053,-0.4525348810851655,0.0,-0.03020977653282437,-1.948589623783035,-13.640127366481245,-0.028610835071316714,-13.494846228513332,7,0.0,0.0,-0.4315682361832053,ETHUSDT,ADAUSDT,2026-03,2026-03,,
next_open,stop_1atr_horizon_12,stress,-0.02,12,1.0,,8.0,10.0,2026-04,7,112.17915904936015,-0.6833558336766745,-0.6691790203476111,0.0,-0.047834908357367215,-1.6220765989964032,-11.354536192974823,-0.0417554724462333,-9.610833195534857,7,0.0,0.0,-0.6833558336766745,ETHUSDT,AVAXUSDT,2026-04,2026-04,,
next_close,stop_1atr_tp_1_5r,base,-0.02,12,1.0,1.5,4.0,5.0,2025-05,40,706.5793450881612,-0.3371492648849309,-0.756304963230589,0.325,-0.13485970595397237,-0.3839144458646605,-15.356577834586421,-0.14543006890385762,-19.021887838405814,10,0.4892598861391033,0.9937531013874737,-0.9779541079049778,SOLUSDT,AVAXUSDT,2025-05,2025-05,,
next_close,stop_1atr_tp_1_5r,base,-0.02,12,1.0,1.5,4.0,5.0,2025-06,28,602.3263803680982,0.11586872319599513,0.5982784879542692,0.5357142857142857,0.032443242494878635,0.153351026196983,4.293828733515523,-0.09218889933580136,-11.820076750636442,10,1.2790502699311843,0.9913754507566147,-0.8943313470662579,AVAXUSDT,ADAUSDT,2025-06,2025-06,0.7257198172776106,0.9999999999999998
next_close,stop_1atr_tp_1_5r,base,-0.02,12,1.0,1.5,4.0,5.0,2025-07,28,810.059405940594,-0.4212527121958536,-0.9517129584503979,0.32142857142857145,-0.117950759414839,-0.3804355198029574,-10.652194554482808,-0.12706004251957587,-12.519031187806197,11,0.4491987620512922,1.068813362985244,-1.1270734846500576,SOLUSDT,LTCUSDT,2025-07,2025-07,,
next_close,stop_1atr_tp_1_5r,base,-0.02,12,1.0,1.5,4.0,5.0,2025-08,15,236.174225415357,-0.6890859799076393,-0.9410662656513734,0.13333333333333333,-0.1033628969861459,-0.9105864073492338,-13.658796110238507,-0.10681888752502645,-13.891120383089634,9,0.15819713904187718,0.9712318254464806,-0.9445194884236578,SOLUSDT,ADAUSDT,2025-08,2025-08,,
next_close,stop_1atr_tp_1_5r,base,-0.02,12,1.0,1.5,4.0,5.0,2025-09,9,147.5343618513324,-0.2926702677168006,-0.5764015077953895,0.3333333333333333,-0.026340324094512053,-0.5568160381387971,-5.011344343249174,-0.021960209651211177,-3.7213463219562515,3,0.3304400606960912,0.43331436971344023,-0.655662586431921,LINKUSDT,ADAUSDT,2025-09,2025-09,,
next_close,stop_1atr_tp_1_5r,base,-0.02,12,1.0,1.5,4.0,5.0,2025-10,52,686.7525423728813,0.41417058559769687,-0.6478420449935893,0.46153846153846156,0.21536870451080237,-0.12546119127408423,-6.5239819462523805,-0.14200362968870106,-16.225747071382948,14,1.7089788350009318,2.1630908872033254,-1.0849039586356992,ADAUSDT,BNBUSDT,2025-10,2025-10,0.4883081225658303,0.9999999999999999
next_close,stop_1atr_tp_1_5r,base,-0.02,12,1.0,1.5,4.0,5.0,2025-11,31,633.4405594405595,-0.13753181520151908,-0.698023975151185,0.3548387096774194,-0.04263486271247091,-0.2666996482389414,-8.267689095407183,-0.09184172149564712,-11.391636399658601,8,0.7877318447691379,1.4383538517994283,-1.0042689320520402,ADAUSDT,LTCUSDT,2025-11,2025-11,,
next_close,stop_1atr_tp_1_5r,base,-0.02,12,1.0,1.5,4.0,5.0,2025-12,19,226.14256619144604,-0.374512805891863,-0.6293253913097409,0.21052631578947367,-0.07115743311945397,-0.6575180945299606,-12.49284379606925,-0.073978964988005,-11.767349490712416,5,0.4531674274550738,1.4742277860743274,-0.867510297082847,LTCUSDT,ETHUSDT,2025-12,2025-12,,
next_close,stop_1atr_tp_1_5r,base,-0.02,12,1.0,1.5,4.0,5.0,2026-01,46,668.7164179104477,-0.24439695531162728,-0.5267740577231894,0.34782608695652173,-0.11242259944334854,-0.37698545885985946,-17.341331107553536,-0.12844247495117883,-18.363530529264803,11,0.5513933548314378,0.8636334711817345,-0.835346516108087,LTCUSDT,ETHUSDT,2026-01,2026-01,,
next_close,stop_1atr_tp_1_5r,base,-0.02,12,1.0,1.5,4.0,5.0,2026-02,45,624.9029702970297,0.5821877305409734,0.4237960465002171,0.5111111111111111,0.26198447874343805,0.11542565299245759,5.1941543846605915,-0.20526059027275234,-14.158291974959369,10,1.925430040060566,2.369910126695689,-1.2867947745298653,ETHUSDT,LTCUSDT,2026-02,2026-02,0.2361247034257491,1.0
next_close,stop_1atr_tp_1_5r,base,-0.02,12,1.0,1.5,4.0,5.0,2026-03,7,139.69721115537848,-0.0053782246775321025,0.16146782219983413,0.8571428571428571,-0.00037647572742724716,0.5922582955648882,4.145808068954217,0.0,0.0,1,0.9692438036544937,0.19773617969315346,-1.2240646509016455,ADAUSDT,SOLUSDT,2026-03,2026-03,,
next_close,stop_1atr_tp_1_5r,base,-0.02,12,1.0,1.5,4.0,5.0,2026-04,7,112.17915904936015,-0.5555613967936228,-0.5416787510343173,0.0,-0.0388892977755536,-1.3096318001545966,-9.167422601082176,-0.034081532086267324,-7.79812766288224,7,0.0,0.0,-0.5555613967936228,ETHUSDT,AVAXUSDT,2026-04,2026-04,,
next_open,stop_1atr_tp_1_5r,base,-0.02,12,1.0,1.5,4.0,5.0,2025-05,40,706.5793450881612,0.4966951359929161,0.8254563774919701,0.725,0.19867805439716643,0.625521299553852,25.02085198215408,-0.05276920046692285,-8.526544799798252,7,2.784547705921125,1.0690017125480944,-1.0121131112889183,XRPUSDT,SOLUSDT,2025-05,2025-05,0.2698192500844778,1.0
next_open,stop_1atr_tp_1_5r,base,-0.02,12,1.0,1.5,4.0,5.0,2025-06,28,602.3263803680982,-0.524474972933059,-0.807837314861396,0.14285714285714285,-0.14685299242125652,-0.8285591728691316,-23.199656840335685,-0.16541509135124444,-24.818973560060087,13,0.27251159955150545,1.3752502390062178,-0.8410958415896052,LTCUSDT,ETHUSDT,2025-06,2025-06,,
next_open,stop_1atr_tp_1_5r,base,-0.02,12,1.0,1.5,4.0,5.0,2025-07,28,810.059405940594,-0.20502006231544928,-0.9265806514381282,0.39285714285714285,-0.0574056174483258,-0.15759212093144043,-4.412579386080332,-0.1299743482630534,-14.975293183212699,13,0.7089568894889805,1.2712302284609318,-1.1602408387001666,LINKUSDT,XRPUSDT,2025-07,2025-07,,
next_open,stop_1atr_tp_1_5r,base,-0.02,12,1.0,1.5,4.0,5.0,2025-08,15,236.174225415357,-0.7058667392901358,-0.927248153749826,0.13333333333333333,-0.10588001089352037,-0.9211261397530368,-13.816892096295552,-0.10951010194844742,-14.049166121570387,9,0.13112167454173523,0.7989130308627095,-0.9373713193136506,SOLUSDT,ADAUSDT,2025-08,2025-08,,
next_open,stop_1atr_tp_1_5r,base,-0.02,12,1.0,1.5,4.0,5.0,2025-09,9,147.5343618513324,-0.04538724512457412,-0.5095617739582549,0.4444444444444444,-0.004084852061211671,-0.14598376723329984,-1.3138539050996985,-0.01698546782832259,-3.9015476141226486,3,0.8706293014169963,0.6872483366399095,-0.6314957105361609,ADAUSDT,SOLUSDT,2025-09,2025-09,,
next_open,stop_1atr_tp_1_5r,base,-0.02,12,1.0,1.5,4.0,5.0,2025-10,61,805.6135593220339,0.913975476852175,0.8911008508968186,0.639344262295082,0.5575250408798267,0.39087513807558233,23.843383422610522,-0.1299779137785405,-14.938789191052294,9,3.376141553654295,2.0311785856688407,-1.066520943322824,ADAUSDT,LTCUSDT,2025-10,2025-10,0.3097734399053632,1.0000000000000002
next_open,stop_1atr_tp_1_5r,base,-0.02,12,1.0,1.5,4.0,5.0,2025-11,31,633.4405594405595,0.06622633458380414,-0.6648706680169474,0.3870967741935484,0.020530163720979284,-0.18627536064188446,-5.774536179898418,-0.09437227622321898,-10.336572310829256,9,1.1176190464364604,1.6256509678345656,-0.9186734337850978,ADAUSDT,SOLUSDT,2025-11,2025-11,1.1408745616241813,1.0000000000000004
next_open,stop_1atr_tp_1_5r,base,-0.02,12,1.0,1.5,4.0,5.0,2025-12,19,226.14256619144604,-0.82280157981656,-0.8394199954007509,0.05263157894736842,-0.15633230016514638,-1.0689108084176249,-20.30930535993487,-0.14940782914244885,-19.079324023114705,13,0.07206959724195344,1.214186524692201,-0.9359675856226021,BNBUSDT,ETHUSDT,2025-12,2025-12,,
next_open,stop_1atr_tp_1_5r,base,-0.02,12,1.0,1.5,4.0,5.0,2026-01,46,670.3840399002494,-0.42024228511835365,-0.6408636776776782,0.2826086956521739,-0.19331145115444268,-0.5254072400586087,-24.168733042696,-0.1895033856391752,-23.24425343579827,15,0.329239859637515,0.7298933210773519,-0.8733260087712074,BTCUSDT,SOLUSDT,2026-01,2026-01,,
next_open,stop_1atr_tp_1_5r,base,-0.02,12,1.0,1.5,4.0,5.0,2026-02,45,624.9029702970297,-0.09872169557361529,-0.5745906162979706,0.35555555555555557,-0.04442476300812689,-0.2774652720582793,-12.485937242622569,-0.1982684027415189,-16.966435101573165,9,0.8928927838966904,2.3146520701052165,-1.4302382559481435,XRPUSDT,AVAXUSDT,2026-02,2026-02,,
next_open,stop_1atr_tp_1_5r,base,-0.02,12,1.0,1.5,4.0,5.0,2026-03,7,139.69721115537848,-0.29473588981868387,-0.322864777203058,0.14285714285714285,-0.02063151228730787,-1.3896937341615256,-9.72785613913068,-0.020832672859372518,-9.746124624692186,6,0.009656013581288838,0.020116057206464838,-0.3472112143228753,ETHUSDT,ADAUSDT,2026-03,2026-03,,
next_open,stop_1atr_tp_1_5r,base,-0.02,12,1.0,1.5,4.0,5.0,2026-04,7,112.17915904936015,-0.5540091610823498,-0.539812482897259,0.0,-0.038780641275764485,-1.3109302675998598,-9.176511873199019,-0.03399572878315099,-7.804789428519056,7,0.0,0.0,-0.5540091610823498,ETHUSDT,AVAXUSDT,2026-04,2026-04,,
next_close,stop_1atr_tp_1_5r,stress,-0.02,12,1.0,1.5,8.0,10.0,2025-05,40,706.5793450881612,-0.4680458855381176,-0.8853685712282169,0.325,-0.18721835421524705,-0.5652767382415891,-22.611069529663563,-0.19126783267376857,-24.94077156815781,10,0.3734557076131698,0.858405307201646,-1.106707570931337,SOLUSDT,AVAXUSDT,2025-05,2025-05,,
next_close,stop_1atr_tp_1_5r,stress,-0.02,12,1.0,1.5,8.0,10.0,2025-06,28,602.3263803680982,-0.15232824911393517,-0.7222438267330257,0.42857142857142855,-0.04265190975190185,-0.30008712301856144,-8.40243944451972,-0.12831594278180386,-18.758248358656488,13,0.7270454017913249,0.9467348253228425,-0.9766255549415184,XRPUSDT,ADAUSDT,2025-06,2025-06,,
next_close,stop_1atr_tp_1_5r,stress,-0.02,12,1.0,1.5,8.0,10.0,2025-07,28,810.059405940594,-0.5525658663999684,-1.0805031396899283,0.32142857142857145,-0.15471844259199116,-0.521302989364378,-14.596483702202585,-0.15811150259824994,-16.01817106134793,11,0.351468835254067,0.9316559183814096,-1.2556182907700948,SOLUSDT,LTCUSDT,2025-07,2025-07,,
next_close,stop_1atr_tp_1_5r,stress,-0.02,12,1.0,1.5,8.0,10.0,2025-08,15,236.174225415357,-0.8215676567852304,-1.0698713443913457,0.13333333333333333,-0.12323514851778455,-1.0735686939901632,-16.103530409852446,-0.12408386570588137,-16.067994340354222,9,0.11679376628094285,0.8148208529380564,-1.0733197352041977,SOLUSDT,ADAUSDT,2025-08,2025-08,,
next_close,stop_1atr_tp_1_5r,stress,-0.02,12,1.0,1.5,8.0,10.0,2025-09,9,147.5343618513324,-0.49412278997324693,-0.7565762652322705,0.2222222222222222,-0.044471051097592224,-0.9579983019317854,-8.621984717386068,-0.03741388262103673,-7.041787087887474,4,0.18637295561378286,0.5093366358392295,-0.780825483062526,LINKUSDT,ADAUSDT,2025-09,2025-09,,
next_close,stop_1atr_tp_1_5r,stress,-0.02,12,1.0,1.5,8.0,10.0,2025-10,52,686.7525423728813,0.216921563541169,-0.8483527824122015,0.4230769230769231,0.1127992130414079,-0.30311548150034107,-15.762005038017735,-0.1600219921982746,-18.908098876895203,14,1.3165740725588888,2.132324730870898,-1.187707425833966,ADAUSDT,BNBUSDT,2025-10,2025-10,0.8485521499542044,1.0000000000000002
next_close,stop_1atr_tp_1_5r,stress,-0.02,12,1.0,1.5,8.0,10.0,2025-11,31,633.4405594405595,-0.39486035510842904,-0.9029019385164008,0.2903225806451613,-0.12240671008361301,-0.5816026817778458,-18.02968313511322,-0.13587801969643123,-19.190476319794065,11,0.5056132115896609,1.3909588213647652,-1.1254227454838268,ADAUSDT,LTCUSDT,2025-11,2025-11,,
next_close,stop_1atr_tp_1_5r,stress,-0.02,12,1.0,1.5,8.0,10.0,2025-12,19,226.14256619144604,-0.5067348606998172,-0.7693471245995416,0.21052631578947367,-0.09627962353296528,-0.8608242709794982,-16.355661148610466,-0.09469494926645419,-15.036967392182623,5,0.35797039966032956,1.3420430809189938,-0.999742311798167,LTCUSDT,ETHUSDT,2025-12,2025-12,,
next_close,stop_1atr_tp_1_5r,stress,-0.02,12,1.0,1.5,8.0,10.0,2026-01,48,697.7910447761193,-0.33054513644668454,-0.6561588393314758,0.3541666666666667,-0.15866166549440858,-0.5965383163063832,-28.633839182706396,-0.187297364598261,-30.729393432979073,14,0.4646157641659615,0.8099373916741426,-0.9559710389645574,AVAXUSDT,ETHUSDT,2026-01,2026-01,,
next_close,stop_1atr_tp_1_5r,stress,-0.02,12,1.0,1.5,8.0,10.0,2026-02,45,624.9029702970297,0.4501432181187631,0.24322098953678684,0.5111111111111111,0.2025644481534434,-0.022789609759580085,-1.0255324391811038,-0.2179855647566652,-17.72861658307897,10,1.6506515605523633,2.234304294399077,-1.4151160889015655,ETHUSDT,LTCUSDT,2026-02,2026-02,0.2599958523069049,0.9999999999999999
next_close,stop_1atr_tp_1_5r,stress,-0.02,12,1.0,1.5,8.0,10.0,2026-03,7,139.69721115537848,-0.25692134268438555,0.031120010671487022,0.5714285714285714,-0.01798449398790699,-0.6717207527136279,-4.702045268995395,-0.008598405493371677,-5.050246318692135,2,0.18707328041900137,0.10346622290652681,-0.737438096805602,ADAUSDT,SOLUSDT,2026-03,2026-03,,
next_close,stop_1atr_tp_1_5r,stress,-0.02,12,1.0,1.5,8.0,10.0,2026-04,7,112.17915904936015,-0.684905897405281,-0.6710426770887258,0.0,-0.04794341281836967,-1.6194787660769676,-11.336351362538773,-0.04184115568814625,-9.597505056938765,7,0.0,0.0,-0.684905897405281,ETHUSDT,AVAXUSDT,2026-04,2026-04,,
next_open,stop_1atr_tp_1_5r,stress,-0.02,12,1.0,1.5,8.0,10.0,2025-05,40,706.5793450881612,0.3086149187911561,0.6721762257712636,0.725,0.12344596751646245,0.4041532420664452,16.166129682657807,-0.06180389390525791,-10.054152524522507,7,1.9837110775147666,0.858400113730894,-1.1408187769590616,XRPUSDT,SOLUSDT,2025-05,2025-05,0.27416560410096547,0.9999999999999999
next_open,stop_1atr_tp_1_5r,stress,-0.02,12,1.0,1.5,8.0,10.0,2025-06,28,602.3263803680982,-0.743767951585767,-0.9647490649431729,0.10714285714285714,-0.20825502644401478,-1.103515364295184,-30.898430200265153,-0.19771410147082527,-29.641300401182473,13,0.15163587493152056,1.2407774842033423,-0.98191340388046,LTCUSDT,ETHUSDT,2025-06,2025-06,,
next_open,stop_1atr_tp_1_5r,stress,-0.02,12,1.0,1.5,8.0,10.0,2025-07,28,810.059405940594,-0.5225583366958595,-1.0791964811114902,0.32142857142857145,-0.14631633427484064,-0.475673901780082,-13.318869249842296,-0.16973666315996996,-18.129106998835336,13,0.4035374789828724,1.0998944720244297,-1.2910886145107332,LINKUSDT,ADAUSDT,2025-07,2025-07,,
next_open,stop_1atr_tp_1_5r,stress,-0.02,12,1.0,1.5,8.0,10.0,2025-08,15,236.174225415357,-0.8383249355080333,-1.0560725676328464,0.13333333333333333,-0.125748740326205,-1.0853185755134815,-16.27977863270222,-0.12677131441831174,-16.244142033299852,9,0.09274552166632291,0.6427431772977971,-1.0661815682473919,SOLUSDT,ADAUSDT,2025-08,2025-08,,
next_open,stop_1atr_tp_1_5r,stress,-0.02,12,1.0,1.5,8.0,10.0,2025-09,9,147.5343618513324,-0.175445612454938,-0.6389706400414091,0.4444444444444444,-0.01579010512094442,-0.40325634055531157,-3.6293070649978043,-0.020865357005889512,-4.803721811633565,3,0.5848718220277932,0.5561648210203798,-0.7607339592351923,ADAUSDT,SOLUSDT,2025-09,2025-09,,
next_open,stop_1atr_tp_1_5r,stress,-0.02,12,1.0,1.5,8.0,10.0,2025-10,61,805.6135593220339,0.7719487708593338,0.7590903265299822,0.639344262295082,0.47088875022419363,0.27125201843180563,16.546373124340143,-0.14931432216087467,-17.37927784415206,9,2.7774248734947924,1.8867083657194104,-1.2042159654835292,ADAUSDT,LTCUSDT,2025-10,2025-10,0.34373395326612505,1.0000000000000002
next_open,stop_1atr_tp_1_5r,stress,-0.02,12,1.0,1.5,8.0,10.0,2025-11,31,633.4405594405595,-0.25689734263072994,-0.8646888877748955,0.3225806451612903,-0.07963817621552628,-0.5013993381876227,-15.543379483816304,-0.10740493297204812,-17.882319969469286,9,0.650933283619385,1.4850782705076762,-1.0864095393633044,XRPUSDT,SOLUSDT,2025-11,2025-11,,
next_open,stop_1atr_tp_1_5r,stress,-0.02,12,1.0,1.5,8.0,10.0,2025-12,19,226.14256619144604,-0.9517721417017314,-0.9683673037875441,0.05263157894736842,-0.18083670692332898,-1.2695401120766725,-24.121262129456778,-0.1726207062826051,-22.6611393768511,13,0.056473110234147555,1.082365685094118,-1.0647797987459453,BNBUSDT,ETHUSDT,2025-12,2025-12,,
next_open,stop_1atr_tp_1_5r,stress,-0.02,12,1.0,1.5,8.0,10.0,2026-01,46,670.3840399002494,-0.6131470485117512,-0.7700888181470096,0.21739130434782608,-0.2820476423154055,-0.9202470533677848,-42.3313644549181,-0.2743412489993685,-41.05496544610497,16,0.19459230736929614,0.6814474459134608,-0.9727566302965323,BTCUSDT,ETHUSDT,2026-01,2026-01,,
next_open,stop_1atr_tp_1_5r,stress,-0.02,12,1.0,1.5,8.0,10.0,2026-02,45,624.9029702970297,-0.22981343809134377,-0.70390849006771,0.3333333333333333,-0.10341604714110471,-0.41593481652932573,-18.717066743819657,-0.229220223749319,-22.67770828204404,9,0.7711948473913115,2.3237799144379467,-1.506610114355989,XRPUSDT,AVAXUSDT,2026-02,2026-02,,
next_open,stop_1atr_tp_1_5r,stress,-0.02,12,1.0,1.5,8.0,10.0,2026-03,7,139.69721115537848,-0.4315682361832053,-0.4525348810851655,0.0,-0.03020977653282437,-1.948589623783035,-13.640127366481245,-0.028610835071316714,-13.494846228513332,7,0.0,0.0,-0.4315682361832053,ETHUSDT,ADAUSDT,2026-03,2026-03,,
next_open,stop_1atr_tp_1_5r,stress,-0.02,12,1.0,1.5,8.0,10.0,2026-04,7,112.17915904936015,-0.6833558336766745,-0.6691790203476111,0.0,-0.047834908357367215,-1.6220765989964032,-11.354536192974823,-0.0417554724462333,-9.610833195534857,7,0.0,0.0,-0.6833558336766745,ETHUSDT,AVAXUSDT,2026-04,2026-04,,
next_close,wide_1_5atr_tp_1_5r,base,-0.02,12,1.5,1.5,4.0,5.0,2025-05,40,706.5793450881612,-0.11295341751263997,0.2217167176763423,0.525,-0.04518136700505599,-0.09096972652434407,-3.6387890609737625,-0.09004823393550229,-12.004486137302003,7,0.8008712269769068,0.8653040676594584,-1.1941853748081173,SOLUSDT,LINKUSDT,2025-05,2025-05,,
next_close,wide_1_5atr_tp_1_5r,base,-0.02,12,1.5,1.5,4.0,5.0,2025-06,28,602.3263803680982,-0.08338289945037147,-0.765976509167736,0.42857142857142855,-0.023347211846104013,-0.2807049028689307,-7.859737280330059,-0.09992700149834546,-16.8182769463014,6,0.867028114357926,1.2686070796530813,-1.097375383777961,LINKUSDT,ETHUSDT,2025-06,2025-06,,
next_close,wide_1_5atr_tp_1_5r,base,-0.02,12,1.5,1.5,4.0,5.0,2025-07,23,667.0570719602978,-0.31713465653574746,-1.2093511184499224,0.391304347826087,-0.07294097100322192,-0.3900615365822853,-8.971415341392563,-0.11183899999906427,-11.855446556117297,7,0.6264882818892281,1.3593702207516318,-1.3948877919347773,XRPUSDT,ADAUSDT,2025-07,2025-07,,
next_close,wide_1_5atr_tp_1_5r,base,-0.02,12,1.5,1.5,4.0,5.0,2025-08,15,236.174225415357,-1.0710587042737958,-1.3466093984770628,0.13333333333333333,-0.16065880564106938,-1.3718962143333215,-20.578443214999822,-0.15512964047207822,-19.885721583089584,9,0.08577688249495925,0.7536897300772163,-1.3517892326354901,SOLUSDT,ADAUSDT,2025-08,2025-08,,
next_close,wide_1_5atr_tp_1_5r,base,-0.02,12,1.5,1.5,4.0,5.0,2025-09,9,147.5343618513324,-0.5579194138217533,-0.7810663545642352,0.2222222222222222,-0.050212747243957793,-1.1402096614741806,-10.261886953267625,-0.0422166246270267,-8.472338831974657,6,0.0700155071758252,0.18901771976330717,-0.7713300234174848,XRPUSDT,SOLUSDT,2025-09,2025-09,,
next_close,wide_1_5atr_tp_1_5r,base,-0.02,12,1.5,1.5,4.0,5.0,2025-10,52,686.7525423728813,0.4805371967074634,0.5567817194824974,0.5384615384615384,0.24987934228788097,-0.026451386926627348,-1.375472120184622,-0.2039068445330522,-23.219448471382982,14,1.7043335775528448,2.1594767378636184,-1.4782256013080501,ADAUSDT,BNBUSDT,2025-10,2025-10,0.42054698413766095,0.9999999999999999
next_close,wide_1_5atr_tp_1_5r,base,-0.02,12,1.5,1.5,4.0,5.0,2025-11,31,633.4405594405595,-0.15473028595338142,-0.9322753453040723,0.3548387096774194,-0.047966388645548245,-0.2984413072548469,-9.251680524900253,-0.1325633822434714,-13.098268604715802,8,0.8318870207055363,2.1577813764297753,-1.4266117002641174,ADAUSDT,LTCUSDT,2025-11,2025-11,,
next_close,wide_1_5atr_tp_1_5r,base,-0.02,12,1.5,1.5,4.0,5.0,2025-12,18,214.24032586558044,-1.0424176796332123,-0.9474435461083529,0.1111111111111111,-0.18763518233397822,-1.2490415404080155,-22.48274772734428,-0.17779856726554966,-20.755915647098863,11,0.08395537335104385,0.8598370280423651,-1.2801995180926595,BNBUSDT,ADAUSDT,2025-12,2025-12,,
next_close,wide_1_5atr_tp_1_5r,base,-0.02,12,1.5,1.5,4.0,5.0,2026-01,45,655.8104738154614,-0.21117950314877582,-0.6127137568771437,0.37777777777777777,-0.09503077641694911,-0.30656951307795316,-13.795628088507893,-0.19187222607779314,-25.686485571303862,14,0.6926270051702442,1.259647612965951,-1.1041816807898601,AVAXUSDT,SOLUSDT,2026-01,2026-01,,
next_close,wide_1_5atr_tp_1_5r,base,-0.02,12,1.5,1.5,4.0,5.0,2026-02,43,597.1295049504951,0.8388900626510756,-0.5846242784273491,0.46511627906976744,0.3607227269399625,0.11856868839388647,5.098453600937118,-0.2969547040730178,-18.60988799763326,12,1.957843098070933,3.6866084992368493,-1.6373868387278585,ETHUSDT,LTCUSDT,2026-02,2026-02,0.2698493988552223,0.9999999999999999
next_close,wide_1_5atr_tp_1_5r,base,-0.02,12,1.5,1.5,4.0,5.0,2026-03,7,139.69721115537848,0.23408748125186116,0.3071917332997485,0.8571428571428571,0.01638612368763028,1.3249567085467133,9.274696959826993,0.0,0.0,1,4.086170719302182,0.3615942695397312,-0.5309532484753587,ADAUSDT,SOLUSDT,2026-03,2026-03,0.5987188853102065,1.0
next_close,wide_1_5atr_tp_1_5r,base,-0.02,12,1.5,1.5,4.0,5.0,2026-04,7,112.17915904936015,-0.031090573872737733,-0.2770502103033872,0.2857142857142857,-0.0021763401710916414,-0.27121490646868074,-1.8985043452807653,-0.015844898681466817,-4.013099945922835,5,0.9028707798105474,1.0115153522152471,-0.4481329443079317,ADAUSDT,ETHUSDT,2026-04,2026-04,,
next_open,wide_1_5atr_tp_1_5r,base,-0.02,12,1.5,1.5,4.0,5.0,2025-05,40,706.5793450881612,0.6366680454036979,1.1226871693155844,0.725,0.2546672181614792,0.8657272731354478,34.62909092541791,-0.07460450070038496,-12.023395499798301,7,2.8072751099138573,1.3640671622232876,-1.2810205353024926,ADAUSDT,ETHUSDT,2025-05,2025-05,0.25572830276473574,1.0
next_open,wide_1_5atr_tp_1_5r,base,-0.02,12,1.5,1.5,4.0,5.0,2025-06,28,602.3263803680982,-0.6347862432400876,-1.0748245916313852,0.17857142857142858,-0.17774014810722452,-1.037261647350067,-29.04332612580188,-0.1939566220188333,-30.47964880913131,13,0.305439705755771,1.5632594891687877,-1.1126222720246257,LINKUSDT,ETHUSDT,2025-06,2025-06,,
next_open,wide_1_5atr_tp_1_5r,base,-0.02,12,1.5,1.5,4.0,5.0,2025-07,23,667.0570719602978,-0.8412177354235624,-1.331299687769795,0.17391304347826086,-0.19348007914741935,-0.9024729576448663,-20.756878025831927,-0.2043797673832019,-23.409804213869336,12,0.2795458871972793,1.8768218342823002,-1.4134365922037442,SOLUSDT,LTCUSDT,2025-07,2025-07,,
next_open,wide_1_5atr_tp_1_5r,base,-0.02,12,1.5,1.5,4.0,5.0,2025-08,15,236.174225415357,-0.8930779822523488,-1.3258822306247418,0.2,-0.13396169733785232,-1.0543394997530333,-15.8150924962955,-0.1494155687970178,-18.25318017581671,7,0.19477921402019205,1.08015733368198,-1.386386811235931,SOLUSDT,ADAUSDT,2025-08,2025-08,,
next_open,wide_1_5atr_tp_1_5r,base,-0.02,12,1.5,1.5,4.0,5.0,2025-09,9,147.5343618513324,-0.2938816641854475,-0.7759428812721989,0.3333333333333333,-0.026449349776690275,-0.6704725722255426,-6.034253150029883,-0.023528501742484026,-5.400197914122663,4,0.4928585674217879,0.8568148056782928,-0.8692298991173177,XRPUSDT,SOLUSDT,2025-09,2025-09,,
next_open,wide_1_5atr_tp_1_5r,base,-0.02,12,1.5,1.5,4.0,5.0,2025-10,60,792.4067796610169,1.408044204376772,1.3156803058622233,0.65,0.8448265226260633,0.613986024545082,36.83916147270492,-0.16913967600865887,-19.980665162026103,9,4.347103363691596,2.813414848593986,-1.2019298491694788,ADAUSDT,BTCUSDT,2025-10,2025-10,0.24868847239138023,1.0000000000000002
next_open,wide_1_5atr_tp_1_5r,base,-0.02,12,1.5,1.5,4.0,5.0,2025-11,31,633.4405594405595,-0.4206487471878249,-1.1663347466245042,0.25806451612903225,-0.13040111162822574,-0.6717098203451176,-20.823004430698646,-0.16839766051902186,-23.380425109012524,11,0.59662566184839,2.4109320478672314,-1.405546415033062,XRPUSDT,LTCUSDT,2025-11,2025-11,,
next_open,wide_1_5atr_tp_1_5r,base,-0.02,12,1.5,1.5,4.0,5.0,2025-12,19,226.14256619144604,-0.9867498012869104,-0.9025045318121551,0.10526315789473684,-0.18748246224451298,-1.3328943022246815,-25.32499174226895,-0.1818610632659487,-23.595460305448782,11,0.140945868918396,1.538021737625698,-1.2837817470413349,BNBUSDT,ETHUSDT,2025-12,2025-12,,
next_open,wide_1_5atr_tp_1_5r,base,-0.02,12,1.5,1.5,4.0,5.0,2026-01,45,655.8104738154614,-0.41198470713315094,-0.7872484348252909,0.37777777777777777,-0.1853931182099179,-0.41923513298186366,-18.865580984183865,-0.22035827465973945,-23.39181043200194,14,0.47148347703421595,0.9728650376443151,-1.2527863378908983,ETHUSDT,LTCUSDT,2026-01,2026-01,,
next_open,wide_1_5atr_tp_1_5r,base,-0.02,12,1.5,1.5,4.0,5.0,2026-02,43,597.1295049504951,-0.33211030530047103,-0.7968959244469365,0.3023255813953488,-0.14280743127920253,-0.5089888143000041,-21.886519014900177,-0.46357914103386855,-32.61139312385079,15,0.7400824034717983,3.127892732941563,-1.8314449552053524,ETHUSDT,ADAUSDT,2026-02,2026-02,,
next_open,wide_1_5atr_tp_1_5r,base,-0.02,12,1.5,1.5,4.0,5.0,2026-03,7,139.69721115537848,-0.22281585197312406,-0.3896068517289045,0.2857142857142857,-0.015597109638118684,-1.282647284161526,-8.978530989130682,-0.021429273657508876,-10.82319054243165,5,0.27215873541036173,0.29160820096950957,-0.4285854731501775,ADAUSDT,SOLUSDT,2026-03,2026-03,,
next_open,wide_1_5atr_tp_1_5r,base,-0.02,12,1.5,1.5,4.0,5.0,2026-04,7,112.17915904936015,-0.22289378500155319,-0.6869365995206368,0.2857142857142857,-0.015602564950108722,-0.7400158675998671,-5.18011107319907,-0.02928695438931163,-7.291835832167988,5,0.5643496785011891,1.0105929089061643,-0.7162884625646402,ADAUSDT,LINKUSDT,2026-04,2026-04,,
next_close,wide_1_5atr_tp_1_5r,stress,-0.02,12,1.5,1.5,8.0,10.0,2025-05,40,706.5793450881612,-0.2616148095755467,0.04142442240693692,0.525,-0.1046459238302187,-0.2934154853586457,-11.736619414345828,-0.11210743499168141,-15.448908275748352,7,0.585229038028094,0.7031055800228806,-1.3278847138685452,SOLUSDT,LINKUSDT,2025-05,2025-05,,
next_close,wide_1_5atr_tp_1_5r,stress,-0.02,12,1.5,1.5,8.0,10.0,2025-06,28,602.3263803680982,-0.22585314590409006,-0.8950265841497308,0.42857142857142855,-0.06323888085314522,-0.4796593420871754,-13.430461578440912,-0.12478958983088531,-20.635984051175896,6,0.6784231731156887,1.1117800015927493,-1.2290780065267193,LINKUSDT,ETHUSDT,2025-06,2025-06,,
next_close,wide_1_5atr_tp_1_5r,stress,-0.02,12,1.5,1.5,8.0,10.0,2025-07,23,667.0570719602978,-0.4576519478775061,-1.3377807966978852,0.391304347826087,-0.1052599480118264,-0.5442723958221258,-12.518265103908895,-0.13690426628859687,-14.835775026064361,7,0.5075021173934628,1.2051861513710722,-1.5266192973944492,XRPUSDT,ADAUSDT,2025-07,2025-07,,
next_close,wide_1_5atr_tp_1_5r,stress,-0.02,12,1.5,1.5,8.0,10.0,2025-08,15,236.174225415357,-1.2063299136592274,-1.474847016587013,0.13333333333333333,-0.1809494870488841,-1.537715607242563,-23.065734108638445,-0.17232701930754876,-22.057199140354143,9,0.059526557279360286,0.5726530657966592,-1.4800196028062869,SOLUSDT,ADAUSDT,2025-08,2025-08,,
next_close,wide_1_5atr_tp_1_5r,stress,-0.02,12,1.5,1.5,8.0,10.0,2025-09,9,147.5343618513324,-0.7038806748925516,-0.9100953149163028,0.1111111111111111,-0.06334926074032964,-1.4259641548942332,-12.833677394048099,-0.054063108025496236,-10.754379364549475,6,0.027377648520880198,0.17831728748252737,-0.8141554201894364,XRPUSDT,SOLUSDT,2025-09,2025-09,,
next_close,wide_1_5atr_tp_1_5r,stress,-0.02,12,1.5,1.5,8.0,10.0,2025-10,52,686.7525423728813,0.2862330214235958,0.08178076123555116,0.5,0.14884117114026982,-0.20913955801341613,-10.875257016697638,-0.2218385882974111,-25.44045339689535,14,1.3667440660583565,2.133407570817547,-1.5609415279703551,ADAUSDT,BNBUSDT,2025-10,2025-10,0.6391863258596583,1.0
next_close,wide_1_5atr_tp_1_5r,stress,-0.02,12,1.5,1.5,8.0,10.0,2025-11,31,633.4405594405595,-0.4007777077825853,-1.1107937001808703,0.3225806451612903,-0.12424108941260144,-0.5746616622290056,-17.814511529099175,-0.16056840169610956,-16.76889468095078,8,0.621501738470632,2.040063612113201,-1.5630830982091497,XRPUSDT,LTCUSDT,2025-11,2025-11,,
next_close,wide_1_5atr_tp_1_5r,stress,-0.02,12,1.5,1.5,8.0,10.0,2025-12,18,214.24032586558044,-1.1793909712772246,-1.0762397013694323,0.1111111111111111,-0.21229037482990043,-1.462097448492611,-26.317754072866997,-0.2011663049926074,-24.363931500304233,11,0.06216431065498796,0.7035819259131907,-1.4147625834260265,BNBUSDT,ADAUSDT,2025-12,2025-12,,
next_close,wide_1_5atr_tp_1_5r,stress,-0.02,12,1.5,1.5,8.0,10.0,2026-01,45,655.8104738154614,-0.34765390783875444,-0.7419782864286866,0.37777777777777777,-0.15644425852743948,-0.5522902686015935,-24.853062087071706,-0.2267366532829789,-31.573176911738912,14,0.5487204687968347,1.1189643061843304,-1.2381006806384842,AVAXUSDT,SOLUSDT,2026-01,2026-01,,
next_close,wide_1_5atr_tp_1_5r,stress,-0.02,12,1.5,1.5,8.0,10.0,2026-02,43,597.1295049504951,0.6904134858655037,-0.7248906731783222,0.46511627906976744,0.2968777989221666,-0.035506482565473445,-1.5267787503153583,-0.31854438467424906,-22.230830893765184,12,1.7190253113509573,3.548835087366392,-1.7951705154396167,ETHUSDT,LTCUSDT,2026-02,2026-02,0.29674187439052896,1.0
next_close,wide_1_5atr_tp_1_5r,stress,-0.02,12,1.5,1.5,8.0,10.0,2026-03,7,139.69721115537848,0.09651517304599788,0.1766400160072472,0.8571428571428571,0.006756062113219852,0.7668108985817127,5.367676290071989,0.0,0.0,1,1.9513003058772926,0.23096642890796326,-0.7101923621257944,ADAUSDT,SOLUSDT,2026-03,2026-03,1.0648979193610677,1.0
next_close,wide_1_5atr_tp_1_5r,stress,-0.02,12,1.5,1.5,8.0,10.0,2026-04,7,112.17915904936015,-0.24742375494690946,-0.5299278590262002,0.2857142857142857,-0.01731966284628366,-0.7850390475102316,-5.495273332571621,-0.027065439200045897,-6.723855249071607,5,0.5040078095039656,0.8799781024548651,-0.6983844979076193,ADAUSDT,AVAXUSDT,2026-04,2026-04,,
next_open,wide_1_5atr_tp_1_5r,stress,-0.02,12,1.5,1.5,8.0,10.0,2025-05,40,706.5793450881612,0.4372721188441439,0.9617784314669985,0.7,0.17490884753765756,0.5832438435173917,23.32975374069567,-0.08360864085788716,-13.547855324522589,7,2.044406026365886,1.2227890198677618,-1.3956006502109644,ADAUSDT,ETHUSDT,2025-05,2025-05,0.316892801097758,1.0000000000000002
next_open,wide_1_5atr_tp_1_5r,stress,-0.02,12,1.5,1.5,8.0,10.0,2025-06,28,602.3263803680982,-0.7711427704569669,-1.203442507582039,0.17857142857142858,-0.21591997572795074,-1.230253856758516,-34.44710798923845,-0.22671429689006328,-35.357238905647996,13,0.24627443406533314,1.4110061335085669,-1.2455229669712133,LTCUSDT,ETHUSDT,2025-06,2025-06,,
next_open,wide_1_5atr_tp_1_5r,stress,-0.02,12,1.5,1.5,8.0,10.0,2025-07,23,667.0570719602978,-1.1243890817754008,-1.4595587281586244,0.13043478260869565,-0.25860948880834217,-1.2479174664770127,-28.702101728971293,-0.25331480838218506,-29.968874271492297,12,0.15830261371423443,1.621269856074835,-1.5362379224529366,LINKUSDT,LTCUSDT,2025-07,2025-07,,
next_open,wide_1_5atr_tp_1_5r,stress,-0.02,12,1.5,1.5,8.0,10.0,2025-08,15,236.174225415357,-1.0252742211067072,-1.4541488514492693,0.2,-0.1537911331660061,-1.2184120155134825,-18.276180232702238,-0.16531972435003905,-20.151970036283558,7,0.15382331825657583,0.9319039759440024,-1.5145687703693849,SOLUSDT,ADAUSDT,2025-08,2025-08,,
next_open,wide_1_5atr_tp_1_5r,stress,-0.02,12,1.5,1.5,8.0,10.0,2025-09,9,147.5343618513324,-0.4291323429830198,-0.9049790106998702,0.3333333333333333,-0.03862191086847178,-0.9360371338912401,-8.424334205021161,-0.029290828070742195,-6.348920551792984,4,0.3550990649414484,0.7088739623965719,-0.9981354956728157,XRPUSDT,SOLUSDT,2025-09,2025-09,,
next_open,wide_1_5atr_tp_1_5r,stress,-0.02,12,1.5,1.5,8.0,10.0,2025-10,60,792.4067796610169,1.2368824387739221,1.1837174499893137,0.65,0.7421294632643533,0.4726884901153544,28.361309406921265,-0.18891988866836656,-22.453923347518906,9,3.5127931144010964,2.660179279168542,-1.4063831219589429,ADAUSDT,BNBUSDT,2025-10,2025-10,0.2684171801931112,1.0
next_open,wide_1_5atr_tp_1_5r,stress,-0.02,12,1.5,1.5,8.0,10.0,2025-11,31,633.4405594405595,-0.5517904186860887,-1.2948246159976047,0.25806451612903225,-0.1710550297926875,-0.8264704573154059,-25.620584176777584,-0.19925152658967032,-27.735122509458197,11,0.515767732969631,2.277436649107434,-1.535869398788184,XRPUSDT,LTCUSDT,2025-11,2025-11,,
next_open,wide_1_5atr_tp_1_5r,stress,-0.02,12,1.5,1.5,8.0,10.0,2025-12,19,226.14256619144604,-1.1384459919738976,-1.031363568476721,0.10526315789473684,-0.21630473847504053,-1.5590078908841054,-29.621149926798,-0.2057903454258321,-27.66192677419233,11,0.10081650802417438,1.2126050242658453,-1.4150402291785733,BNBUSDT,ETHUSDT,2025-12,2025-12,,
next_open,wide_1_5atr_tp_1_5r,stress,-0.02,12,1.5,1.5,8.0,10.0,2026-01,45,655.8104738154614,-0.6336559042142105,-0.9318900784390831,0.3111111111111111,-0.28514515689639475,-0.8660631347231321,-38.972841062540944,-0.26855670335071713,-37.19734165372783,16,0.3131226003115167,0.9284812797547668,-1.339137213103426,BTCUSDT,LTCUSDT,2026-01,2026-01,,
next_open,wide_1_5atr_tp_1_5r,stress,-0.02,12,1.5,1.5,8.0,10.0,2026-02,43,597.1295049504951,-0.5004913985117703,-0.9259027351015482,0.2558139534883721,-0.2152113013600612,-0.7405825125214214,-31.84504803842112,-0.49225047402670097,-42.044444576645546,15,0.6398248926682627,3.4755202776427887,-1.8672454121899,ETHUSDT,ADAUSDT,2026-02,2026-02,,
next_open,wide_1_5atr_tp_1_5r,stress,-0.02,12,1.5,1.5,8.0,10.0,2026-03,7,139.69721115537848,-0.35974883323114454,-0.5191835660388645,0.14285714285714285,-0.02518241832618012,-1.8416395380687045,-12.891476766480931,-0.027905382310053652,-14.148687093364455,5,0.14648379942017162,0.4321905445381188,-0.49173872952602177,ADAUSDT,SOLUSDT,2026-03,2026-03,,
next_open,wide_1_5atr_tp_1_5r,stress,-0.02,12,1.5,1.5,8.0,10.0,2026-04,7,112.17915904936015,-0.6146620196018115,-0.8561463319480319,0.14285714285714285,-0.04302634137212681,-1.5864265704249803,-11.104985992974862,-0.044384880203780126,-10.612462082034842,6,0.17581059658578077,0.9178092698354352,-0.8700739011746861,ADAUSDT,AVAXUSDT,2026-04,2026-04,,
next_close,wide_1_5atr_tp_2r,base,-0.02,12,1.5,2.0,4.0,5.0,2025-05,40,706.5793450881612,-0.05191724668843597,0.2217167176763423,0.525,-0.020766898675374387,0.024315399976228242,0.9726159990491297,-0.0900482339355023,-12.004486137302003,7,0.9084736180678321,0.9815634406579423,-1.1941853748081173,SOLUSDT,LINKUSDT,2025-05,2025-05,,
next_close,wide_1_5atr_tp_2r,base,-0.02,12,1.5,2.0,4.0,5.0,2025-06,28,602.3263803680982,-0.21811116551180118,-0.8244374672476111,0.35714285714285715,-0.061071126343304326,-0.48140147453993504,-13.479241287118182,-0.12227087668012343,-20.515685871994435,7,0.6825398457190837,1.3130302052132325,-1.0687452603590422,LINKUSDT,ETHUSDT,2025-06,2025-06,,
next_close,wide_1_5atr_tp_2r,base,-0.02,12,1.5,2.0,4.0,5.0,2025-07,23,667.0570719602978,-0.7039924430514174,-1.2260458890201977,0.21739130434782608,-0.161918261901826,-0.8715019979869517,-20.04454595369989,-0.20081629089766836,-22.928577168424624,11,0.27504476836858505,1.2286212691840863,-1.2408295853390574,LINKUSDT,LTCUSDT,2025-07,2025-07,,
next_close,wide_1_5atr_tp_2r,base,-0.02,12,1.5,2.0,4.0,5.0,2025-08,15,236.174225415357,-1.0710587042737958,-1.3466093984770628,0.13333333333333333,-0.16065880564106938,-1.3718962143333215,-20.578443214999822,-0.15512964047207822,-19.885721583089584,9,0.08577688249495925,0.7536897300772163,-1.3517892326354901,SOLUSDT,ADAUSDT,2025-08,2025-08,,
next_close,wide_1_5atr_tp_2r,base,-0.02,12,1.5,2.0,4.0,5.0,2025-09,9,147.5343618513324,-0.5579194138217533,-0.7810663545642352,0.2222222222222222,-0.050212747243957793,-1.1402096614741806,-10.261886953267625,-0.0422166246270267,-8.472338831974657,6,0.0700155071758252,0.18901771976330717,-0.7713300234174848,XRPUSDT,SOLUSDT,2025-09,2025-09,,
next_close,wide_1_5atr_tp_2r,base,-0.02,12,1.5,2.0,4.0,5.0,2025-10,52,686.7525423728813,0.5344259815395251,0.3012880090727686,0.5384615384615384,0.27790151040055305,0.01429465236870333,0.7433219231725732,-0.2039068445330522,-23.219448471382982,14,1.7833195142728442,2.2595559096945905,-1.4782256013080501,ADAUSDT,BNBUSDT,2025-10,2025-10,0.4025477702775021,1.0000000000000002
next_close,wide_1_5atr_tp_2r,base,-0.02,12,1.5,2.0,4.0,5.0,2025-11,31,633.4405594405595,-0.21057071971882116,-1.0462179997846435,0.2903225806451613,-0.06527692311283456,-0.4020196173292226,-12.4626081372059,-0.18400031183476995,-18.912137833565033,12,0.7918989454506353,2.76002267195803,-1.4258134708593513,XRPUSDT,LTCUSDT,2025-11,2025-11,,
next_close,wide_1_5atr_tp_2r,base,-0.02,12,1.5,2.0,4.0,5.0,2025-12,18,214.24032586558044,-1.0305478489289728,-0.9474435461083529,0.1111111111111111,-0.1854986128072151,-1.207412365408017,-21.733422577344307,-0.17566199773878655,-20.00659049709889,11,0.0943862158514102,0.9666655043805206,-1.2801995180926595,BNBUSDT,ADAUSDT,2025-12,2025-12,,
next_close,wide_1_5atr_tp_2r,base,-0.02,12,1.5,2.0,4.0,5.0,2026-01,45,655.8104738154614,-0.22747816152775,-0.6782415168905603,0.3111111111111111,-0.1023651726874875,-0.3920230398830098,-17.64103679473544,-0.23971832612145239,-33.77613504416089,14,0.69637611441168,1.6769963617761525,-1.0875634301166095,AVAXUSDT,SOLUSDT,2026-01,2026-01,,
next_close,wide_1_5atr_tp_2r,base,-0.02,12,1.5,2.0,4.0,5.0,2026-02,43,597.1295049504951,1.0191522357596514,-0.6336231579969439,0.4186046511627907,0.43823546137665015,0.11292465306688086,4.855760081875877,-0.3223122429435079,-19.792575090662215,12,2.085278875747089,4.6779740244845796,-1.615199452122297,ETHUSDT,LTCUSDT,2026-02,2026-02,0.22433247365245818,1.0
next_close,wide_1_5atr_tp_2r,base,-0.02,12,1.5,2.0,4.0,5.0,2026-03,7,139.69721115537848,0.3745372725489246,0.4529156443996628,0.8571428571428571,0.02621760907842472,1.9672354085467216,13.77064785982705,0.0,0.0,1,5.937837588094438,0.5254523593863052,-0.5309532484753587,ADAUSDT,SOLUSDT,2026-03,2026-03,0.5319875750949038,1.0
next_close,wide_1_5atr_tp_2r,base,-0.02,12,1.5,2.0,4.0,5.0,2026-04,7,112.17915904936015,0.0776232691953805,-0.2770502103033872,0.2857142857142857,0.005433628843676635,-0.05712200646868076,-0.3998540452807653,-0.015844898681466817,-4.013099945922835,5,1.2425007539701411,1.392013802953661,-0.4481329443079317,ADAUSDT,ETHUSDT,2026-04,2026-04,2.654811509502853,0.9999999999999997
next_open,wide_1_5atr_tp_2r,base,-0.02,12,1.5,2.0,4.0,5.0,2025-05,40,706.5793450881612,0.6576312661833524,1.1492550008867521,0.7,0.263052506473341,0.9255206620416185,37.02082648166474,-0.07460450070038496,-12.023395499798301,7,2.735507540271601,1.4807980173926452,-1.2630911533049969,ADAUSDT,LINKUSDT,2025-05,2025-05,0.27861623150048437,1.0
next_open,wide_1_5atr_tp_2r,base,-0.02,12,1.5,2.0,4.0,5.0,2025-06,28,602.3263803680982,-0.7626093149757032,-1.0748245916313852,0.14285714285714285,-0.21353060819319689,-1.2231670725542745,-34.24867803151969,-0.22974708210480568,-35.68500071484912,17,0.1944117483969336,1.2882778141467495,-1.104423836496112,LTCUSDT,ETHUSDT,2025-06,2025-06,,
next_open,wide_1_5atr_tp_2r,base,-0.02,12,1.5,2.0,4.0,5.0,2025-07,23,667.0570719602978,-1.1112920386381457,-1.331299687769795,0.08695652173913043,-0.25559716888677353,-1.2202761576537924,-28.066351626037225,-0.24987745326290584,-29.126175261545708,19,0.09319829459537987,1.3134746054003845,-1.342222195213244,SOLUSDT,LTCUSDT,2025-07,2025-07,,
next_open,wide_1_5atr_tp_2r,base,-0.02,12,1.5,2.0,4.0,5.0,2025-08,15,236.174225415357,-0.9033292826277671,-1.3258822306247418,0.2,-0.13549939239416506,-1.0359331711575763,-15.538997567363644,-0.1494155687970178,-18.25318017581671,7,0.18553639277764913,1.028900831804889,-1.386386811235931,SOLUSDT,ADAUSDT,2025-08,2025-08,,
next_open,wide_1_5atr_tp_2r,base,-0.02,12,1.5,2.0,4.0,5.0,2025-09,9,147.5343618513324,-0.34022638596487464,-0.7759428812721989,0.3333333333333333,-0.030620374736838717,-0.7531052253692014,-6.777947028322813,-0.03292712974208295,-7.139370134088907,5,0.4128830825244856,0.7177806403400114,-0.8692298991173177,XRPUSDT,SOLUSDT,2025-09,2025-09,,
next_open,wide_1_5atr_tp_2r,base,-0.02,12,1.5,2.0,4.0,5.0,2025-10,60,792.4067796610169,1.8661099004270585,1.7345833674504096,0.65,1.119665940256235,0.9137160845450804,54.82296507270482,-0.16384235258378413,-19.23134001202611,9,5.435984825847297,3.518131304055963,-1.2019298491694788,ADAUSDT,BTCUSDT,2025-10,2025-10,0.22487708374600293,1.0
next_open,wide_1_5atr_tp_2r,base,-0.02,12,1.5,2.0,4.0,5.0,2025-11,31,633.4405594405595,-0.20207566780139785,-1.1663347466245042,0.25806451612903225,-0.06264345701843334,-0.478335588087054,-14.828403230698674,-0.16839766051902189,-18.884474209012538,11,0.8062227944315327,3.257902730489637,-1.405546415033062,XRPUSDT,LTCUSDT,2025-11,2025-11,,
next_open,wide_1_5atr_tp_2r,base,-0.02,12,1.5,2.0,4.0,5.0,2025-12,19,226.14256619144604,-1.0018533101941176,-0.9025045318121551,0.10526315789473684,-0.19035212893688233,-1.3497336429901587,-25.644939216813015,-0.18473072995831807,-23.915407779992844,11,0.12779691089110012,1.3945384030072296,-1.2837817470413349,BNBUSDT,ETHUSDT,2025-12,2025-12,,
next_open,wide_1_5atr_tp_2r,base,-0.02,12,1.5,2.0,4.0,5.0,2026-01,45,655.8104738154614,-0.45489367772533157,-0.8022043752775364,0.28888888888888886,-0.2047021549763992,-0.602403502981866,-27.108157634183968,-0.2437885325563348,-29.260171382834674,17,0.4616168538902115,1.3501103392421696,-1.188176559618379,LINKUSDT,LTCUSDT,2026-01,2026-01,,
next_open,wide_1_5atr_tp_2r,base,-0.02,12,1.5,2.0,4.0,5.0,2026-02,43,597.1295049504951,-0.15226680121253883,-0.7968959244469365,0.27906976744186046,-0.06547472452139169,-0.49848060492822593,-21.434666011913716,-0.4635791410338686,-32.61139312385077,15,0.8823253217034777,4.09108174425398,-1.7948533349415141,ETHUSDT,ADAUSDT,2026-02,2026-02,,
next_open,wide_1_5atr_tp_2r,base,-0.02,12,1.5,2.0,4.0,5.0,2026-03,7,139.69721115537848,-0.1898120260334799,-0.3896068517289045,0.2857142857142857,-0.013286841822343595,-1.175600834161531,-8.229205839130717,-0.021429273657508876,-10.82319054243165,5,0.3799677005063656,0.40712159175826407,-0.4285854731501775,ADAUSDT,SOLUSDT,2026-03,2026-03,,
next_open,wide_1_5atr_tp_2r,base,-0.02,12,1.5,2.0,4.0,5.0,2026-04,7,112.17915904936015,-0.11426779367715818,-0.6869365995206368,0.2857142857142857,-0.007998745557401073,-0.5259229675998671,-3.6814607731990696,-0.02928695438931163,-7.291835832167988,5,0.7766613319789654,1.3907838785415467,-0.7162884625646402,ADAUSDT,LINKUSDT,2026-04,2026-04,,
next_close,wide_1_5atr_tp_2r,stress,-0.02,12,1.5,2.0,8.0,10.0,2025-05,40,706.5793450881612,-0.2750748479059118,-0.08202152317022623,0.5,-0.11002993916236471,-0.2801995424710305,-11.20798169884122,-0.12701789700597738,-17.166222360243744,7,0.5668565330452369,0.7199830379903936,-1.2701327338022173,LTCUSDT,LINKUSDT,2025-05,2025-05,,
next_close,wide_1_5atr_tp_2r,stress,-0.02,12,1.5,2.0,8.0,10.0,2025-06,28,602.3263803680982,-0.36573505410060037,-0.9534057400995385,0.35714285714285715,-0.1024058151481681,-0.6870153089460793,-19.23642865049022,-0.15501943008102856,-25.324772753346252,7,0.5270465871144463,1.1411829136662823,-1.2029117028599794,LINKUSDT,ETHUSDT,2025-06,2025-06,,
next_close,wide_1_5atr_tp_2r,stress,-0.02,12,1.5,2.0,8.0,10.0,2025-07,23,667.0570719602978,-0.9895063788279639,-1.3889371961468486,0.17391304347826086,-0.22758646713043168,-1.208360344408448,-27.79228792139431,-0.2592307854072021,-30.109797843549774,19,0.12207006288648656,0.7911079569192616,-1.364372554774748,XRPUSDT,LTCUSDT,2025-07,2025-07,,
next_close,wide_1_5atr_tp_2r,stress,-0.02,12,1.5,2.0,8.0,10.0,2025-08,15,236.174225415357,-1.2063299136592274,-1.474847016587013,0.13333333333333333,-0.1809494870488841,-1.537715607242563,-23.065734108638445,-0.17232701930754876,-22.057199140354143,9,0.059526557279360286,0.5726530657966592,-1.4800196028062869,SOLUSDT,ADAUSDT,2025-08,2025-08,,
next_close,wide_1_5atr_tp_2r,stress,-0.02,12,1.5,2.0,8.0,10.0,2025-09,9,147.5343618513324,-0.7038806748925516,-0.9100953149163028,0.1111111111111111,-0.06334926074032964,-1.4259641548942332,-12.833677394048099,-0.054063108025496236,-10.754379364549475,6,0.027377648520880198,0.17831728748252737,-0.8141554201894364,XRPUSDT,SOLUSDT,2025-09,2025-09,,
next_close,wide_1_5atr_tp_2r,stress,-0.02,12,1.5,2.0,8.0,10.0,2025-10,52,686.7525423728813,0.3381287025647679,-0.11937175743664337,0.4807692307692308,0.1758269253336793,-0.17065194586104665,-8.873901184774425,-0.2218385882974111,-25.44045339689535,14,1.4323816930635103,2.3298976162583624,-1.5061017730774495,ADAUSDT,BNBUSDT,2025-10,2025-10,0.5796062237190184,0.9999999999999999
next_close,wide_1_5atr_tp_2r,stress,-0.02,12,1.5,2.0,8.0,10.0,2025-11,31,633.4405594405595,-0.3436147380744481,-1.1748759438193936,0.2903225806451613,-0.10652056880307892,-0.5590523742473678,-17.3306236016684,-0.19985607431074315,-20.64004943210431,12,0.688868821665656,2.620498784373732,-1.5562066336214309,XRPUSDT,LTCUSDT,2025-11,2025-11,,
next_close,wide_1_5atr_tp_2r,stress,-0.02,12,1.5,2.0,8.0,10.0,2025-12,18,214.24032586558044,-1.1675377495624242,-1.0762397013694323,0.1111111111111111,-0.21015679492123635,-1.4205057484926131,-25.569103472867035,-0.19903272508394337,-23.61528090030427,11,0.07158983164725108,0.8102609213463939,-1.4147625834260265,BNBUSDT,ADAUSDT,2025-12,2025-12,,
next_close,wide_1_5atr_tp_2r,stress,-0.02,12,1.5,2.0,8.0,10.0,2026-01,45,655.8104738154614,-0.3844324226270338,-0.8503781785259316,0.3111111111111111,-0.1729945901821652,-0.672472052760701,-30.261242374231546,-0.2745158041518728,-40.55698411173893,14,0.5429547667439778,1.467942191116499,-1.2209886998015322,AVAXUSDT,SOLUSDT,2026-01,2026-01,,
next_close,wide_1_5atr_tp_2r,stress,-0.02,12,1.5,2.0,8.0,10.0,2026-02,43,597.1295049504951,0.8657852689096102,-0.7628584298420292,0.4186046511627907,0.37228766563113236,-0.04469102094452517,-1.9217139006145822,-0.3487673016074406,-22.230830893765184,11,1.840088169704919,4.530226402674484,-1.772612347401099,ETHUSDT,LTCUSDT,2026-02,2026-02,0.23655671770666584,1.0000000000000002
next_close,wide_1_5atr_tp_2r,stress,-0.02,12,1.5,2.0,8.0,10.0,2026-03,7,139.69721115537848,0.23676843844827314,0.32216002134298527,0.8571428571428571,0.01657379069137912,1.408511412867463,9.85957989007224,0.0,0.0,1,3.3337044405503544,0.394595238543951,-0.7101923621257944,ADAUSDT,SOLUSDT,2026-03,2026-03,0.6833372558405248,1.0
next_close,wide_1_5atr_tp_2r,stress,-0.02,12,1.5,2.0,8.0,10.0,2026-04,7,112.17915904936015,-0.13886203090358368,-0.5299278590262002,0.2857142857142857,-0.009720342163250857,-0.5711388760816545,-3.997972132571581,-0.027065439200045897,-6.723855249071607,5,0.721633507262166,1.2599441366065052,-0.6983844979076193,ADAUSDT,ETHUSDT,2026-04,2026-04,,
next_open,wide_1_5atr_tp_2r,stress,-0.02,12,1.5,2.0,8.0,10.0,2025-05,40,706.5793450881612,0.5066451206430322,0.9676648376078862,0.7,0.2026580482572129,0.7244586365284316,28.978345461137263,-0.08360864085788716,-13.547855324522589,7,2.2101005173326764,1.321893308151888,-1.3956006502109644,ADAUSDT,LINKUSDT,2025-05,2025-05,0.30881481917194237,1.0000000000000002
next_open,wide_1_5atr_tp_2r,stress,-0.02,12,1.5,2.0,8.0,10.0,2025-06,28,602.3263803680982,-0.9023484257879053,-1.203442507582039,0.14285714285714285,-0.2526575592206135,-1.4191826705150097,-39.73711477442027,-0.26345188038272604,-40.64724569082982,17,0.149064157728079,1.1064931216875995,-1.2371553503671562,LTCUSDT,ETHUSDT,2025-06,2025-06,,
next_open,wide_1_5atr_tp_2r,stress,-0.02,12,1.5,2.0,8.0,10.0,2025-07,23,667.0570719602978,-1.2669054755049738,-1.4595587281586244,0.08695652173913043,-0.291388259366144,-1.3970430936129197,-32.131991153097154,-0.2789758666848069,-32.65118763510471,19,0.07207501318582411,1.13165465605761,-1.4953397737490297,SOLUSDT,LTCUSDT,2025-07,2025-07,,
next_open,wide_1_5atr_tp_2r,stress,-0.02,12,1.5,2.0,8.0,10.0,2025-08,15,236.174225415357,-1.0388351892268293,-1.4541488514492693,0.2,-0.15582527838402438,-1.2032512848247103,-18.048769272370656,-0.16531972435003903,-20.151970036283554,7,0.14263121494520337,0.8640991353433923,-1.5145687703693849,XRPUSDT,ADAUSDT,2025-08,2025-08,,
next_open,wide_1_5atr_tp_2r,stress,-0.02,12,1.5,2.0,8.0,10.0,2025-09,9,147.5343618513324,-0.48649225636755117,-0.9049790106998702,0.3333333333333333,-0.0437843030730796,-1.038921862643274,-9.350296763789466,-0.03808593113545716,-8.279534398162621,5,0.26889847348888224,0.5367942222429779,-0.9981354956728157,XRPUSDT,SOLUSDT,2025-09,2025-09,,
next_open,wide_1_5atr_tp_2r,stress,-0.02,12,1.5,2.0,8.0,10.0,2025-10,59,779.1999999999999,1.4749920916419221,1.4402569249346364,0.6271186440677966,0.870245334068734,0.6621203859761176,39.06510277259093,-0.22946791355557558,-26.049986556716856,15,3.6974486122824106,3.223954814336704,-1.466445214708393,ADAUSDT,XRPUSDT,2025-10,2025-10,0.276738695731835,1.0
next_open,wide_1_5atr_tp_2r,stress,-0.02,12,1.5,2.0,8.0,10.0,2025-11,31,633.4405594405595,-0.3335231800531936,-1.2948246159976047,0.25806451612903225,-0.10339218581649001,-0.6332703024766969,-19.631379376777605,-0.18297403641492918,-23.243218909458214,11,0.7073115441748651,3.1232221988099025,-1.535869398788184,XRPUSDT,LTCUSDT,2025-11,2025-11,,
next_open,wide_1_5atr_tp_2r,stress,-0.02,12,1.5,2.0,8.0,10.0,2025-12,19,226.14256619144604,-1.1384459919738976,-1.031363568476721,0.10526315789473684,-0.21630473847504053,-1.5590078908841054,-29.621149926798,-0.2057903454258321,-27.66192677419233,11,0.10081650802417438,1.2126050242658453,-1.4150402291785733,BNBUSDT,ETHUSDT,2025-12,2025-12,,
next_open,wide_1_5atr_tp_2r,stress,-0.02,12,1.5,2.0,8.0,10.0,2026-01,45,655.8104738154614,-0.60991628417936,-0.9318900784390831,0.26666666666666666,-0.27446232788071195,-0.8826998147231315,-39.72149166254092,-0.2785803153062265,-37.945992253727795,17,0.3654757478692135,1.3173823302429764,-1.3107521439693004,BTCUSDT,LTCUSDT,2026-01,2026-01,,
next_open,wide_1_5atr_tp_2r,stress,-0.02,12,1.5,2.0,8.0,10.0,2026-02,43,597.1295049504951,-0.2902923896231653,-0.9259027351015482,0.2558139534883721,-0.12482572753796106,-0.6447746594830253,-27.725310357770084,-0.492250474026701,-38.301191576645564,15,0.7910931278719046,4.297207312389154,-1.8672454121899,BTCUSDT,ADAUSDT,2026-02,2026-02,,
next_open,wide_1_5atr_tp_2r,stress,-0.02,12,1.5,2.0,8.0,10.0,2026-03,7,139.69721115537848,-0.32679118825313835,-0.5191835660388645,0.14285714285714285,-0.022875383177719685,-1.7346894523544196,-12.142826166480937,-0.027905382310053652,-14.148687093364455,5,0.2246769200733602,0.6628940593841621,-0.49173872952602177,ADAUSDT,SOLUSDT,2026-03,2026-03,,
next_open,wide_1_5atr_tp_2r,stress,-0.02,12,1.5,2.0,8.0,10.0,2026-04,7,112.17915904936015,-0.5585796734191691,-0.8561463319480319,0.14285714285714285,-0.03910057713934184,-1.479476484710693,-10.35633539297485,-0.044384880203780126,-10.612462082034842,6,0.2510104201771025,1.3103856931139322,-0.8700739011746861,ADAUSDT,AVAXUSDT,2026-04,2026-04,,
