entry_mode,exit_model,friction_case,event_threshold,hold_bars,stop_atr_mult,target_r,taker_fee_bps_per_side,slippage_bps_per_side,symbol,total_trades,trades_per_year,avg_net_return_pct,median_net_return_pct,win_rate,total_net_return_units,ev_per_trade_r,total_ev_r,max_drawdown_return_units,max_drawdown_r,max_losing_streak,profit_factor,average_win_pct,average_loss_pct,best_symbol,worst_symbol,best_month,worst_month,best_symbol_contribution,best_month_contribution
next_close,fixed_horizon_12,base,-0.02,12,,,4.0,5.0,ADAUSDT,51,52.41409226801102,-0.012296490635023227,-0.17991004497749907,0.49019607843137253,-0.006271210223861845,-0.16927417469289088,-8.632982909337436,-0.19545697603848028,-29.73021380381353,8,0.9838675582803601,1.5298466029236917,-1.495126388287634,ADAUSDT,ADAUSDT,2025-11,2025-12,,
next_close,fixed_horizon_12,base,-0.02,12,,,4.0,5.0,AVAXUSDT,38,39.05363737616507,0.09634587476176097,0.21935995514859633,0.5789473684210527,0.036611432409469166,-0.05403056900368947,-2.0531616221402,-0.15782085619644126,-19.792089709234457,3,1.1243883917566602,1.5042864394131794,-1.839572401633939,AVAXUSDT,AVAXUSDT,2026-01,2025-10,1.0000000000000004,1.5556811608236525
next_close,fixed_horizon_12,base,-0.02,12,,,4.0,5.0,LINKUSDT,45,48.66995681677977,0.11341438556961433,-0.17991004497749907,0.4444444444444444,0.05103647350632645,-0.10564509252402804,-4.7540291635812615,-0.09458383812700868,-12.380218162497718,3,1.139754610915874,2.081114019155208,-1.4607453212988608,LINKUSDT,LINKUSDT,2026-02,2025-12,0.9999999999999999,1.1192385059563685
next_close,fixed_horizon_12,base,-0.02,12,,,4.0,5.0,LTCUSDT,40,49.541167743986435,-0.4485821712527536,-0.4333092315188451,0.4,-0.17943286850110146,-0.6443086339862891,-25.772345359451563,-0.26339214549766393,-34.98368786250253,5,0.6168352392171672,1.805367554860266,-1.9512153219947665,LTCUSDT,LTCUSDT,2025-05,2025-10,,
next_close,fixed_horizon_12,base,-0.02,12,,,4.0,5.0,XRPUSDT,32,42.66828915845914,0.1852747614416919,0.17523274624799542,0.59375,0.059287923661341405,-0.19881083238066533,-6.36194663618129,-0.15443184316452777,-22.414697032563215,2,1.2047693933343324,1.83591057079367,-2.227192959918891,XRPUSDT,XRPUSDT,2026-02,2025-10,1.0000000000000002,1.1053732901973945
next_close,fixed_horizon_12,base,-0.02,12,,,4.0,5.0,ETHUSDT,36,38.93836757357024,0.3557589415654836,0.24208668389649007,0.5833333333333334,0.1280732189635741,0.42287559234455346,15.223521324403924,-0.0855611713272926,-19.782270955697953,4,1.5193039204138956,1.7842762207377578,-1.6441652492757,ETHUSDT,ETHUSDT,2026-02,2025-12,1.0,0.46585546459921484
next_close,fixed_horizon_12,base,-0.02,12,,,4.0,5.0,SOLUSDT,40,43.47540373825982,0.23322095751091457,0.10740200309701745,0.575,0.09328838300436583,-0.13339834474441398,-5.335933789776559,-0.13375032261734338,-24.629548777006136,5,1.3187609340491422,1.6780338296302793,-1.7215258694741085,SOLUSDT,SOLUSDT,2026-02,2026-01,0.9999999999999999,0.6285587012457954
next_close,fixed_horizon_12,base,-0.02,12,,,4.0,5.0,BNBUSDT,17,45.93419126146259,0.5128491743036392,-0.016628796924611347,0.4117647058823529,0.08718435963161866,0.04402341295184374,0.7483980201813436,-0.0643650609297172,-7.598606399980834,4,1.6856975527648135,3.061876001365342,-1.2714696046395528,BNBUSDT,BNBUSDT,2025-11,2025-12,0.9999999999999999,0.6648603433202972
next_close,fixed_horizon_12,base,-0.02,12,,,4.0,5.0,BTCUSDT,4,12.367163389471829,0.9920821118386127,0.18450389842633363,0.5,0.03968328447354451,0.6336378833516977,2.5345515334067907,-0.01666057643980004,-1.6867451126599737,1,3.3498029807182528,2.8285602177067917,-0.8443959940295658,BTCUSDT,BTCUSDT,2026-02,2025-10,1.0,0.9070117804642225
next_open,fixed_horizon_12,base,-0.02,12,,,4.0,5.0,ADAUSDT,51,52.41409226801102,-0.06644323388852752,-0.17991004497751018,0.45098039215686275,-0.03388604928314904,-0.26486223480974674,-13.507973975297084,-0.21249709137777698,-33.563888149667804,7,0.93680955444698,2.184202983405526,-1.9151883409514994,ADAUSDT,ADAUSDT,2025-05,2025-12,,
next_open,fixed_horizon_12,base,-0.02,12,,,4.0,5.0,AVAXUSDT,38,39.05363737616507,-0.17996097580473147,0.18963099763427455,0.5,-0.06838517080579797,-0.7120589859002957,-27.058241464211235,-0.2517445389502897,-41.35203568815463,4,0.8603341344382481,2.2170996431933645,-2.577021594802828,AVAXUSDT,AVAXUSDT,2025-05,2025-10,,
next_open,fixed_horizon_12,base,-0.02,12,,,4.0,5.0,LINKUSDT,45,48.66995681677977,-0.01315514587269687,0.0072545125328830245,0.5111111111111111,-0.005919815642713591,-0.28247446194724496,-12.711350787626024,-0.1812465495745184,-21.026245720096398,3,0.9878302867543889,2.0892111659759407,-2.2110835628053636,LINKUSDT,LINKUSDT,2026-02,2025-12,,
next_open,fixed_horizon_12,base,-0.02,12,,,4.0,5.0,LTCUSDT,40,49.541167743986435,-0.5511350868635359,-0.09205910957296871,0.5,-0.22045403474541436,-0.8323843024158384,-33.295372096633535,-0.3317542059746534,-47.72335113036801,4,0.6197965054159292,1.7968882754421465,-2.8991584491692186,LTCUSDT,LTCUSDT,2025-05,2025-10,,
next_open,fixed_horizon_12,base,-0.02,12,,,4.0,5.0,XRPUSDT,32,42.66828915845914,0.4452011092246233,0.7989382335308267,0.625,0.14246435495187945,0.15548185017300586,4.975419205536188,-0.15730922578566295,-20.797332792684585,3,1.3957529213303366,2.512237167335413,-2.9998589876266917,XRPUSDT,XRPUSDT,2025-11,2025-10,0.9999999999999998,0.6251955337136291
next_open,fixed_horizon_12,base,-0.02,12,,,4.0,5.0,ETHUSDT,36,38.93836757357024,-0.07514895361531028,-0.29654991478340714,0.4166666666666667,-0.027053623301511703,-0.1559549888483794,-5.6143795985416585,-0.12453747346075694,-23.772005292070183,4,0.9288271868396742,2.3537209138512885,-1.8100560018057381,ETHUSDT,ETHUSDT,2026-02,2025-12,,
next_open,fixed_horizon_12,base,-0.02,12,,,4.0,5.0,SOLUSDT,40,43.47540373825982,0.004668187232133372,0.17451802188638232,0.55,0.001867274892853349,-0.3975053401317147,-15.900213605268586,-0.13936130746564387,-26.447107473366785,2,1.0044306100938518,1.9241635515739388,-2.3413817025189623,SOLUSDT,SOLUSDT,2025-05,2026-01,1.0,36.650825172014585
next_open,fixed_horizon_12,base,-0.02,12,,,4.0,5.0,BNBUSDT,17,45.93419126146259,0.14246731029594184,-0.6085866912921339,0.47058823529411764,0.02421944275031011,-0.665320892105674,-11.310455165796458,-0.047907951182144845,-7.598017386638281,3,1.1101867954720936,3.050286722184466,-2.4422610558271907,BNBUSDT,BNBUSDT,2025-11,2025-12,0.9999999999999989,1.7245803774343904
next_open,fixed_horizon_12,base,-0.02,12,,,4.0,5.0,BTCUSDT,4,12.367163389471829,0.746135044052796,-0.44551508510523297,0.5,0.02984540176211184,-0.08060276388389342,-0.3224110555355737,-0.033439471253640676,-3.4442143218306414,1,1.5769131775162042,4.07891595833912,-2.586645870233528,BTCUSDT,BTCUSDT,2026-02,2025-10,1.0,1.2985485594439583
next_close,fixed_horizon_12,stress,-0.02,12,,,8.0,10.0,ADAUSDT,51,52.41409226801102,-0.19226134038291395,-0.3596403596403529,0.43137254901960786,-0.09805328359528612,-0.4097873046053487,-20.899152534872783,-0.22398060966277955,-36.894520691316814,8,0.776597693604104,1.5493441796650065,-1.513479321108923,ADAUSDT,ADAUSDT,2025-11,2025-12,,
next_close,fixed_horizon_12,stress,-0.02,12,,,8.0,10.0,AVAXUSDT,38,39.05363737616507,-0.08377099399502087,0.039070957604740025,0.5263157894736842,-0.03183297771810793,-0.32657372352582287,-12.40980149398127,-0.17739804978260512,-22.589575126648306,3,0.9020811404447828,1.46631246391871,-1.8060859472324993,AVAXUSDT,AVAXUSDT,2026-01,2025-10,,
next_close,fixed_horizon_12,stress,-0.02,12,,,8.0,10.0,LINKUSDT,45,48.66995681677977,-0.06672636648616202,-0.3596403596403529,0.4444444444444444,-0.030026864918772912,-0.35225421973241194,-15.851439887958538,-0.11964897846940108,-20.166577793332902,3,0.926704903033589,1.89821994203146,-1.6386834133002601,LINKUSDT,LINKUSDT,2026-02,2025-12,,
next_close,fixed_horizon_12,stress,-0.02,12,,,8.0,10.0,LTCUSDT,40,49.541167743986435,-0.6279365435269807,-0.6126849746197609,0.4,-0.2511746174107923,-0.8922087968909256,-35.688351875637025,-0.31881802846066964,-43.19295694622713,5,0.5083029957240922,1.6228593189693927,-2.128467118524563,LTCUSDT,LTCUSDT,2025-05,2025-10,,
next_close,fixed_horizon_12,stress,-0.02,12,,,8.0,10.0,XRPUSDT,32,42.66828915845914,0.005033457975067322,-0.004994505819892303,0.5,0.001610706552021543,-0.43269211458204326,-13.846147666625384,-0.16501467607666487,-25.81712383998866,4,1.0051056420989148,1.981790698209416,-1.9717237822592812,XRPUSDT,XRPUSDT,2026-02,2025-10,0.999999999999979,36.16071715957954
next_close,fixed_horizon_12,stress,-0.02,12,,,8.0,10.0,ETHUSDT,36,38.93836757357024,0.17527908625953836,0.06176588573077674,0.5277777777777778,0.0631004710534338,0.10388229044139233,3.7397624558901237,-0.09984001338937712,-23.99262478690841,4,1.228333981279751,1.7865900779771866,-1.6255979044837154,ETHUSDT,ETHUSDT,2026-02,2025-12,1.0000000000000002,0.7445488010489982
next_close,fixed_horizon_12,stress,-0.02,12,,,8.0,10.0,SOLUSDT,40,43.47540373825982,0.052912564809076454,-0.07273033606732272,0.45,0.02116502592363058,-0.4018241573831605,-16.07296629532642,-0.1461619149290232,-27.331321228584518,7,1.0645317847159435,1.9396852194807745,-1.4908105162859497,SOLUSDT,SOLUSDT,2026-02,2026-01,0.9999999999999999,2.341413305175151
next_close,fixed_horizon_12,stress,-0.02,12,,,8.0,10.0,BNBUSDT,17,45.93419126146259,0.33214950878461996,-0.1965875846459023,0.4117647058823529,0.0564654164933854,-0.2034351871291649,-3.458398181195803,-0.07147427964948379,-8.273880460119624,4,1.3895046283114005,2.877609582393667,-1.4496725427417132,BNBUSDT,BNBUSDT,2025-11,2025-12,0.9999999999999999,0.9295043960755165
next_close,fixed_horizon_12,stress,-0.02,12,,,8.0,10.0,BTCUSDT,4,12.367163389471829,0.8107118744305629,0.004263673598144113,0.5,0.03242847497722252,0.3056730446692302,1.2226921786769207,-0.018437084504856233,-1.8675346470154048,1,2.5846650354394987,2.644620268377588,-1.023196519516462,BTCUSDT,BTCUSDT,2026-02,2025-10,1.0,0.9973704137483252
next_open,fixed_horizon_12,stress,-0.02,12,,,8.0,10.0,ADAUSDT,51,52.41409226801102,-0.24633231821826265,-0.3596403596403529,0.43137254901960786,-0.12562948229131396,-0.5054613739036884,-25.778530069088106,-0.2805929336998411,-41.96006395664505,7,0.785599236600682,2.0923947161084073,-2.020539033914358,ADAUSDT,ADAUSDT,2025-11,2025-12,,
next_open,fixed_horizon_12,stress,-0.02,12,,,8.0,10.0,AVAXUSDT,38,39.05363737616507,-0.359691219202068,0.009383598656879629,0.5,-0.13668266329678583,-0.985194227817609,-37.43738065706914,-0.27119030880399586,-49.942277920739265,4,0.7387291956251999,2.0340152867093133,-2.753397725113449,AVAXUSDT,AVAXUSDT,2025-05,2025-10,,
next_open,fixed_horizon_12,stress,-0.02,12,,,8.0,10.0,LINKUSDT,45,48.66995681677977,-0.19311879413792904,-0.17273769416837065,0.4666666666666667,-0.08690345736206806,-0.529242698455537,-23.815921430499163,-0.20619042617735772,-28.179731008373672,3,0.8356559604621145,2.1042208404358704,-2.2032909743900033,LINKUSDT,LINKUSDT,2026-02,2025-12,,
next_open,fixed_horizon_12,stress,-0.02,12,,,8.0,10.0,LTCUSDT,40,49.541167743986435,-0.7303459608575749,-0.2719123506106313,0.425,-0.29213838434302997,-1.0804536939278713,-43.21814775711485,-0.385284612025136,-55.70629580402401,6,0.5276394132003931,1.9195670077143192,-2.6889772854541922,LTCUSDT,LTCUSDT,2025-05,2025-10,,
next_open,fixed_horizon_12,stress,-0.02,12,,,8.0,10.0,XRPUSDT,32,42.66828915845914,0.2645961009948513,0.6178382547907235,0.59375,0.08467075231835242,-0.07808064301233231,-2.498580576394634,-0.17148767360385597,-22.897964018150745,3,1.221567958536876,2.4569170498895887,-2.9395652858513035,XRPUSDT,XRPUSDT,2025-11,2025-10,0.9999999999999997,0.965435696339579
next_open,fixed_horizon_12,stress,-0.02,12,,,8.0,10.0,ETHUSDT,36,38.93836757357024,-0.25502585637223285,-0.47611701984251237,0.4166666666666667,-0.09180930829400383,-0.47546911672542297,-17.116888202115227,-0.1571834598539337,-27.985949046375207,4,0.7800321948309996,2.1704453885715003,-1.987505317046328,ETHUSDT,ETHUSDT,2025-05,2025-12,,
next_open,fixed_horizon_12,stress,-0.02,12,,,8.0,10.0,SOLUSDT,40,43.47540373825982,-0.17532040052538442,-0.0057082300956786906,0.5,-0.07012816021015376,-0.6661687936062315,-26.64675174424926,-0.15544890689777474,-36.05997767709013,3,0.8461146456580895,1.9279438150764827,-2.278584616127251,SOLUSDT,SOLUSDT,2025-05,2026-01,,
next_open,fixed_horizon_12,stress,-0.02,12,,,8.0,10.0,BNBUSDT,17,45.93419126146259,-0.03771409438007116,-0.7877171755051577,0.47058823529411764,-0.006411396044612097,-0.9134177531053468,-15.528101802790895,-0.05324037713387853,-8.600605091797629,3,0.9727978336114647,2.866036519637466,-2.618825751284549,BNBUSDT,BNBUSDT,2025-11,2025-10,,
next_open,fixed_horizon_12,stress,-0.02,12,,,8.0,10.0,BTCUSDT,4,12.367163389471829,0.5651089507486409,-0.6248737490330512,0.5,0.022604358029945634,-0.4092102691647814,-1.6368410766591257,-0.0351925012680252,-3.6265852094216653,1,1.409053351708298,3.893226435169577,-2.7630085336722954,BTCUSDT,BTCUSDT,2026-02,2025-10,1.0,1.5528790051946937
next_close,stop_1atr_horizon_12,base,-0.02,12,1.0,,4.0,5.0,ADAUSDT,55,56.52500146550208,-0.05151955964351851,-0.7584530090044627,0.2727272727272727,-0.02833575780393518,-0.31229974374365765,-17.17648590590117,-0.18243729942562154,-24.796727411985522,8,0.9276156863772268,2.420846185109237,-0.9786567139258018,ADAUSDT,ADAUSDT,2025-10,2025-07,,
next_close,stop_1atr_horizon_12,base,-0.02,12,1.0,,4.0,5.0,AVAXUSDT,40,41.109091974910605,-0.025361512548740358,-0.7338761125728689,0.25,-0.010144605019496142,-0.33328789175463724,-13.331515670185489,-0.1267948032649553,-18.54517021588556,8,0.9616480943269846,2.5436910926599476,-0.8817123809516362,AVAXUSDT,AVAXUSDT,2025-10,2025-05,,
next_close,stop_1atr_horizon_12,base,-0.02,12,1.0,,4.0,5.0,LINKUSDT,49,52.996175200493525,0.10353062516378267,-0.672153335058701,0.30612244897959184,0.0507300063302535,-0.19509902617286873,-9.559852282470567,-0.1075335732853176,-14.117905466390868,7,1.1517624093999634,2.566683653781535,-0.98315453452052,LINKUSDT,LINKUSDT,2025-10,2026-01,0.9999999999999994,1.8709571751097125
next_close,stop_1atr_horizon_12,base,-0.02,12,1.0,,4.0,5.0,LTCUSDT,42,52.018226131185756,-0.17549674390256573,-0.7361811172020316,0.2619047619047619,-0.0737086324390776,-0.5024691550996753,-21.10370451418636,-0.12147052791049193,-20.42527808106189,11,0.7420952626145945,1.9280842538770264,-0.9219287108566143,LTCUSDT,LTCUSDT,2025-10,2025-07,,
next_close,stop_1atr_horizon_12,base,-0.02,12,1.0,,4.0,5.0,XRPUSDT,33,44.00167319466099,0.7280510338210149,-0.7482477472573442,0.30303030303030304,0.2402568411609349,0.15865431381341502,5.235592355842695,-0.09702334591516466,-9.320784013400006,7,1.951127252318921,4.928590461499837,-1.0982704564741257,XRPUSDT,XRPUSDT,2025-10,2025-07,0.9999999999999999,0.9251045068059103
next_close,stop_1atr_horizon_12,base,-0.02,12,1.0,,4.0,5.0,ETHUSDT,38,41.10161021654636,-0.1563966054603365,-0.6345328805733275,0.23684210526315788,-0.059430710074927874,-0.32532631686164953,-12.362400040742681,-0.14253783094124414,-21.24256086097168,16,0.7489822788244481,1.9703145727284352,-0.8164104193809897,ETHUSDT,ETHUSDT,2026-02,2026-01,,
next_close,stop_1atr_horizon_12,base,-0.02,12,1.0,,4.0,5.0,SOLUSDT,43,46.736059018629305,0.014045136577599876,-0.7156696771555403,0.27906976744186046,0.006039408728367946,-0.16937977298425272,-7.283330238322867,-0.09533095017273945,-15.009525926545539,6,1.0199313079854087,2.575421395781065,-0.9774553508559997,SOLUSDT,SOLUSDT,2026-02,2026-01,0.999999999999996,11.153968519416207
next_close,stop_1atr_horizon_12,base,-0.02,12,1.0,,4.0,5.0,BNBUSDT,18,48.636202512136855,-0.1056625804529331,-0.6233439848888442,0.16666666666666666,-0.019019264481527957,-0.29253023762532454,-5.265544277255842,-0.09900543227194114,-8.679488042331574,10,0.8666586192640678,4.120553675587113,-0.9509058316609426,BNBUSDT,BNBUSDT,2026-02,2025-10,,
next_close,stop_1atr_horizon_12,base,-0.02,12,1.0,,4.0,5.0,BTCUSDT,4,12.367163389471829,0.7868437855691995,-0.500588321806837,0.25,0.03147375142276798,-0.2460167096378728,-0.9840668385514912,-0.015296820158377794,-2.5888763300578086,3,2.4860106034309535,5.265378294481788,-0.7060010507349966,BTCUSDT,BTCUSDT,2026-02,2025-10,1.0,1.3180989231837887
next_open,stop_1atr_horizon_12,base,-0.02,12,1.0,,4.0,5.0,ADAUSDT,55,56.52500146550208,0.5641199748330893,-0.6921524738843159,0.2909090909090909,0.3102659861581991,-0.03510740665374115,-1.9309073659557634,-0.13504226264694785,-16.58587513636362,9,1.7843317605688134,4.411537639097897,-1.0143077848652935,ADAUSDT,ADAUSDT,2025-10,2026-02,0.9999999999999998,1.4600567149110142
next_open,stop_1atr_horizon_12,base,-0.02,12,1.0,,4.0,5.0,ETHUSDT,39,42.18323153803443,-0.20297476444347098,-0.6538998795601978,0.15384615384615385,-0.07916015813295368,-0.6095782427579332,-23.773551467559393,-0.1281119785865765,-26.048600810667104,13,0.7232363082023662,3.447676496926154,-0.8667295392379484,ETHUSDT,ETHUSDT,2025-10,2025-06,,
next_open,stop_1atr_horizon_12,base,-0.02,12,1.0,,4.0,5.0,LINKUSDT,48,51.91462060456508,0.5841326580604032,-0.7774184938220121,0.2916666666666667,0.2803836758689935,-0.03910631887229979,-1.8771033058703899,-0.12171984530981561,-15.724451795827516,7,1.8141316032243662,4.462712042830491,-1.0129294415508094,LINKUSDT,LINKUSDT,2025-10,2026-02,1.0,1.5193943943232064
next_open,stop_1atr_horizon_12,base,-0.02,12,1.0,,4.0,5.0,AVAXUSDT,39,40.08136467553784,0.3725092712120359,-0.6196539059423806,0.3076923076923077,0.14527861577269402,-0.04983508062828859,-1.943568144503255,-0.1136319783643967,-15.246908853744769,12,1.586723614369247,3.2740715370334663,-0.9170739580419331,AVAXUSDT,AVAXUSDT,2025-10,2026-02,0.9999999999999997,1.5414812497834935
next_open,stop_1atr_horizon_12,base,-0.02,12,1.0,,4.0,5.0,LTCUSDT,43,53.256755324785416,-0.2796174279214349,-0.7390005046085367,0.27906976744186046,-0.120235494006217,-0.2306840580042049,-9.919414494180812,-0.1867637687968717,-20.225250526805084,10,0.62789830414858,1.6907488738221133,-1.042339867306034,LTCUSDT,LTCUSDT,2025-05,2025-07,,
next_open,stop_1atr_horizon_12,base,-0.02,12,1.0,,4.0,5.0,XRPUSDT,35,46.66844126706468,0.6416339204062798,-0.5748126611899923,0.42857142857142855,0.22457187214219793,0.4170526694397158,14.596843430390052,-0.0814458334804618,-7.62800329862229,6,2.023610318416625,2.959758868629174,-1.0969597907608903,XRPUSDT,XRPUSDT,2026-02,2025-07,0.9999999999999999,0.490124807443206
next_open,stop_1atr_horizon_12,base,-0.02,12,1.0,,4.0,5.0,SOLUSDT,42,45.64917392517281,-0.09306740803272906,-0.7036170972895508,0.23809523809523808,-0.03908831137374621,-0.3530039109631896,-14.826164260453963,-0.14634893146892647,-19.364916186728397,13,0.8663106314406925,2.5329328781382,-0.9136924974611444,SOLUSDT,SOLUSDT,2025-10,2025-11,,
next_open,stop_1atr_horizon_12,base,-0.02,12,1.0,,4.0,5.0,BNBUSDT,19,51.33821376281112,1.2955715726853505,-0.5220239092830726,0.3684210526315789,0.2461585988102166,0.40045266691522025,7.608600671389184,-0.04760686770464634,-4.520808729732521,4,3.149694978400492,5.152388796369949,-0.9542384744639989,BNBUSDT,BNBUSDT,2025-10,2025-12,1.0000000000000002,0.697949430293603
next_open,stop_1atr_horizon_12,base,-0.02,12,1.0,,4.0,5.0,BTCUSDT,5,15.458954236839785,1.6108067195158349,-0.4143949798717002,0.4,0.08054033597579174,0.5438007663225195,2.7190038316125973,-0.015143895984639735,-2.588674870460876,2,4.845450532852598,5.074232661894788,-0.6981439087368005,BTCUSDT,BTCUSDT,2026-02,2026-01,1.0,0.7598084585881053
next_close,stop_1atr_horizon_12,stress,-0.02,12,1.0,,8.0,10.0,ADAUSDT,55,56.52500146550208,-0.20162472486101543,-0.8875136113257379,0.2545454545454545,-0.11089359867355848,-0.5022267998359246,-27.62247399097585,-0.21795990712706137,-33.036147502399416,8,0.7525248098460842,2.408616169999167,-1.0929264938376633,ADAUSDT,ADAUSDT,2025-10,2025-07,,
next_close,stop_1atr_horizon_12,stress,-0.02,12,1.0,,8.0,10.0,AVAXUSDT,40,41.109091974910605,-0.16915945055329687,-0.8629711043832046,0.25,-0.06766378022131875,-0.5403486360526696,-21.613945442106782,-0.15153512732159835,-22.8558385983432,8,0.7771863224935557,2.3601497495456902,-1.0122625172529591,AVAXUSDT,AVAXUSDT,2025-10,2025-05,,
next_close,stop_1atr_horizon_12,stress,-0.02,12,1.0,,8.0,10.0,LINKUSDT,49,52.996175200493525,-0.12331767014466555,-1.0056556338518552,0.2653061224489796,-0.06042565837088612,-0.6125478111333722,-30.01484274553524,-0.13925485393962578,-28.72388801475899,7,0.8465778100329875,2.5648191159723854,-1.094033731798045,LINKUSDT,LINKUSDT,2025-10,2026-01,,
next_close,stop_1atr_horizon_12,stress,-0.02,12,1.0,,8.0,10.0,LTCUSDT,42,52.018226131185756,-0.3196188197675766,-0.8652728837096342,0.2619047619047619,-0.1342399043023822,-0.6919882334136508,-29.06350580337333,-0.171330631713789,-27.755911466325585,11,0.5885169883936994,1.7454043053131942,-1.0523689609252695,LTCUSDT,LTCUSDT,2026-02,2025-07,,
next_close,stop_1atr_horizon_12,stress,-0.02,12,1.0,,8.0,10.0,XRPUSDT,34,45.33505723086283,0.5657790137658948,-0.8687665749852868,0.29411764705882354,0.19236486468040423,-0.04509432796343266,-1.5332071507567104,-0.12255846632552034,-13.408327569343866,9,1.6639165338635424,4.821074074078338,-1.207260594697623,XRPUSDT,XRPUSDT,2025-10,2025-07,1.0000000000000002,1.1148001795241205
next_close,stop_1atr_horizon_12,stress,-0.02,12,1.0,,8.0,10.0,ETHUSDT,38,41.10161021654636,-0.3412436683643701,-0.7637668794792268,0.18421052631578946,-0.12967259397846065,-0.8262253352442613,-31.396562739281933,-0.18026831398811974,-31.900233582945198,16,0.537127874900617,2.149645382128146,-0.903702486217519,ETHUSDT,ETHUSDT,2026-02,2026-01,,
next_close,stop_1atr_horizon_12,stress,-0.02,12,1.0,,8.0,10.0,SOLUSDT,43,46.736059018629305,-0.13117040001049257,-0.8447901445182469,0.27906976744186046,-0.056403272004511805,-0.3727613650480521,-16.028738697066238,-0.12344559561952305,-20.44628178355355,6,0.8357617818261687,2.391835653695807,-1.1078179046709957,SOLUSDT,SOLUSDT,2026-02,2026-01,,
next_close,stop_1atr_horizon_12,stress,-0.02,12,1.0,,8.0,10.0,BNBUSDT,18,48.636202512136855,-0.2522566668062189,-0.7525936399784556,0.16666666666666666,-0.0454062000251194,-0.4799377210699589,-8.63887897925926,-0.11157507027603293,-10.026703542471822,10,0.7222019249412202,3.93480589038983,-1.0896691782454286,BNBUSDT,BNBUSDT,2026-02,2025-10,,
next_close,stop_1atr_horizon_12,stress,-0.02,12,1.0,,8.0,10.0,BTCUSDT,4,12.367163389471829,0.6431558649817901,-0.6300097440903071,0.25,0.025726234599271605,-0.4893306057036467,-1.957322422814587,-0.01787785343526686,-3.1781619756082655,3,2.026829321030945,5.078028601011587,-0.835135047028142,BTCUSDT,BTCUSDT,2026-02,2025-10,1.0,1.4897799883300018
next_open,stop_1atr_horizon_12,stress,-0.02,12,1.0,,8.0,10.0,ADAUSDT,55,56.52500146550208,0.2713434445426213,-0.8216000640723895,0.2545454545454545,0.14923889449844174,-0.3396130288045387,-18.678716584249628,-0.17463570627689132,-23.654837381541753,14,1.3238374745197607,4.357742402506171,-1.1240122972010296,ADAUSDT,ADAUSDT,2025-10,2026-02,0.9999999999999998,2.962175128439184
next_open,stop_1atr_horizon_12,stress,-0.02,12,1.0,,8.0,10.0,ETHUSDT,39,42.18323153803443,-0.3404834226225194,-0.7831067789825606,0.15384615384615385,-0.13278853482278258,-0.8379281445425946,-32.67919763716119,-0.1702994215414395,-33.91747524499718,13,0.5958478452520007,3.2628702424239218,-0.995638634449145,ETHUSDT,ETHUSDT,2025-10,2025-06,,
next_open,stop_1atr_horizon_12,stress,-0.02,12,1.0,,8.0,10.0,LINKUSDT,48,51.91462060456508,0.43865087572570693,-0.906452558482811,0.2916666666666667,0.21055242034833935,-0.2262923572595119,-10.862033148456572,-0.14596866875825426,-19.58270540307572,7,1.542443413178031,4.2764854888243535,-1.1416339649619702,LINKUSDT,LINKUSDT,2025-10,2026-02,0.9999999999999996,1.9653810700993017
next_open,stop_1atr_horizon_12,stress,-0.02,12,1.0,,8.0,10.0,AVAXUSDT,39,40.08136467553784,0.12510597154958672,-0.8313534947244097,0.2564102564102564,0.04879132890433882,-0.36417486664908694,-14.20281979931439,-0.12908760269649286,-20.749184398345804,12,1.1588931745079467,3.5586134028420853,-1.0588621082064473,AVAXUSDT,AVAXUSDT,2025-10,2026-02,1.0000000000000002,4.3825243300835
next_open,stop_1atr_horizon_12,stress,-0.02,12,1.0,,8.0,10.0,LTCUSDT,44,54.495284518385084,-0.6017159870726194,-0.8974515184862416,0.25,-0.2647550343119526,-0.5576415406662382,-24.53622778931448,-0.3208898971455169,-33.23379590627259,10,0.3317050328133594,1.1946354890355133,-1.2004998124419972,LTCUSDT,LTCUSDT,2025-05,2025-11,,
next_open,stop_1atr_horizon_12,stress,-0.02,12,1.0,,8.0,10.0,XRPUSDT,35,46.66844126706468,0.4892455827593649,-0.7041302242610071,0.42857142857142855,0.17123595396577773,0.23152931675449553,8.103526086407344,-0.09354144014553734,-9.323330920197751,6,1.6986104619433058,2.7756353381637613,-1.225546733793932,XRPUSDT,XRPUSDT,2026-02,2025-07,1.0000000000000002,0.5980691066281962
next_open,stop_1atr_horizon_12,stress,-0.02,12,1.0,,8.0,10.0,SOLUSDT,42,45.64917392517281,-0.23611767690199548,-0.8327544293554177,0.21428571428571427,-0.09916942429883811,-0.5557250356420772,-23.34045149696724,-0.17496555047722778,-26.04220033204391,13,0.7045970854915051,2.6282177813193908,-1.0173000745987375,SOLUSDT,SOLUSDT,2025-10,2025-11,,
next_open,stop_1atr_horizon_12,stress,-0.02,12,1.0,,8.0,10.0,BNBUSDT,19,51.33821376281112,1.1452673142418393,-0.6514153375881176,0.3684210526315789,0.21760078970594948,0.21571175568441647,4.098523358003913,-0.05274512831535544,-5.0419817435577015,4,2.674328579860047,4.965197204681287,-1.0830251218478382,BNBUSDT,BNBUSDT,2025-10,2025-12,1.0000000000000002,0.7254591135602014
next_open,stop_1atr_horizon_12,stress,-0.02,12,1.0,,8.0,10.0,BTCUSDT,5,15.458954236839785,1.4584868328775213,-0.5439370091243191,0.4,0.07292434164387607,0.31453325228808604,1.57266626144043,-0.01772514324233856,-3.177758917083576,2,3.938285997089629,4.88715043102553,-0.8272888992211513,BTCUSDT,BTCUSDT,2026-02,2026-01,1.0,0.7954622533422328
next_close,stop_1atr_tp_1_5r,base,-0.02,12,1.0,1.5,4.0,5.0,ADAUSDT,56,57.55272876487484,-0.07487981135907301,-0.6362076403215431,0.375,-0.04193269436108089,-0.33872769953877907,-18.96875117417163,-0.16401727667195204,-20.186272034225816,6,0.879650849941966,1.4594888217322137,-0.9955009912138448,ADAUSDT,ADAUSDT,2025-10,2025-05,,
next_close,stop_1atr_tp_1_5r,base,-0.02,12,1.0,1.5,4.0,5.0,AVAXUSDT,40,41.109091974910605,0.03853277607502683,-0.5365045781283467,0.4,0.015413110430010733,-0.22679738283022516,-9.071895313209007,-0.06733338213928991,-8.524389680088607,6,1.068961258636745,1.493231331119476,-0.9312662606212727,AVAXUSDT,AVAXUSDT,2025-10,2025-05,0.9999999999999996,5.019920631776432
next_close,stop_1atr_tp_1_5r,base,-0.02,12,1.0,1.5,4.0,5.0,LINKUSDT,49,52.996175200493525,0.055872968192418035,-0.6394130409191691,0.3877551020408163,0.027377754414284836,-0.24247813849604266,-11.88142878630609,-0.06335365272415673,-10.951817333807359,5,1.092559576232581,1.7008577484311362,-0.9859507259587702,LINKUSDT,LINKUSDT,2025-10,2025-05,0.9999999999999998,3.236512271987791
next_close,stop_1atr_tp_1_5r,base,-0.02,12,1.0,1.5,4.0,5.0,LTCUSDT,44,54.495284518385084,-0.13243778420047583,-0.6777946512836128,0.38636363636363635,-0.05827262504820936,-0.26550725544600157,-11.682319239624068,-0.10095508129319661,-15.054379340145104,6,0.7888483679571788,1.2806036931049758,-1.022130566207612,LTCUSDT,LTCUSDT,2025-10,2025-07,,
next_close,stop_1atr_tp_1_5r,base,-0.02,12,1.0,1.5,4.0,5.0,XRPUSDT,35,46.66844126706468,-0.1049394724257826,-0.6128171905041805,0.4,-0.036728815349023905,-0.23515857046965094,-8.230549966437783,-0.06386298590988668,-7.882758158448901,4,0.8481834929388761,1.4657155864056837,-1.1520428449800935,XRPUSDT,XRPUSDT,2025-10,2025-07,,
next_close,stop_1atr_tp_1_5r,base,-0.02,12,1.0,1.5,4.0,5.0,ETHUSDT,38,41.10161021654636,-0.09255853158045911,-0.5316146234205312,0.34210526315789475,-0.035172242000574463,-0.3681227871903218,-13.988665913232229,-0.11882661446259771,-16.852615392717702,10,0.8315921264768139,1.3359945208439659,-0.83540611884116,ETHUSDT,ETHUSDT,2026-02,2025-12,,
next_close,stop_1atr_tp_1_5r,base,-0.02,12,1.0,1.5,4.0,5.0,SOLUSDT,43,46.736059018629305,0.008960894884070184,-0.5306831819693109,0.4418604651162791,0.0038531848001501787,-0.09387747591291991,-4.036731464255556,-0.09307375636509348,-12.28664906193143,4,1.0159012356357455,1.2956474741549757,-1.0096659803720636,SOLUSDT,SOLUSDT,2026-02,2025-10,1.0000000000000009,13.507842796401206
next_close,stop_1atr_tp_1_5r,base,-0.02,12,1.0,1.5,4.0,5.0,BNBUSDT,18,48.636202512136855,-0.23476319013305846,-0.5531729196292847,0.2777777777777778,-0.042257374223950525,-0.39065922445297374,-7.031866040153528,-0.07437325610318364,-7.6028931474323524,7,0.6733408232365906,1.7420980135745425,-0.9950944223282897,BNBUSDT,BNBUSDT,2026-02,2025-10,,
next_close,stop_1atr_tp_1_5r,base,-0.02,12,1.0,1.5,4.0,5.0,BTCUSDT,4,12.367163389471829,0.7380442964947211,0.46871712782024544,0.5,0.029521771859788846,0.013454423899696921,0.053817695598787685,-0.004128555072464636,-1.458182165985944,2,3.948707608003336,1.9766769147962795,-0.500588321806837,BTCUSDT,BTCUSDT,2026-02,2025-10,1.0,1.3391316240666982
next_open,stop_1atr_tp_1_5r,base,-0.02,12,1.0,1.5,4.0,5.0,ADAUSDT,57,58.58045606424761,0.08373938678682744,-0.5745906162979706,0.43859649122807015,0.04773145046849164,-0.15704414120525195,-8.95151604869936,-0.11274898079505753,-14.005497746998234,6,1.1386863809414074,1.5675988434369261,-1.0755258137210622,ADAUSDT,ADAUSDT,2025-10,2025-08,1.0000000000000002,3.618294605581464
next_open,stop_1atr_tp_1_5r,base,-0.02,12,1.0,1.5,4.0,5.0,AVAXUSDT,41,42.13681927428337,-0.11042064401056759,-0.5681589565501921,0.34146341463414637,-0.04527246404433271,-0.3301654689730478,-13.53678422789496,-0.13460903949317815,-20.220055690633828,10,0.8176844808597014,1.4503346190278614,-0.9197011507712343,AVAXUSDT,AVAXUSDT,2025-10,2026-02,,
next_open,stop_1atr_tp_1_5r,base,-0.02,12,1.0,1.5,4.0,5.0,LINKUSDT,50,54.07772979642196,0.10581783398612857,-0.5803367254207653,0.44,0.052908916993064284,-0.1103779350219569,-5.518896751097845,-0.1106356454174974,-11.767416387626671,4,1.183860971270507,1.5485218736806206,-1.0277353400595437,LINKUSDT,LINKUSDT,2025-10,2026-02,1.0,2.2915131931645387
next_open,stop_1atr_tp_1_5r,base,-0.02,12,1.0,1.5,4.0,5.0,LTCUSDT,45,55.733813711984745,-0.21097835922475877,-0.6807463418521638,0.37777777777777777,-0.09494026165114144,-0.21207310401133014,-9.543289680509856,-0.13428491209747645,-14.82096947842335,6,0.6803156756005021,1.1884766115524001,-1.0606474486251765,LTCUSDT,LTCUSDT,2025-05,2025-10,,
next_open,stop_1atr_tp_1_5r,base,-0.02,12,1.0,1.5,4.0,5.0,XRPUSDT,37,49.33520933946838,0.4809937871257892,0.5458234857726628,0.5405405405405406,0.17796770123654201,0.15463312460270026,5.72142561029991,-0.05016521179253024,-5.801608333452096,4,2.0316795483469807,1.7523529445162631,-1.0147228686277094,XRPUSDT,XRPUSDT,2025-10,2025-07,1.0,0.514784813271685
next_open,stop_1atr_tp_1_5r,base,-0.02,12,1.0,1.5,4.0,5.0,ETHUSDT,39,42.18323153803443,-0.31912500511587477,-0.6418669947836029,0.2564102564102564,-0.12445875199519116,-0.5788809614942919,-22.576357498277385,-0.15723911956099937,-24.24201804799257,11,0.520656275489251,1.3518531056601644,-0.8953243536593367,ETHUSDT,ETHUSDT,2025-10,2025-06,,
next_open,stop_1atr_tp_1_5r,base,-0.02,12,1.0,1.5,4.0,5.0,SOLUSDT,43,46.736059018629305,-0.166733972532776,-0.6560157475471127,0.32558139534883723,-0.07169560818909368,-0.3826558524849807,-16.45420165685417,-0.09675674186077564,-17.783581265469,6,0.7379121595882076,1.441857404663578,-0.9432953270413605,SOLUSDT,SOLUSDT,2025-10,2026-01,,
next_open,stop_1atr_tp_1_5r,base,-0.02,12,1.0,1.5,4.0,5.0,BNBUSDT,19,51.33821376281112,0.24362711410279514,-0.4500751769603935,0.42105263157894735,0.04628915167953107,-0.18909513792421115,-3.592807620560012,-0.030537743702447932,-4.78222129766838,2,1.46185467063773,1.8314205984196474,-0.9111317835821882,BNBUSDT,BNBUSDT,2025-10,2025-12,1.0,1.0081805821716519
next_open,stop_1atr_tp_1_5r,base,-0.02,12,1.0,1.5,4.0,5.0,BTCUSDT,5,15.458954236839785,0.4099796756999964,-0.4143949798717002,0.4,0.02049898378499982,-0.213839757386907,-1.069198786934535,-0.015143895984639735,-2.588674870460876,2,1.9787372645509926,2.0721650523551918,-0.6981439087368005,BTCUSDT,BTCUSDT,2026-02,2026-01,1.0,0.7579820701490195
next_close,stop_1atr_tp_1_5r,stress,-0.02,12,1.0,1.5,8.0,10.0,ADAUSDT,56,57.55272876487484,-0.21112943337356468,-0.776351177818754,0.35714285714285715,-0.11823248268919621,-0.5079073163900606,-28.442809717843392,-0.19601422753604048,-27.163426399804692,6,0.7011039018213231,1.3866566917488639,-1.098788391774914,ADAUSDT,ADAUSDT,2025-10,2025-05,,
next_close,stop_1atr_tp_1_5r,stress,-0.02,12,1.0,1.5,8.0,10.0,AVAXUSDT,41,42.13681927428337,-0.15511440449908734,-0.7497275266996855,0.34146341463414637,-0.06359690584462581,-0.5586039353809147,-22.902761350617503,-0.10503541778988998,-21.596269668265688,6,0.7729565045021106,1.5465143090443894,-1.0374404041142233,AVAXUSDT,AVAXUSDT,2025-10,2025-05,,
next_close,stop_1atr_tp_1_5r,stress,-0.02,12,1.0,1.5,8.0,10.0,LINKUSDT,49,52.996175200493525,-0.1276632827547486,-0.7800216126730428,0.3469387755102041,-0.06255500854982682,-0.5162013715399593,-25.293867205458003,-0.09039321116601118,-24.00291247468175,5,0.8209961841334708,1.687687430809991,-1.0920683493360166,LINKUSDT,LINKUSDT,2025-10,2025-05,,
next_close,stop_1atr_tp_1_5r,stress,-0.02,12,1.0,1.5,8.0,10.0,LTCUSDT,44,54.495284518385084,-0.2657739028342766,-0.8069681156873201,0.38636363636363635,-0.11694051724708171,-0.437909432041577,-19.268015009829387,-0.14605246021115958,-21.118196605360282,6,0.6236490560800587,1.1398910633007824,-1.1508222148452396,LTCUSDT,LTCUSDT,2025-10,2025-07,,
next_close,stop_1atr_tp_1_5r,stress,-0.02,12,1.0,1.5,8.0,10.0,XRPUSDT,36,48.00182530326653,-0.23013011049007193,-0.7422830721748186,0.3888888888888889,-0.08284683977642589,-0.4052832528128905,-14.590197101264058,-0.10215446689705009,-13.399263195306474,6,0.7003534044277939,1.3831070892196637,-1.2567356012144488,XRPUSDT,XRPUSDT,2025-10,2025-07,,
next_close,stop_1atr_tp_1_5r,stress,-0.02,12,1.0,1.5,8.0,10.0,ETHUSDT,38,41.10161021654636,-0.26770726081479534,-0.6714135207408554,0.2894736842105263,-0.10172875910962223,-0.7230055860070131,-27.4742122682665,-0.1680970971957609,-28.826754273970543,10,0.5981513566203193,1.3765742688355187,-0.937599735857516,ETHUSDT,ETHUSDT,2026-02,2025-12,,
next_close,stop_1atr_tp_1_5r,stress,-0.02,12,1.0,1.5,8.0,10.0,SOLUSDT,43,46.736059018629305,-0.15078862192549697,-0.7048746931686791,0.4186046511627907,-0.0648391074279637,-0.33924431803783545,-14.587505675626925,-0.1251438428202559,-16.96973083783052,4,0.769094206532134,1.1998010369564984,-1.1232131763205337,SOLUSDT,SOLUSDT,2026-02,2025-10,,
next_close,stop_1atr_tp_1_5r,stress,-0.02,12,1.0,1.5,8.0,10.0,BNBUSDT,18,48.636202512136855,-0.5207951023070535,-0.7525936399784556,0.2222222222222222,-0.09374311841526962,-0.7071243931814869,-12.728239077266764,-0.11192451973740428,-12.36965234131203,10,0.4160900868940082,1.6700171298532365,-1.1467414543528507,BNBUSDT,BNBUSDT,2026-02,2025-10,,
next_close,stop_1atr_tp_1_5r,stress,-0.02,12,1.0,1.5,8.0,10.0,BTCUSDT,4,12.367163389471829,0.6068897040770734,0.33793939436641096,0.5,0.024275588163082937,-0.22325449315373547,-0.8930179726149419,-0.005423996906228737,-1.9166822361835356,2,2.926604182776197,1.843789152244454,-0.6300097440903071,BTCUSDT,BTCUSDT,2026-02,2025-10,1.0,1.5190479751575234
next_open,stop_1atr_tp_1_5r,stress,-0.02,12,1.0,1.5,8.0,10.0,ADAUSDT,57,58.58045606424761,-0.1540801308027758,-0.7683082724463893,0.38596491228070173,-0.08782567455758221,-0.4099719632590397,-23.36840190576526,-0.15331750199050098,-26.967505381235743,6,0.7879191853261963,1.4831296108121454,-1.1831833969607266,ADAUSDT,ADAUSDT,2025-10,2025-07,,
next_open,stop_1atr_tp_1_5r,stress,-0.02,12,1.0,1.5,8.0,10.0,AVAXUSDT,41,42.13681927428337,-0.38846204464646017,-0.7994789034619781,0.2926829268292683,-0.15926943830504867,-0.6650270226755829,-27.266107929698897,-0.1955898836008896,-30.920110418019448,10,0.4833560155434614,1.2417293696282514,-1.0630240091739271,AVAXUSDT,AVAXUSDT,2025-10,2026-02,,
next_open,stop_1atr_tp_1_5r,stress,-0.02,12,1.0,1.5,8.0,10.0,LINKUSDT,50,54.07772979642196,-0.026446515885031618,-0.7096465588849517,0.44,-0.013223257942515809,-0.27896040018514834,-13.948020009257418,-0.13390277495653008,-17.27238362793987,4,0.9591619341652803,1.411700468096871,-1.1564191461565263,LINKUSDT,LINKUSDT,2025-10,2026-02,,
next_open,stop_1atr_tp_1_5r,stress,-0.02,12,1.0,1.5,8.0,10.0,LTCUSDT,45,55.733813711984745,-0.4328879323144984,-0.8336386371149702,0.3333333333333333,-0.19479956954152428,-0.4923671035883896,-22.15651966147753,-0.22888429152168216,-26.71138582958429,6,0.45153464929349146,1.0691499496689656,-1.1839068733062306,LTCUSDT,LTCUSDT,2025-05,2026-01,,
next_open,stop_1atr_tp_1_5r,stress,-0.02,12,1.0,1.5,8.0,10.0,XRPUSDT,37,49.33520933946838,0.3167426477884955,0.4124055686657445,0.5405405405405406,0.11719477968174333,-0.021498631542442505,-0.7954493670703726,-0.061583749410696914,-7.76254714289967,4,1.6029089164161112,1.5578850485903035,-1.1434248825665725,XRPUSDT,XRPUSDT,2026-02,2025-07,0.9999999999999999,0.711681297160542
next_open,stop_1atr_tp_1_5r,stress,-0.02,12,1.0,1.5,8.0,10.0,ETHUSDT,39,42.18323153803443,-0.49809619766939955,-0.7710907313505785,0.20512820512820512,-0.1942575170910658,-0.9269144814376913,-36.14966477606996,-0.21658226629773317,-37.48075668867703,13,0.3731700479488196,1.4455891651730761,-0.9996924203384251,ETHUSDT,ETHUSDT,2025-10,2025-06,,
next_open,stop_1atr_tp_1_5r,stress,-0.02,12,1.0,1.5,8.0,10.0,SOLUSDT,43,46.736059018629305,-0.29894162226899185,-0.7852196863182395,0.3023255813953488,-0.1285448975756665,-0.5690554388789039,-24.469383871792868,-0.13743746830050851,-25.628026620260503,6,0.5893209791159205,1.4189296833808671,-1.0433525213839308,SOLUSDT,SOLUSDT,2025-10,2026-01,,
next_open,stop_1atr_tp_1_5r,stress,-0.02,12,1.0,1.5,8.0,10.0,BNBUSDT,19,51.33821376281112,0.11054012030304185,-0.5795672803100093,0.42105263157894735,0.02100262285757795,-0.35941758695359904,-6.828934152118382,-0.03644756044539723,-7.095445308856064,2,1.1835931122146375,1.6925035648674667,-1.0399787484710856,BNBUSDT,BNBUSDT,2025-10,2025-12,1.0,1.637555129716121
next_open,stop_1atr_tp_1_5r,stress,-0.02,12,1.0,1.5,8.0,10.0,BTCUSDT,5,15.458954236839785,0.27928413126352436,-0.5439370091243191,0.4,0.013964206563176217,-0.4278274078051517,-2.1391370390257585,-0.01772514324233856,-3.177758917083576,2,1.5626493387546874,1.9391436769905381,-0.8272888992211513,BTCUSDT,BTCUSDT,2026-02,2026-01,1.0000000000000002,0.924770273634863
next_close,wide_1_5atr_tp_1_5r,base,-0.02,12,1.5,1.5,4.0,5.0,ADAUSDT,54,55.497274166129316,-0.14997712063550686,-0.7972046029190546,0.4074074074074074,-0.0809876451431737,-0.3698535966182788,-19.972094217387056,-0.17863523469126752,-25.008502587265212,6,0.8111077222109111,1.5807399267738913,-1.3398450907294681,ADAUSDT,ADAUSDT,2025-10,2025-08,,
next_close,wide_1_5atr_tp_1_5r,base,-0.02,12,1.5,1.5,4.0,5.0,AVAXUSDT,39,40.08136467553784,0.0916027440174173,-0.6127137568771437,0.4358974358974359,0.035725070166792744,-0.21141094640343347,-8.245026909733905,-0.08815402125827436,-12.950103714561822,5,1.1392824567186413,1.71893383648738,-1.1658803728911904,AVAXUSDT,AVAXUSDT,2025-10,2025-05,1.0,1.978030446508427
next_close,wide_1_5atr_tp_1_5r,base,-0.02,12,1.5,1.5,4.0,5.0,LINKUSDT,48,51.91462060456508,0.15680909686948738,-0.5514853008844246,0.4583333333333333,0.07526836649735394,-0.14930022288869318,-7.166410698657273,-0.08047816216320532,-9.478660690308557,4,1.2135740280848692,1.944050959256836,-1.3554724789967307,LINKUSDT,LINKUSDT,2025-10,2025-05,0.9999999999999998,1.0957738883031845
next_close,wide_1_5atr_tp_1_5r,base,-0.02,12,1.5,1.5,4.0,5.0,XRPUSDT,33,44.00167319466099,0.11624779129009216,-0.7231130257388413,0.42424242424242425,0.038361771125730415,-0.17374868966171006,-5.733706758836432,-0.09307073721721058,-7.444898609986369,4,1.1524827734547636,2.0710199107336544,-1.3241106125104274,XRPUSDT,XRPUSDT,2025-10,2025-08,0.9999999999999992,1.8284959775856002
next_close,wide_1_5atr_tp_1_5r,base,-0.02,12,1.5,1.5,4.0,5.0,LTCUSDT,43,53.256755324785416,-0.21035602407936602,-0.6782415168905603,0.4186046511627907,-0.09045309035412738,-0.3519047277715506,-15.131903294176675,-0.16068796287412668,-20.233465021809398,5,0.7434171911472455,1.4559818082885367,-1.410119263384256,LTCUSDT,LTCUSDT,2025-10,2025-11,,
next_close,wide_1_5atr_tp_1_5r,base,-0.02,12,1.5,1.5,4.0,5.0,ETHUSDT,38,41.10161021654636,-0.019238114839099377,-0.7118041473142883,0.42105263157894735,-0.007310483638857764,-0.338178948103701,-12.85080002794064,-0.12554249234250653,-18.711026873157266,4,0.9702011057591864,1.4876053899719799,-1.115124300156248,ETHUSDT,ETHUSDT,2026-02,2025-12,,
next_close,wide_1_5atr_tp_1_5r,base,-0.02,12,1.5,1.5,4.0,5.0,SOLUSDT,41,44.562288831716316,-0.04133139391176981,-0.625575820211016,0.3902439024390244,-0.01694587150382562,-0.16949530823818867,-6.9493076377657355,-0.11825136991224433,-15.549355343226441,6,0.9452488361703867,1.8285074001728816,-1.2380282221259469,SOLUSDT,SOLUSDT,2026-02,2026-01,,
next_close,wide_1_5atr_tp_1_5r,base,-0.02,12,1.5,1.5,4.0,5.0,BNBUSDT,18,48.636202512136855,-0.3261220685059884,-0.7647693794439326,0.2777777777777778,-0.05870197233107791,-0.5691817970843633,-10.24527234751854,-0.10892754763688732,-11.565624604797357,5,0.6656485519514633,2.3373538895638046,-1.3505358985328317,BNBUSDT,BNBUSDT,2026-02,2025-10,,
next_close,wide_1_5atr_tp_1_5r,base,-0.02,12,1.5,1.5,4.0,5.0,BTCUSDT,4,12.367163389471829,1.1720564447420678,0.7680656917303599,0.5,0.04688225778968271,0.13834194889967943,0.5533677955987177,-0.005542932608697204,-1.957732265986003,2,4.4176098274491284,3.0300053721944162,-0.6858924827102805,BTCUSDT,BTCUSDT,2026-02,2025-10,1.0,1.292602154865171
next_open,wide_1_5atr_tp_1_5r,base,-0.02,12,1.5,1.5,4.0,5.0,AVAXUSDT,40,41.109091974910605,0.06242723901286873,-0.734670499441181,0.375,0.024970895605147495,-0.3435929622652911,-13.743718490611645,-0.10168812882719257,-22.433380743313403,7,1.0887160219835774,2.0429390708881523,-1.1258798601123015,AVAXUSDT,AVAXUSDT,2025-10,2025-11,1.0000000000000002,3.987325743815331
next_open,wide_1_5atr_tp_1_5r,base,-0.02,12,1.5,1.5,4.0,5.0,LTCUSDT,44,54.495284518385084,-0.34510561175309223,-0.9572389059691381,0.3181818181818182,-0.15184646917136058,-0.4777828132620476,-21.022443783530093,-0.20897737437740746,-28.935568699155958,10,0.6131815401875588,1.719327235455324,-1.3085076071170199,LTCUSDT,LTCUSDT,2025-10,2025-07,,
next_open,wide_1_5atr_tp_1_5r,base,-0.02,12,1.5,1.5,4.0,5.0,XRPUSDT,34,45.33505723086283,0.2497379289053459,-0.08536786130610577,0.5,0.0849108958278176,0.09360681412688639,3.1826316803141372,-0.11828356277182203,-9.512379645679651,5,1.3128091889554008,2.0962187779232644,-1.5967429201125725,XRPUSDT,XRPUSDT,2025-10,2025-07,0.9999999999999999,1.5593949658736765
next_open,wide_1_5atr_tp_1_5r,base,-0.02,12,1.5,1.5,4.0,5.0,ETHUSDT,39,42.18323153803443,-0.19519203574458122,-0.7589028160513744,0.3333333333333333,-0.07612489394038667,-0.49620552527799333,-19.35201548584174,-0.12009685240289757,-21.81124545522814,7,0.7594437954572056,1.848682898251901,-1.2171295027428224,ETHUSDT,ETHUSDT,2026-02,2025-06,,
next_open,wide_1_5atr_tp_1_5r,base,-0.02,12,1.5,1.5,4.0,5.0,LINKUSDT,49,52.996175200493525,-0.056358287843751,-0.8775546320388076,0.3877551020408163,-0.02761556104343799,-0.35388589122111636,-17.3404086698347,-0.11825653376572398,-19.262044048578765,7,0.9345121094235936,2.0740737816662635,-1.40563193186676,LINKUSDT,LINKUSDT,2025-10,2026-02,,
next_open,wide_1_5atr_tp_1_5r,base,-0.02,12,1.5,1.5,4.0,5.0,ADAUSDT,55,56.52500146550208,0.057574429311951274,-0.7283895943568204,0.43636363636363634,0.0316659361215732,-0.17775152522865473,-9.77633388757601,-0.16155015574689793,-20.460733226156464,5,1.0721624583507747,1.9603353261292165,-1.415530781127222,ADAUSDT,ADAUSDT,2025-10,2026-02,1.0,6.634846244272647
next_open,wide_1_5atr_tp_1_5r,base,-0.02,12,1.5,1.5,4.0,5.0,SOLUSDT,43,46.736059018629305,-0.16332079610508798,-0.8028916573788548,0.37209302325581395,-0.07022794232518784,-0.36787236774278376,-15.818511812939702,-0.135887367686241,-20.252334265895982,4,0.7983585909753591,1.7378338033665044,-1.2899309291252903,SOLUSDT,SOLUSDT,2025-10,2025-06,,
next_open,wide_1_5atr_tp_1_5r,base,-0.02,12,1.5,1.5,4.0,5.0,BNBUSDT,18,48.636202512136855,0.22693239842558488,-0.6640843146825969,0.3888888888888889,0.040847831716605276,-0.3500020220701878,-6.300036397263381,-0.04450681555367201,-7.235251324517439,3,1.3023631272850145,2.5134730422103035,-1.228138920346509,BNBUSDT,BNBUSDT,2025-10,2025-12,1.0000000000000002,0.8548027780839835
next_open,wide_1_5atr_tp_1_5r,base,-0.02,12,1.5,1.5,4.0,5.0,BTCUSDT,5,15.458954236839785,0.6799595135499819,-0.5566024698075698,0.4,0.03399797567749909,-0.21383975738691863,-1.0691987869345931,-0.021416043976959988,-3.5877750704609457,2,2.1537731783338767,3.173237578532774,-0.9822258631052128,BTCUSDT,BTCUSDT,2026-02,2026-01,1.0,0.7237664230768626
next_close,wide_1_5atr_tp_1_5r,stress,-0.02,12,1.5,1.5,8.0,10.0,ADAUSDT,54,55.497274166129316,-0.37040105181653155,-0.9441607240306052,0.37037037037037035,-0.20001656798092704,-0.6288442170605002,-33.95758772126701,-0.24407274776609053,-36.73562610630964,8,0.5967911924981911,1.480227166468797,-1.4590058861020192,ADAUSDT,ADAUSDT,2025-10,2025-08,,
next_close,wide_1_5atr_tp_1_5r,stress,-0.02,12,1.5,1.5,8.0,10.0,AVAXUSDT,39,40.08136467553784,-0.06307820346614702,-0.7839226023139723,0.4358974358974359,-0.02460049935179734,-0.4448375559203953,-17.348664680895418,-0.11134317992640236,-17.591019850547877,5,0.9154038941246545,1.5658760614562932,-1.3218155899971238,AVAXUSDT,AVAXUSDT,2025-10,2025-05,,
next_close,wide_1_5atr_tp_1_5r,stress,-0.02,12,1.5,1.5,8.0,10.0,LINKUSDT,48,51.91462060456508,0.014002759158088861,-0.7057655949276013,0.4583333333333333,0.006721324395882654,-0.33550669408181055,-16.104321315926907,-0.09001525103259758,-14.333795650035722,4,1.0173786033966874,1.7885451308273075,-1.4875330937927878,LINKUSDT,LINKUSDT,2025-10,2025-05,0.9999999999999993,10.676075531395966
next_close,wide_1_5atr_tp_1_5r,stress,-0.02,12,1.5,1.5,8.0,10.0,XRPUSDT,33,44.00167319466099,-0.0231022328592465,-0.85222307791525,0.3939393939393939,-0.007623736843551345,-0.34701313074453466,-11.451433314569643,-0.10335025705210696,-11.203298502873338,5,0.9726313316298628,2.084102779880799,-1.3927854911402762,XRPUSDT,XRPUSDT,2025-10,2026-01,,
next_close,wide_1_5atr_tp_1_5r,stress,-0.02,12,1.5,1.5,8.0,10.0,LTCUSDT,43,53.256755324785416,-0.3540980258423751,-0.8503781785259316,0.4186046511627907,-0.15226215111222127,-0.5396271630763851,-23.20396801228456,-0.2073921519392029,-26.557300649674804,5,0.6050926194705062,1.296122534115553,-1.5422568290120833,LTCUSDT,LTCUSDT,2025-10,2025-11,,
next_close,wide_1_5atr_tp_1_5r,stress,-0.02,12,1.5,1.5,8.0,10.0,ETHUSDT,38,41.10161021654636,-0.15851784159068458,-0.8409300235615612,0.42105263157894735,-0.06023677980446014,-0.5715801703663027,-21.720046473919503,-0.15795590625802455,-23.866131952439687,4,0.7802455463535919,1.3367043986266505,-1.2459521981123827,ETHUSDT,ETHUSDT,2026-02,2025-06,,
next_close,wide_1_5atr_tp_1_5r,stress,-0.02,12,1.5,1.5,8.0,10.0,SOLUSDT,41,44.562288831716316,-0.18112425201062438,-0.7548223523808425,0.3902439024390244,-0.074260943324356,-0.37065701290702524,-15.196937529188036,-0.1562104226886466,-20.517721627802338,6,0.7841863030168484,1.6864781817062093,-1.376389809589398,SOLUSDT,SOLUSDT,2026-02,2026-01,,
next_close,wide_1_5atr_tp_1_5r,stress,-0.02,12,1.5,1.5,8.0,10.0,BNBUSDT,18,48.636202512136855,-0.581090456378704,-0.9989304599676837,0.2222222222222222,-0.10459628214816674,-0.8734911931814792,-15.722841477266625,-0.14304060993931228,-16.112905341311926,10,0.5019122905969345,2.6349856947798496,-1.4999693567097194,BNBUSDT,BNBUSDT,2026-02,2025-10,,
next_close,wide_1_5atr_tp_1_5r,stress,-0.02,12,1.5,1.5,8.0,10.0,BTCUSDT,4,12.367163389471829,1.0402945561156116,0.6368690915496137,0.5,0.041611782244624466,-0.09847939315374721,-0.39391757261498883,-0.006836395359343328,-2.4157826361836054,2,3.552699010645719,2.8956437283666867,-0.8150546161354633,BTCUSDT,BTCUSDT,2026-02,2025-10,1.0,1.3917422288446943
next_open,wide_1_5atr_tp_1_5r,stress,-0.02,12,1.5,1.5,8.0,10.0,AVAXUSDT,40,41.109091974910605,-0.14134467514853646,-0.9076507720832251,0.35,-0.05653787005941459,-0.6529588176146065,-26.11835270458426,-0.11828323802215283,-31.664803791595958,7,0.8260568154313649,1.9178467879108734,-1.2501400783343726,AVAXUSDT,AVAXUSDT,2025-10,2026-01,,
next_open,wide_1_5atr_tp_1_5r,stress,-0.02,12,1.5,1.5,8.0,10.0,LTCUSDT,44,54.495284518385084,-0.5210456772594793,-1.1027057348893317,0.29545454545454547,-0.22926009799417085,-0.7420981057909366,-32.65231665480121,-0.2805170526787477,-39.52739664227457,10,0.48199818995810156,1.640964748067481,-1.4276952104611078,LTCUSDT,LTCUSDT,2025-10,2025-07,,
next_open,wide_1_5atr_tp_1_5r,stress,-0.02,12,1.5,1.5,8.0,10.0,ETHUSDT,39,42.18323153803443,-0.4038384169218539,-0.8879627889752489,0.28205128205128205,-0.15749698259952302,-0.912177370700847,-35.57491745733304,-0.16886553345212185,-35.54448526323805,7,0.5711259704554128,1.906697131947803,-1.3115488111206473,ETHUSDT,ETHUSDT,2026-02,2025-06,,
next_open,wide_1_5atr_tp_1_5r,stress,-0.02,12,1.5,1.5,8.0,10.0,LINKUSDT,49,52.996175200493525,-0.2187548081591674,-1.0293074797562802,0.3673469387755102,-0.10718985599799204,-0.5699284158902483,-27.926492378622168,-0.15877686410525543,-28.39972875837013,7,0.7725948960557485,2.023172015652962,-1.5205187703726615,LINKUSDT,LINKUSDT,2025-10,2026-02,,
next_open,wide_1_5atr_tp_1_5r,stress,-0.02,12,1.5,1.5,8.0,10.0,XRPUSDT,34,45.33505723086283,0.046148176843993624,-0.8686660016419326,0.47058823529411764,0.015690380126957833,-0.18295637236726983,-6.220516660487174,-0.1285278032869238,-10.775640795751816,5,1.051421585151599,2.00514097047971,-1.6951787508321985,XRPUSDT,XRPUSDT,2025-10,2025-07,1.0000000000000004,7.783024502890507
next_open,wide_1_5atr_tp_1_5r,stress,-0.02,12,1.5,1.5,8.0,10.0,ADAUSDT,55,56.52500146550208,-0.08169349549884962,-0.869594713091598,0.41818181818181815,-0.04493142252436729,-0.35066762496582304,-19.286719373120267,-0.19073704568707472,-28.239062649098756,7,0.9064110180659622,1.892007203330649,-1.5002908727825521,ADAUSDT,ADAUSDT,2025-10,2026-02,,
next_open,wide_1_5atr_tp_1_5r,stress,-0.02,12,1.5,1.5,8.0,10.0,SOLUSDT,43,46.736059018629305,-0.36383584490175563,-0.9338005816032585,0.32558139534883723,-0.15644941330775491,-0.6470824580439638,-27.824545695890443,-0.1902557576119951,-31.709602565780376,7,0.6077714741977228,1.7315978588344636,-1.375424529464068,SOLUSDT,SOLUSDT,2025-10,2026-02,,
next_open,wide_1_5atr_tp_1_5r,stress,-0.02,12,1.5,1.5,8.0,10.0,BNBUSDT,18,48.636202512136855,0.0161209362236094,-0.7932769634235785,0.3888888888888889,0.002901768520249692,-0.581763833802514,-10.47174900844525,-0.07150730639818109,-10.887379955722858,3,1.017836246108001,2.365588396188373,-1.478994720117604,BNBUSDT,BNBUSDT,2025-10,2025-12,0.9999999999999976,3.4431634918633796
next_open,wide_1_5atr_tp_1_5r,stress,-0.02,12,1.5,1.5,8.0,10.0,BTCUSDT,5,15.458954236839785,0.5488861968952821,-0.6859455136865064,0.4,0.027444309844764106,-0.4278274078051664,-2.139137039025832,-0.023988514863508115,-4.175959717083639,2,1.8234313893495169,3.0386755154858123,-1.1109733488317382,BTCUSDT,BTCUSDT,2026-02,2026-01,1.0,0.8005202102385913
next_close,wide_1_5atr_tp_2r,base,-0.02,12,1.5,2.0,4.0,5.0,ADAUSDT,54,55.497274166129316,-0.14809935262703045,-0.8179310136504383,0.37037037037037035,-0.07997365041859644,-0.38918896184355484,-21.01620393955196,-0.175178467146394,-29.504453487265234,8,0.8238650170816414,1.8703692979247073,-1.335433852951582,ADAUSDT,ADAUSDT,2025-10,2025-08,,
next_close,wide_1_5atr_tp_2r,base,-0.02,12,1.5,2.0,4.0,5.0,AVAXUSDT,39,40.08136467553784,-0.003127658073941618,-0.6547168460408085,0.38461538461538464,-0.001219786648837231,-0.3031752233299455,-11.823833709867875,-0.1137335593205208,-16.0231169833704,7,0.9956043056818235,1.8418399941563142,-1.1562324407178513,AVAXUSDT,AVAXUSDT,2025-10,2025-05,,
next_close,wide_1_5atr_tp_2r,base,-0.02,12,1.5,2.0,4.0,5.0,LINKUSDT,48,51.91462060456508,0.17638445044692064,-0.7612773193576424,0.4166666666666667,0.0846645362145219,-0.12366101319320538,-5.935728633273858,-0.0804781621632053,-10.064096463998577,4,1.2286302623907082,2.27488282296314,-1.3225429584932364,LINKUSDT,LINKUSDT,2025-10,2025-05,0.9999999999999997,1.0565428030156132
next_close,wide_1_5atr_tp_2r,base,-0.02,12,1.5,2.0,4.0,5.0,XRPUSDT,33,44.00167319466099,0.12517224207240488,-0.7585254990453539,0.3939393939393939,0.04130683988389361,-0.25704886429113494,-8.482612521607454,-0.09995590987707256,-11.057966239462084,4,1.15655931214781,2.3472947319313597,-1.3192073763359158,XRPUSDT,XRPUSDT,2025-10,2025-08,1.0,1.8045682284690723
next_close,wide_1_5atr_tp_2r,base,-0.02,12,1.5,2.0,4.0,5.0,LTCUSDT,43,53.256755324785416,-0.19815451905381143,-0.7212655412367907,0.37209302325581395,-0.08520644319313891,-0.38614889576912836,-16.60440251807252,-0.1710459703261743,-21.49126410186272,10,0.765672066824488,1.740087934202582,-1.3467426395020445,LTCUSDT,LTCUSDT,2025-10,2025-07,,
next_close,wide_1_5atr_tp_2r,base,-0.02,12,1.5,2.0,4.0,5.0,ETHUSDT,38,41.10161021654636,-0.01876434527515677,-0.7304987216828901,0.39473684210526316,-0.007130451204559573,-0.35065863219492793,-13.325028023407262,-0.13077990667277145,-19.81399339467823,4,0.9719508513028795,1.647215320336812,-1.1052728228481798,ETHUSDT,ETHUSDT,2026-02,2025-12,,
next_close,wide_1_5atr_tp_2r,base,-0.02,12,1.5,2.0,4.0,5.0,SOLUSDT,41,44.562288831716316,-0.03881212939788945,-0.7810663545642352,0.34146341463414637,-0.015912973053134674,-0.22875559029333073,-9.37897920202656,-0.13508672893833096,-18.778083824463124,8,0.9510926936178354,2.2104077407035927,-1.2050742842653244,SOLUSDT,SOLUSDT,2026-02,2026-01,,
next_close,wide_1_5atr_tp_2r,base,-0.02,12,1.5,2.0,4.0,5.0,BNBUSDT,18,48.636202512136855,-0.11138413524972202,-0.7647693794439326,0.2777777777777778,-0.020049144344949962,-0.4026650970843627,-7.247971747518529,-0.10892754763688732,-10.816299454797353,5,0.885805192267463,3.110410449286364,-1.3505358985328317,BNBUSDT,BNBUSDT,2026-02,2025-10,,
next_close,wide_1_5atr_tp_2r,base,-0.02,12,1.5,2.0,4.0,5.0,BTCUSDT,4,12.367163389471829,0.588518351275919,-0.6858924827102805,0.25,0.02354073405103676,-0.6109832011003206,-2.4439328044012822,-0.021645430237566862,-3.5879765300578566,3,1.789418507691138,5.336108133411202,-0.994011576102509,BTCUSDT,BTCUSDT,2026-02,2025-10,1.0,1.5827282031420538
next_open,wide_1_5atr_tp_2r,base,-0.02,12,1.5,2.0,4.0,5.0,ETHUSDT,39,42.18323153803443,-0.3005082602828792,-0.7686191573885696,0.23076923076923078,-0.11719822151032289,-0.830461927765522,-32.388015182855355,-0.15412667569596092,-33.75197475398698,11,0.6619941604116555,2.5504009814003754,-1.1557810327878557,ETHUSDT,ETHUSDT,2025-10,2025-06,,
next_open,wide_1_5atr_tp_2r,base,-0.02,12,1.5,2.0,4.0,5.0,LINKUSDT,49,52.996175200493525,0.04504800936489212,-0.8775546320388076,0.3877551020408163,0.02207352458879714,-0.28414991375916143,-13.92334577419891,-0.12183284665119071,-15.54148050227613,7,1.0523454352650299,2.3355952849938166,-1.40563193186676,LINKUSDT,LINKUSDT,2025-10,2026-02,0.9999999999999992,8.758367089677105
next_open,wide_1_5atr_tp_2r,base,-0.02,12,1.5,2.0,4.0,5.0,AVAXUSDT,40,41.109091974910605,0.23911963345558707,-0.734670499441181,0.375,0.09564785338223483,-0.1924089412864886,-7.696357651459544,-0.10311691553712828,-18.691513266690954,7,1.3398154874986195,2.514118789402068,-1.1258798601123015,AVAXUSDT,AVAXUSDT,2025-10,2025-07,1.0,1.4200369836138942
next_open,wide_1_5atr_tp_2r,base,-0.02,12,1.5,2.0,4.0,5.0,XRPUSDT,34,45.33505723086283,0.4544342748961865,-0.7395789896442315,0.47058823529411764,0.1545076534647034,0.20860340106051387,7.092515636057471,-0.114336190589962,-8.763054495679663,5,1.5476955979028646,2.7288289337322884,-1.5672498662914598,XRPUSDT,XRPUSDT,2025-10,2025-07,1.0,1.1189660968871096
next_open,wide_1_5atr_tp_2r,base,-0.02,12,1.5,2.0,4.0,5.0,ADAUSDT,55,56.52500146550208,0.11573584982488988,-0.7782329326648703,0.4,0.06365471740368943,-0.16613322390971774,-9.137327315034476,-0.15934208775349323,-21.875618228462777,8,1.1408859041293542,2.3430555470335572,-1.3691439483142218,ADAUSDT,ADAUSDT,2025-10,2026-02,0.9999999999999989,3.9555153440985173
next_open,wide_1_5atr_tp_2r,base,-0.02,12,1.5,2.0,4.0,5.0,LTCUSDT,44,54.495284518385084,-0.2857771679845592,-0.9572389059691381,0.29545454545454547,-0.12574195391320606,-0.49037784958107716,-21.576625381567396,-0.19539060031434768,-29.684893849156005,10,0.6855001065426937,2.1082585790615243,-1.2897276425522717,LTCUSDT,LTCUSDT,2025-10,2025-07,,
next_open,wide_1_5atr_tp_2r,base,-0.02,12,1.5,2.0,4.0,5.0,SOLUSDT,43,46.736059018629305,-0.09864594837687604,-0.8048048375812054,0.3488372093023256,-0.0424177578020567,-0.32469536282690187,-13.96190060155678,-0.11447543912412642,-19.456604546210503,7,0.8810541905919117,2.0946425633090833,-1.2736219367800683,SOLUSDT,SOLUSDT,2025-10,2025-06,,
next_open,wide_1_5atr_tp_2r,base,-0.02,12,1.5,2.0,4.0,5.0,BNBUSDT,18,48.636202512136855,0.5359311548381133,-0.6640843146825969,0.3888888888888889,0.09646760787086038,-0.14185614707018748,-2.553410647263375,-0.044506815553672016,-4.987275874517433,3,1.7140708912018081,3.308041272985377,-1.228138920346509,BNBUSDT,BNBUSDT,2025-10,2025-12,1.0,0.6258339124809963
next_open,wide_1_5atr_tp_2r,base,-0.02,12,1.5,2.0,4.0,5.0,BTCUSDT,5,15.458954236839785,1.1203885240210234,-0.5566024698075698,0.4,0.05601942620105117,0.08589030261308288,0.4294515130654144,-0.021416043976959988,-3.5877750704609457,2,2.9011047019250453,4.274310104710378,-0.9822258631052128,BTCUSDT,BTCUSDT,2026-02,2026-01,1.0,0.687714959544675
next_close,wide_1_5atr_tp_2r,stress,-0.02,12,1.5,2.0,8.0,10.0,ADAUSDT,54,55.497274166129316,-0.30369844254794665,-0.9595159283760177,0.35185185185185186,-0.1639971589758912,-0.5800574058139341,-31.32309991395244,-0.23397876590203767,-37.31058391879839,8,0.6766137731687066,1.8059346821242304,-1.4489278530842713,ADAUSDT,ADAUSDT,2025-10,2025-08,,
next_close,wide_1_5atr_tp_2r,stress,-0.02,12,1.5,2.0,8.0,10.0,AVAXUSDT,39,40.08136467553784,-0.18261143741418745,-0.8185810035477223,0.38461538461538464,-0.07121846059153311,-0.5767707113061308,-22.494057740939102,-0.13738552734059925,-23.48506351059159,7,0.7738185914621036,1.6243648322612065,-1.311971605961309,AVAXUSDT,AVAXUSDT,2025-10,2025-05,,
next_close,wide_1_5atr_tp_2r,stress,-0.02,12,1.5,2.0,8.0,10.0,LINKUSDT,48,51.91462060456508,-0.03514746341911068,-0.9358173871727521,0.3958333333333333,-0.016870782441173127,-0.39583643645601146,-19.00014894988855,-0.13379978797088993,-18.242632126412662,6,0.9596876353872092,2.113845540106693,-1.4431083967636027,LINKUSDT,LINKUSDT,2025-10,2025-05,,
next_close,wide_1_5atr_tp_2r,stress,-0.02,12,1.5,2.0,8.0,10.0,XRPUSDT,33,44.00167319466099,-0.04156875713193113,-0.8875859999341209,0.3333333333333333,-0.013717689853537274,-0.471665154448097,-15.5649500967872,-0.11382543667431622,-15.861006680143294,6,0.9532462368730282,2.542592851823921,-1.3336495616098576,XRPUSDT,XRPUSDT,2025-10,2025-08,,
next_close,wide_1_5atr_tp_2r,stress,-0.02,12,1.5,2.0,8.0,10.0,LTCUSDT,43,53.256755324785416,-0.3430731329707348,-0.8572745358328897,0.37209302325581395,-0.14752144717741594,-0.5752688814665071,-24.736561903059805,-0.22263652571108045,-28.706264365801065,10,0.6309568957884318,1.5763686089619693,-1.4805200911530778,LTCUSDT,LTCUSDT,2025-10,2025-07,,
next_close,wide_1_5atr_tp_2r,stress,-0.02,12,1.5,2.0,8.0,10.0,ETHUSDT,38,41.10161021654636,-0.1606689549444818,-0.8595984393440879,0.39473684210526316,-0.06105420287890308,-0.5860236152256832,-22.268897378575964,-0.16202074832650482,-25.284047732912295,4,0.7852349298592144,1.4881964645926262,-1.236015967686074,ETHUSDT,ETHUSDT,2026-02,2025-12,,
next_close,wide_1_5atr_tp_2r,stress,-0.02,12,1.5,2.0,8.0,10.0,SOLUSDT,41,44.562288831716316,-0.23646468673307583,-0.9100953149163028,0.3170731707317073,-0.09695052156056108,-0.5055271101703157,-20.726611516982945,-0.17091838893558753,-24.08496680949903,8,0.7342130103251614,2.0601325078650343,-1.302741955653627,SOLUSDT,SOLUSDT,2026-02,2026-01,,
next_close,wide_1_5atr_tp_2r,stress,-0.02,12,1.5,2.0,8.0,10.0,BNBUSDT,18,48.636202512136855,-0.3666529975061211,-0.9989304599676837,0.2222222222222222,-0.0659975395511018,-0.7071243931814786,-12.728239077266615,-0.14304060993931228,-15.364254741311917,10,0.6857195817468866,3.5999542597064735,-1.4999693567097194,BNBUSDT,BNBUSDT,2026-02,2025-10,,
next_close,wide_1_5atr_tp_2r,stress,-0.02,12,1.5,2.0,8.0,10.0,BTCUSDT,4,12.367163389471829,0.4575729846599451,-0.8150546161354633,0.25,0.018302919386397803,-0.8471299931537501,-3.3885199726150006,-0.024217580152900396,-4.176362775608329,3,1.5433991093659962,5.198519650266413,-1.1227425705422112,BTCUSDT,BTCUSDT,2026-02,2025-10,1.0,1.8906279910091153
next_open,wide_1_5atr_tp_2r,stress,-0.02,12,1.5,2.0,8.0,10.0,ETHUSDT,39,42.18323153803443,-0.43660197751009727,-0.8976655346163595,0.23076923076923078,-0.17027477122893792,-1.0560932711969744,-41.187637576682,-0.19372770123166266,-41.58010823645839,11,0.5586270098285433,2.3945503493015767,-1.2859476755535995,ETHUSDT,ETHUSDT,2025-10,2025-06,,
next_open,wide_1_5atr_tp_2r,stress,-0.02,12,1.5,2.0,8.0,10.0,LINKUSDT,49,52.996175200493525,-0.11571235565471648,-1.0293074797562802,0.3673469387755102,-0.05669905427081108,-0.49871836254702234,-24.437199764804095,-0.13957541818499208,-24.815434082694757,7,0.8797119913078707,2.3036764696928556,-1.5205187703726615,LINKUSDT,LINKUSDT,2025-10,2026-02,,
next_open,wide_1_5atr_tp_2r,stress,-0.02,12,1.5,2.0,8.0,10.0,AVAXUSDT,40,41.109091974910605,0.042433394831358426,-0.9076507720832251,0.35,0.01697335793254337,-0.5031339315214206,-20.125357260856823,-0.11828323802215283,-27.172900191595932,7,1.05221986481817,2.44292698785343,-1.2501400783343726,AVAXUSDT,AVAXUSDT,2025-10,2025-07,0.9999999999999978,7.395572655826326
next_open,wide_1_5atr_tp_2r,stress,-0.02,12,1.5,2.0,8.0,10.0,XRPUSDT,33,44.00167319466099,-0.11752110496924065,-0.9761189568143872,0.42424242424242425,-0.03878196463984941,-0.18214480320092197,-6.010778505630425,-0.14403427422481796,-10.3165503390025,5,0.8833308158087178,2.0973407295315343,-1.7495245619698114,XRPUSDT,XRPUSDT,2025-05,2025-07,,
next_open,wide_1_5atr_tp_2r,stress,-0.02,12,1.5,2.0,8.0,10.0,ADAUSDT,55,56.52500146550208,-0.027239652880809685,-0.9259027351015482,0.38181818181818183,-0.014981809084445328,-0.34296501915946476,-18.863076053770563,-0.18663930718759017,-29.51118917674604,8,0.9698056294990265,2.291414646585368,-1.4593496613746253,ADAUSDT,ADAUSDT,2025-10,2026-02,,
next_open,wide_1_5atr_tp_2r,stress,-0.02,12,1.5,2.0,8.0,10.0,LTCUSDT,44,54.495284518385084,-0.4302305838714276,-1.1027057348893317,0.29545454545454547,-0.18930145690342814,-0.6723507742974474,-29.583434069087684,-0.23405724655520344,-36.27592682606392,10,0.572282755798013,1.948338910303963,-1.4276952104611078,LTCUSDT,LTCUSDT,2025-10,2025-07,,
next_open,wide_1_5atr_tp_2r,stress,-0.02,12,1.5,2.0,8.0,10.0,SOLUSDT,43,46.736059018629305,-0.2477347075906819,-0.9338005816032585,0.32558139534883723,-0.10652592426399321,-0.5312884077904423,-22.84540153498902,-0.1436352592607187,-27.47096753464179,7,0.7329328033234624,2.088194209147047,-1.375424529464068,SOLUSDT,SOLUSDT,2025-10,2025-06,,
next_open,wide_1_5atr_tp_2r,stress,-0.02,12,1.5,2.0,8.0,10.0,BNBUSDT,18,48.636202512136855,0.32468732277262574,-0.7932769634235785,0.3888888888888889,0.05844371809907264,-0.37380533380251546,-6.728496008445278,-0.057259389753358814,-8.45465859416731,3,1.3592349052680461,3.159044818742987,-1.478994720117604,BNBUSDT,BNBUSDT,2025-10,2025-12,0.9999999999999999,0.6059077968515096
next_open,wide_1_5atr_tp_2r,stress,-0.02,12,1.5,2.0,8.0,10.0,BTCUSDT,5,15.458954236839785,0.9886989322933875,-0.6859455136865064,0.4,0.04943494661466937,-0.12836716780516708,-0.6418358390258354,-0.023988514863508115,-4.175959717083639,2,2.4832322985561412,4.138207353981076,-1.1109733488317382,BTCUSDT,BTCUSDT,2026-02,2026-01,1.0,0.7255808953164448
