timeframe,param_id,friction_case,n,atr_period,atr_mult,vol_z_min,close_loc_long_min,close_loc_short_max,use_room_filter,room_lookback,min_room_r,use_trend_filter,ema_period,ema_slope_lookback,use_overextension_filter,max_ema_distance_atr,total_trades_next_open,ev_per_trade_r_next_open,total_ev_r_next_open,max_drawdown_r_next_open,profit_factor_next_open,total_trades_next_close,ev_per_trade_r_next_close,total_ev_r_next_close,max_drawdown_r_next_close,profit_factor_next_close,ev_delta_close_minus_open_r,trade_delta_close_minus_open
1h,n50_atr14_m2_vz2_cl0.7_cs0.3,base,50,14,2.0,2.0,0.7,0.3,True,50,1.5,True,200,10,True,3.0,29,-0.4314919143041639,-12.513265514820754,-11.434319082623524,0.40994809735205495,25,-0.2730603804640737,-6.826509511601843,-7.673749196533288,0.5537387310958761,0.15843153384009018,-4
1h,n50_atr14_m2_vz1.5_cl0.7_cs0.3,base,50,14,2.0,1.5,0.7,0.3,True,50,1.5,True,200,10,True,3.0,33,-0.35657489755257266,-11.766971619234898,-11.09607402476352,0.49777488112410445,29,-0.2072739269557597,-6.010943881717031,-6.858183566648476,0.6569240678241519,0.14930097059681297,-4
1h,n50_atr14_m2_vz2_cl0.75_cs0.25,base,50,14,2.0,2.0,0.75,0.25,True,50,1.5,True,200,10,True,3.0,25,-0.4608420922527785,-11.521052306319463,-10.442105874122236,0.36957241198635143,22,-0.33309976285470616,-7.328194782803536,-6.375392216360729,0.47651103853333054,0.12774232939807234,-3
1h,n50_atr14_m2_vz1.5_cl0.75_cs0.25,base,50,14,2.0,1.5,0.75,0.25,True,50,1.5,True,200,10,True,3.0,29,-0.3715433934735727,-10.774758410733607,-10.443622877279939,0.47434043138398174,26,-0.25048573665072016,-6.5126291529187235,-6.650613053689957,0.5985405148760805,0.12105765682285252,-3
1h,n50_atr14_m1.2_vz1.5_cl0.75_cs0.25,base,50,14,1.2,1.5,0.75,0.25,True,50,1.5,True,200,10,True,3.0,55,-0.4360629250613281,-23.983460878373045,-22.939346104852095,0.3674756530738861,46,-0.3272756778674144,-15.054681181901064,-14.010543711650314,0.4730078377212928,0.1087872471939137,-9
1h,n50_atr14_m1.2_vz1.5_cl0.8_cs0.2,base,50,14,1.2,1.5,0.8,0.2,True,50,1.5,True,200,10,True,3.0,43,-0.5259525077939187,-22.615957835138502,-21.573357045486617,0.2796662729642613,37,-0.42562929716627873,-15.748283995152313,-14.704146524901567,0.3398498524011263,0.10032321062763994,-6
1h,n50_atr14_m1.5_vz1.5_cl0.7_cs0.3,base,50,14,1.5,1.5,0.7,0.3,True,50,1.5,True,200,10,True,3.0,55,-0.3525748462566359,-19.391616544114974,-18.34750177059402,0.462282236009436,46,-0.25559659683076774,-11.757443454215316,-11.654632604712726,0.5660918873895552,0.09697824942586813,-9
1h,n50_atr14_m1.2_vz2_cl0.7_cs0.3,base,50,14,1.2,2.0,0.7,0.3,True,50,1.5,True,200,10,True,3.0,45,-0.4375587657341914,-19.690144458038613,-18.64602968451766,0.35803762270043404,37,-0.3443767606291956,-12.741940143280237,-11.697802673029493,0.44523974657777804,0.0931820051049958,-8
1h,n50_atr14_m1.5_vz1.5_cl0.75_cs0.25,base,50,14,1.5,1.5,0.75,0.25,True,50,1.5,True,200,10,True,3.0,49,-0.43072283298488,-21.10541881625912,-20.061304042738165,0.3629656246491822,42,-0.33796242847049945,-14.194421995760976,-13.15028452551023,0.4497915725502428,0.09276040451438056,-7
1h,n50_atr14_m1.5_vz2_cl0.7_cs0.3,base,50,14,1.5,2.0,0.7,0.3,True,50,1.5,True,200,10,True,3.0,42,-0.40694066979486965,-17.091508131384526,-16.372397090920593,0.39117993035795695,35,-0.3157186156327431,-11.050151547146008,-10.0700717786718,0.48064258800953225,0.09122205416212653,-7
1h,n50_atr14_m1.2_vz1.5_cl0.7_cs0.3,base,50,14,1.2,1.5,0.7,0.3,True,50,1.5,True,200,10,True,3.0,64,-0.35052844470797645,-22.433820461310493,-21.38970568778954,0.47787774238607694,52,-0.2613559250664659,-13.590508103456225,-12.859444417652867,0.5605911888292768,0.08917251964151057,-12
1h,n50_atr14_m1.5_vz1.5_cl0.8_cs0.2,base,50,14,1.5,1.5,0.8,0.2,True,50,1.5,True,200,10,True,3.0,38,-0.4544264364709985,-17.268204585897944,-16.22408981237699,0.33708117419959915,34,-0.3695422657970113,-12.564437037098385,-11.520299566847637,0.39219323277113655,0.08488417067398718,-4
1h,n50_atr14_m2_vz2_cl0.8_cs0.2,base,50,14,2.0,2.0,0.8,0.2,True,50,1.5,True,200,10,True,3.0,20,-0.4096521338254915,-8.19304267650983,-7.19615430407702,0.3993719176333974,19,-0.33275897847713215,-6.322420591065511,-5.611239933590116,0.45298343559731663,0.07689315534835933,-1
1h,n50_atr14_m2_vz1.5_cl0.8_cs0.2,base,50,14,2.0,1.5,0.8,0.2,True,50,1.5,True,200,10,True,3.0,23,-0.40742316554613844,-9.370732807561184,-9.418770911724131,0.40928629510352715,22,-0.3377333326058882,-7.430133317329541,-7.834864966237133,0.46086690029095184,0.06968983294025022,-1
1h,n50_atr14_m1.5_vz2_cl0.75_cs0.25,base,50,14,1.5,2.0,0.75,0.25,True,50,1.5,True,200,10,True,3.0,38,-0.42366565586534827,-16.099294922883235,-15.380183882419303,0.35964213270945516,32,-0.36099490057336564,-11.5518368183477,-10.507699348096956,0.4217786759446204,0.06267075529198263,-6
1h,n50_atr14_m1.2_vz2_cl0.75_cs0.25,base,50,14,1.2,2.0,0.75,0.25,True,50,1.5,True,200,10,True,3.0,39,-0.42514001041544003,-16.58046040620216,-15.536345632681208,0.3528883409073688,33,-0.36909362589843847,-12.18008965464847,-11.135952184397727,0.40891943687673793,0.05604638451700156,-6
1h,n50_atr14_m1.5_vz2_cl0.8_cs0.2,base,50,14,1.5,2.0,0.8,0.2,True,50,1.5,True,200,10,True,3.0,29,-0.35598219182717467,-10.323483562988065,-9.604372522524134,0.42835002788427523,26,-0.3023197211180271,-7.860312749068704,-6.816175278817957,0.47074751534337655,0.05366247070914759,-3
1h,n50_atr14_m1.2_vz2_cl0.8_cs0.2,base,50,14,1.2,2.0,0.8,0.2,True,50,1.5,True,200,10,True,3.0,30,-0.3788694784213316,-11.366084352639948,-10.323483562988063,0.40497001054557796,27,-0.32975902703436394,-8.903493729927826,-7.859356259677081,0.4398524076568417,0.04911045138696768,-3
1h,n100_atr14_m1.2_vz1.5_cl0.75_cs0.25,base,100,14,1.2,1.5,0.75,0.25,True,50,1.5,True,200,10,True,3.0,21,-0.3997495153775521,-8.394739822928594,-8.656804706866204,0.39471361940751537,19,-0.36779757397700447,-6.988153905563085,-7.37899354028471,0.40721485584392364,0.031951941400547634,-2
1h,n50_atr14_m1.2_vz1_cl0.75_cs0.25,base,50,14,1.2,1.0,0.75,0.25,True,50,1.5,True,200,10,True,3.0,74,-0.3313958591715457,-24.523293578694382,-26.322555201299842,0.5032654324894728,61,-0.30228767454595573,-18.4395481473033,-18.866101992401127,0.5227818595495684,0.02910818462558995,-13
1h,n100_atr14_m1.5_vz2_cl0.75_cs0.25,base,100,14,1.5,2.0,0.75,0.25,True,50,1.5,True,200,10,True,3.0,11,-0.17389921961780794,-1.9128914157958874,-4.349134379058075,0.6802916824801668,11,-0.14672383700378813,-1.6139622070416695,-3.2638648080364314,0.7006485563191147,0.027175382614019805,0
1h,n100_atr14_m2_vz1.5_cl0.75_cs0.25,base,100,14,2.0,1.5,0.75,0.25,True,50,1.5,True,200,10,True,3.0,11,-0.21769910070089277,-2.3946901077098204,-3.496141362138059,0.628754679630816,11,-0.1928276881992314,-2.1211045701915454,-2.7864363743618648,0.6317789742678364,0.02487141250166136,0
1h,n50_atr14_m1.2_vz1_cl0.7_cs0.3,base,50,14,1.2,1.0,0.7,0.3,True,50,1.5,True,200,10,True,3.0,86,-0.2876974724218547,-24.74198262827951,-28.885610181852606,0.5628342645936877,69,-0.2633038594769209,-18.167966303907544,-21.31607890584327,0.5694197516526224,0.024393612944933807,-17
1h,n100_atr14_m1.2_vz1.5_cl0.8_cs0.2,base,100,14,1.2,1.5,0.8,0.2,True,50,1.5,True,200,10,True,3.0,17,-0.5132081149646205,-8.724537954398548,-7.681937164746664,0.3225261251089818,16,-0.49342094273777115,-7.894735083804338,-6.850597613553591,0.2901709142759061,0.019787172226849337,-1
1h,n100_atr14_m2_vz2_cl0.75_cs0.25,base,100,14,2.0,2.0,0.75,0.25,True,50,1.5,True,200,10,True,3.0,9,-0.09815441613019082,-0.8833897451717174,-3.496141362138059,0.8211444731202562,9,-0.07867616569538748,-0.7080854912584873,-2.4942195072343787,0.8371240850493228,0.01947825043480335,0
1h,n100_atr14_m2_vz1.5_cl0.8_cs0.2,base,100,14,2.0,1.5,0.8,0.2,True,50,1.5,True,200,10,True,3.0,10,-0.37008697651683836,-3.7008697651683837,-3.496141362138059,0.42625954932910637,10,-0.35560816751639185,-3.5560816751639184,-2.7864363743618648,0.38266879416606897,0.014478809000446513,0
1h,n100_atr14_m1.2_vz2_cl0.75_cs0.25,base,100,14,1.2,2.0,0.75,0.25,True,50,1.5,True,200,10,True,3.0,12,-0.19950474159290102,-2.3940568991148123,-4.830299862377,0.6296554862788727,12,-0.1868512536118699,-2.242215043342439,-3.8921176443372003,0.6275255758422239,0.012653487981031109,0
1h,n100_atr14_m1.5_vz1.5_cl0.75_cs0.25,base,100,14,1.5,1.5,0.75,0.25,True,50,1.5,True,200,10,True,3.0,18,-0.32101802320394424,-5.778324417670996,-6.386195761870683,0.48649087260610446,17,-0.311307556914392,-5.292228467544664,-5.68306810226629,0.4756407828299229,0.009710466289552244,-1
1h,n100_atr14_m2_vz2_cl0.8_cs0.2,base,100,14,2.0,2.0,0.8,0.2,True,50,1.5,True,200,10,True,3.0,8,-0.2736961753287851,-2.1895694026302808,-3.496141362138059,0.5566887760610345,8,-0.2678828245288576,-2.1430625962308607,-2.4942195072343787,0.5070464153455551,0.005813350799927508,0
1h,n100_atr14_m1.5_vz2_cl0.8_cs0.2,base,100,14,1.5,2.0,0.8,0.2,True,50,1.5,True,200,10,True,3.0,9,-0.3592982417945814,-3.233684176151233,-4.349134379058075,0.4595429103759789,9,-0.35413334072017855,-3.187200066481607,-3.2638648080364314,0.40885050651223215,0.005164901074402872,0
1h,n100_atr14_m1.2_vz2_cl0.8_cs0.2,base,100,14,1.2,2.0,0.8,0.2,True,50,1.5,True,200,10,True,3.0,10,-0.4276284965803116,-4.276284965803116,-5.393249152579028,0.3913489598535954,10,-0.423038104734073,-4.23038104734073,-4.307045788895554,0.3425685721942948,0.004590391846238606,0
1h,n50_atr14_m2_vz1_cl0.7_cs0.3,base,50,14,2.0,1.0,0.7,0.3,True,50,1.5,True,200,10,True,3.0,37,-0.1940279206534167,-7.1790330641764175,-12.196250497111844,0.7073348408452693,32,-0.19725834060782066,-6.312266899450261,-7.958788391256283,0.680345469920288,-0.003230419954403957,-5
1h,n50_atr14_m1.2_vz1_cl0.8_cs0.2,base,50,14,1.2,1.0,0.8,0.2,True,50,1.5,True,200,10,True,3.0,60,-0.35003150390820476,-21.001890234492286,-22.72219437875287,0.4839139777136243,51,-0.35390877372252694,-18.049347459848875,-18.205855243422246,0.45045700870119243,-0.0038772698143221818,-9
1h,n50_atr14_m1.5_vz1_cl0.7_cs0.3,base,50,14,1.5,1.0,0.7,0.3,True,50,1.5,True,200,10,True,3.0,68,-0.31118641512067374,-21.160676228205816,-22.60629543699947,0.5215601212923491,56,-0.3161971748647297,-17.707041792424864,-17.69335679086772,0.49388083049364584,-0.005010759744055959,-12
1h,n50_atr14_m1.5_vz1_cl0.75_cs0.25,base,50,14,1.5,1.0,0.75,0.25,True,50,1.5,True,200,10,True,3.0,61,-0.3567047067540176,-21.758987111995076,-21.26969740897958,0.45847473193460214,51,-0.37310790433487473,-19.02850312107861,-17.98436565082787,0.4158025358202389,-0.01640319758085712,-10
1h,n100_atr14_m1.5_vz1.5_cl0.8_cs0.2,base,100,14,1.5,1.5,0.8,0.2,True,50,1.5,True,200,10,True,3.0,14,-0.3961919459148565,-5.546687242807991,-4.848378929549114,0.4281879310629498,14,-0.413134392944826,-5.783881501227564,-4.739744030976817,0.35814304059372043,-0.0169424470299695,0
1h,n50_atr14_m2_vz1_cl0.75_cs0.25,base,50,14,2.0,1.0,0.75,0.25,True,50,1.5,True,200,10,True,3.0,33,-0.18747938956591295,-6.186819855675127,-11.543799349628266,0.7135436373586489,29,-0.23496386795351565,-6.8139521706519535,-7.751217878297764,0.6306559962745516,-0.0474844783876027,-4
1h,n100_atr14_m1.2_vz1_cl0.75_cs0.25,base,100,14,1.2,1.0,0.75,0.25,True,50,1.5,True,200,10,True,3.0,30,-0.4196626792662949,-12.589880377988848,-12.674654519360391,0.3884999491407154,26,-0.4736012045438022,-12.313631318138858,-11.26949384788811,0.315717416327962,-0.05393852527750731,-4
1h,n50_atr14_m1.5_vz1_cl0.8_cs0.2,base,50,14,1.5,1.0,0.8,0.2,True,50,1.5,True,200,10,True,3.0,48,-0.3284973454305488,-15.767872580666344,-15.761060705638931,0.49045550030584356,42,-0.3884455871835797,-16.314714661710347,-15.270577191459601,0.38112136725429685,-0.05994824175303087,-6
1h,n100_atr14_m1.2_vz1_cl0.8_cs0.2,base,100,14,1.2,1.0,0.8,0.2,True,50,1.5,True,200,10,True,3.0,25,-0.47130560488590434,-11.782640122147608,-11.788456785174274,0.36173727106856124,22,-0.5492454812111294,-12.083400586644846,-11.039263116394096,0.25371868067575204,-0.07793987632522503,-3
1h,n100_atr14_m1.5_vz1.5_cl0.7_cs0.3,base,100,14,1.5,1.5,0.7,0.3,True,50,1.5,True,200,10,True,3.0,19,-0.20202420012082603,-3.8384598022956946,-4.831612207046155,0.6588830946241905,18,-0.3060670365901061,-5.50920665862191,-5.900046293343536,0.4656304666529594,-0.10404283646928006,-1
1h,n100_atr14_m1.5_vz1_cl0.75_cs0.25,base,100,14,1.5,1.0,0.75,0.25,True,50,1.5,True,200,10,True,3.0,24,-0.35317582447549234,-8.476219787411816,-9.042159412102286,0.4644199239697024,22,-0.47524973651888514,-10.455494203415473,-9.411356733164727,0.31466433971991,-0.1220739120433928,-2
1h,n50_atr14_m2_vz1_cl0.8_cs0.2,base,50,14,2.0,1.0,0.8,0.2,True,50,1.5,True,200,10,True,3.0,27,-0.17714052787047052,-4.782794252502704,-9.525767941428693,0.718055218859433,25,-0.30925825340251084,-7.731456335062771,-8.93546979084494,0.5170268144111847,-0.13211772553204032,-2
1h,n100_atr14_m1.2_vz1.5_cl0.7_cs0.3,base,100,14,1.2,1.5,0.7,0.3,True,50,1.5,True,200,10,True,3.0,23,-0.19572027040433584,-4.501566219299725,-6.034587353176969,0.6754233268272068,21,-0.3387810380908425,-7.114401799907692,-7.505241434629318,0.407412558797817,-0.14306076768650663,-2
1h,n100_atr14_m1.2_vz1_cl0.7_cs0.3,base,100,14,1.2,1.0,0.7,0.3,True,50,1.5,True,200,10,True,3.0,36,-0.32023669225563856,-11.528520921202988,-12.022752081733026,0.5162139124741164,31,-0.47406471636664554,-14.696006207366011,-13.651868737115262,0.28200282766859147,-0.153828024111007,-5
1h,n100_atr14_m1.5_vz2_cl0.7_cs0.3,base,100,14,1.5,2.0,0.7,0.3,True,50,1.5,True,200,10,True,3.0,12,0.002247766631617872,0.026973199579414464,-4.349134379058075,1.0045081263810645,12,-0.15257836650990958,-1.830940398118915,-3.2638648080364314,0.6735423350947873,-0.15482613314152746,0
1h,n100_atr14_m2_vz1.5_cl0.7_cs0.3,base,100,14,2.0,1.5,0.7,0.3,True,50,1.5,True,200,10,True,3.0,12,-0.03790212436120988,-0.4548254923345185,-3.496141362138059,0.9294890662177233,12,-0.19484023010573256,-2.3380827612687907,-3.0034145654391105,0.6088455083437877,-0.1569381057445227,0
1h,n100_atr14_m1.5_vz1_cl0.8_cs0.2,base,100,14,1.5,1.0,0.8,0.2,True,50,1.5,True,200,10,True,3.0,19,-0.3740812750125062,-7.107544225237618,-8.155961677916165,0.4589581500720869,18,-0.5450186292979504,-9.810335327363108,-8.76619785711236,0.24753649512458598,-0.1709373542854442,-1
1h,n20_atr14_m1.2_vz1_cl0.7_cs0.3,base,20,14,1.2,1.0,0.7,0.3,True,50,1.5,True,200,10,True,3.0,136,-0.1251089869902818,-17.014822230678327,-25.98850811953738,0.7975291318459738,129,-0.3033803919633866,-39.136070563276874,-41.31598446445,0.5484998537692761,-0.1782714049731048,-7
1h,n20_atr14_m1.2_vz1.5_cl0.7_cs0.3,base,20,14,1.2,1.5,0.7,0.3,True,50,1.5,True,200,10,True,3.0,105,-0.12280766666673783,-12.894805000007471,-19.93807084920695,0.8027072455588137,99,-0.30834624064153493,-30.526277823511958,-29.482140353261205,0.5514811341399142,-0.18553857397479712,-6
1h,n100_atr14_m1.5_vz1_cl0.7_cs0.3,base,100,14,1.5,1.0,0.7,0.3,True,50,1.5,True,200,10,True,3.0,26,-0.29430179078428476,-7.651846560391403,-8.217786185081874,0.5483433439444595,24,-0.49116623364102613,-11.787989607384628,-10.743852137133882,0.2893884914194027,-0.19686444285674137,-2
1h,n100_atr14_m2_vz2_cl0.7_cs0.3,base,100,14,2.0,2.0,0.7,0.3,True,50,1.5,True,200,10,True,3.0,10,0.10564748702035845,1.0564748702035844,-3.496141362138059,1.2138992110540527,10,-0.09250636823357328,-0.9250636823357328,-2.4942195072343787,0.7973294032178421,-0.19815385525393173,0
1h,n20_atr14_m2_vz2_cl0.7_cs0.3,base,20,14,2.0,2.0,0.7,0.3,True,50,1.5,True,200,10,True,3.0,48,-0.10150284948307649,-4.872136775187672,-11.126034459883943,0.8428156524139756,44,-0.30432844512703566,-13.390451585589568,-15.036973077395592,0.5749105475716312,-0.2028255956439592,-4
1h,n20_atr14_m2_vz1_cl0.7_cs0.3,base,20,14,2.0,1.0,0.7,0.3,True,50,1.5,True,200,10,True,3.0,59,-0.18277600758682241,-10.783784447622523,-16.620115278131358,0.7284111665597385,57,-0.3921199851516012,-22.350839153641267,-23.997360645447298,0.4568319460654164,-0.20934397756477877,-2
1h,n100_atr14_m2_vz1_cl0.75_cs0.25,base,100,14,2.0,1.0,0.75,0.25,True,50,1.5,True,200,10,True,3.0,13,-0.1268507124553328,-1.6490592619193265,-4.349134379058076,0.78246087402293,13,-0.33674029179519255,-4.377623793337503,-3.5560816751639175,0.4539526366212999,-0.20988957933985974,0
1h,n20_atr14_m1.2_vz1_cl0.75_cs0.25,base,20,14,1.2,1.0,0.75,0.25,True,50,1.5,True,200,10,True,3.0,116,-0.13936237385560976,-16.166035367250732,-26.357696764798362,0.7766795014328343,113,-0.3607093695605501,-40.760158760342165,-42.6507378954027,0.48179437800490216,-0.22134699570494035,-3
1h,n20_atr14_m2_vz1.5_cl0.7_cs0.3,base,20,14,2.0,1.5,0.7,0.3,True,50,1.5,True,200,10,True,3.0,55,-0.14834090856895554,-8.158749971292554,-13.136627843990665,0.7747620328634315,52,-0.3712390660718095,-19.304431435734095,-20.95095292754012,0.48403593875272033,-0.22289815750285397,-3
1h,n100_atr14_m2_vz1_cl0.8_cs0.2,base,100,14,2.0,1.0,0.8,0.2,True,50,1.5,True,200,10,True,3.0,12,-0.24626990994815748,-2.95523891937789,-4.830962740688708,0.6101534332813218,12,-0.48438340819248976,-5.812600898309877,-4.686791813348666,0.2749593056111051,-0.23811349824433228,0
1h,n20_atr14_m1.2_vz1_cl0.8_cs0.2,base,20,14,1.2,1.0,0.8,0.2,True,50,1.5,True,200,10,True,3.0,91,-0.2277771678514025,-20.727722274477628,-25.18229742794234,0.6549921978554689,89,-0.471408920060988,-41.95539388542793,-43.84597302048848,0.35806316637683117,-0.2436317522095855,-2
1h,n20_atr14_m2_vz1_cl0.75_cs0.25,base,20,14,2.0,1.0,0.75,0.25,True,50,1.5,True,200,10,True,3.0,53,-0.17941892030288395,-9.509202776052849,-17.04709837599987,0.7335310639293087,51,-0.4246755555135654,-21.658453331191836,-22.300830844741178,0.4250192843463969,-0.24525663521068145,-2
1h,n20_atr14_m1.2_vz1.5_cl0.75_cs0.25,base,20,14,1.2,1.5,0.75,0.25,True,50,1.5,True,200,10,True,3.0,92,-0.12980044543682845,-11.941640980188218,-20.41846181927313,0.7903930776060187,87,-0.3947701597664155,-34.34500389967815,-33.30086642942738,0.4489087842904096,-0.26496971432958705,-5
1h,n20_atr14_m1.2_vz2_cl0.7_cs0.3,base,20,14,1.2,2.0,0.7,0.3,True,50,1.5,True,200,10,True,3.0,79,-0.006897848134445021,-0.5449300026211567,-13.782468183985376,0.9881943439271899,72,-0.27259266628496226,-19.626671972517283,-20.38080454151445,0.6125308882034329,-0.26569481815051726,-7
1h,n100_atr14_m1.2_vz2_cl0.7_cs0.3,base,100,14,1.2,2.0,0.7,0.3,True,50,1.5,True,200,10,True,3.0,14,0.10707976460814693,1.499116704514057,-4.830299862377,1.2319032798049852,14,-0.1691759241205033,-2.3684629376870463,-3.8921176443372003,0.6202414953127963,-0.27625568872865025,0
1h,n20_atr14_m1.5_vz1_cl0.7_cs0.3,base,20,14,1.5,1.0,0.7,0.3,True,50,1.5,True,200,10,True,3.0,108,-0.1484091397308593,-16.028187090932807,-26.250637021759374,0.7571646244435561,100,-0.42703489383615933,-42.70348938361593,-43.69815100818645,0.4033002075049637,-0.2786257541053,-8
1h,n20_atr14_m2_vz1.5_cl0.75_cs0.25,base,20,14,2.0,1.5,0.75,0.25,True,50,1.5,True,200,10,True,3.0,49,-0.14049323060658936,-6.884168299722879,-13.563610941859178,0.7862224432254853,47,-0.4192864716430606,-19.70646416722385,-20.348841680773187,0.4374053618123977,-0.27879324103647124,-2
1h,n20_atr14_m1.2_vz1.5_cl0.8_cs0.2,base,20,14,1.2,1.5,0.8,0.2,True,50,1.5,True,200,10,True,3.0,73,-0.24180632104595892,-17.651861436355002,-20.772575342145657,0.6303767099344987,69,-0.5301423594531657,-36.57982280226843,-35.53568533201767,0.29834774127758507,-0.2883360384072068,-4
1h,n20_atr14_m1.5_vz1.5_cl0.7_cs0.3,base,20,14,1.5,1.5,0.7,0.3,True,50,1.5,True,200,10,True,3.0,91,-0.15767075925687005,-14.348039092375174,-19.880992645019504,0.746816823107649,86,-0.44675455502052963,-38.42089173176555,-37.3767542615148,0.3862657420793925,-0.2890837957636596,-5
1h,n20_atr14_m1.5_vz1_cl0.75_cs0.25,base,20,14,1.5,1.0,0.75,0.25,True,50,1.5,True,200,10,True,3.0,96,-0.16240648362216378,-15.591022427727722,-24.717336951926118,0.7392148668168296,91,-0.45812469672604106,-41.689347402069735,-40.645209931819,0.36669450479700594,-0.29571821310387725,-5
1h,n20_atr14_m2_vz2_cl0.75_cs0.25,base,20,14,2.0,2.0,0.75,0.25,True,50,1.5,True,200,10,True,3.0,44,-0.06240748881089344,-2.7459295076793113,-10.92432091459864,0.9021555893959977,41,-0.3682336443810084,-15.097579419621345,-15.739956933170683,0.5036782550315918,-0.305826155570115,-3
1h,n20_atr14_m1.5_vz1.5_cl0.75_cs0.25,base,20,14,1.5,1.5,0.75,0.25,True,50,1.5,True,200,10,True,3.0,82,-0.1708842036679112,-14.01250470076872,-20.542627165480493,0.7281964754913228,78,-0.49385015568700996,-38.52031214358678,-37.476174673336025,0.3355984540124719,-0.3229659520190987,-4
1h,n20_atr14_m1.5_vz1_cl0.8_cs0.2,base,20,14,1.5,1.0,0.8,0.2,True,50,1.5,True,200,10,True,3.0,74,-0.23946230997214896,-17.720210937939022,-21.24600085677911,0.6317582901715263,71,-0.5773360162013819,-40.99085715029811,-39.94671968004736,0.24684493965761933,-0.3378737062292329,-3
1h,n20_atr14_m1.5_vz2_cl0.7_cs0.3,base,20,14,1.5,2.0,0.7,0.3,True,50,1.5,True,200,10,True,3.0,72,-0.0677656118400341,-4.879124052482455,-15.45346720178351,0.8862889392617916,66,-0.4117390833620203,-27.17477950189334,-27.141060893167086,0.45161706959701675,-0.3439734715219862,-6
1h,n20_atr14_m2_vz1_cl0.8_cs0.2,base,20,14,2.0,1.0,0.8,0.2,True,50,1.5,True,200,10,True,3.0,41,-0.1626357681666236,-6.668066494831567,-12.213497562827433,0.7482476343463188,40,-0.5086438772501238,-20.345755090004953,-22.326994496495622,0.3237894178449617,-0.3460081090835002,-1
1h,n20_atr14_m1.5_vz1.5_cl0.8_cs0.2,base,20,14,1.5,1.5,0.8,0.2,True,50,1.5,True,200,10,True,3.0,65,-0.2560557678865662,-16.6436249126268,-18.993979179658815,0.606892043099773,63,-0.6042485127354004,-38.06765630233022,-37.02351883207947,0.2213913941088735,-0.34819274484883417,-2
1h,n100_atr14_m2_vz1_cl0.7_cs0.3,base,100,14,2.0,1.0,0.7,0.3,True,50,1.5,True,200,10,True,3.0,14,0.020771810961141095,0.29080535345597536,-4.349134379058076,1.0383622007293032,14,-0.3281858560296249,-4.594601984414749,-3.773059866241163,0.4419901744498168,-0.348957666990766,0
1h,n20_atr14_m2_vz1.5_cl0.8_cs0.2,base,20,14,2.0,1.5,0.8,0.2,True,50,1.5,True,200,10,True,3.0,38,-0.13742314657153376,-5.222079569718283,-10.448386719394616,0.7840524757528446,37,-0.5290324888023148,-19.57420208568565,-21.555441492176318,0.3162571299506902,-0.39160934223078103,-1
1h,n20_atr14_m1.2_vz2_cl0.75_cs0.25,base,20,14,1.2,2.0,0.75,0.25,True,50,1.5,True,200,10,True,3.0,70,-0.01366439717952229,-0.9565078025665603,-14.469203866208732,0.9767136216308194,64,-0.4213579944776088,-26.966911646566963,-26.675897561277115,0.44325403363861493,-0.4076935972980865,-6
1h,n20_atr14_m1.5_vz2_cl0.75_cs0.25,base,20,14,1.5,2.0,0.75,0.25,True,50,1.5,True,200,10,True,3.0,65,-0.056799447152881766,-3.6919640649373147,-15.263476126305818,0.9050409528737215,60,-0.47632158360427657,-28.579295016256594,-27.450523832709177,0.38187018283452784,-0.4195221364513948,-5
1h,n20_atr14_m2_vz2_cl0.8_cs0.2,base,20,14,2.0,2.0,0.8,0.2,True,50,1.5,True,200,10,True,3.0,33,-0.032843659929536806,-1.0838407776747145,-7.269767652642887,0.9459267341483413,31,-0.48275217219623046,-14.965317338083144,-16.94655674457381,0.37694178269594086,-0.44990851226669365,-2
1h,n20_atr14_m1.2_vz2_cl0.8_cs0.2,base,20,14,1.2,2.0,0.8,0.2,True,50,1.5,True,200,10,True,3.0,54,-0.07402281994744328,-3.9972322771619373,-10.651704608790018,0.8788631183430573,49,-0.5437377350439574,-26.643149017153913,-25.536773169943775,0.3235287647855271,-0.4697149150965141,-5
1h,n20_atr14_m1.5_vz2_cl0.8_cs0.2,base,20,14,1.5,2.0,0.8,0.2,True,50,1.5,True,200,10,True,3.0,50,-0.11123728352035334,-5.561864176017667,-11.445976868887108,0.8194278384683176,47,-0.5846110057521741,-27.476717270352182,-26.34794608680477,0.28233664171831196,-0.4733737222318207,-3
1h,n50_atr14_m2_vz2_cl0.7_cs0.3,stress,50,14,2.0,2.0,0.7,0.3,True,50,1.5,True,200,10,True,3.0,29,-0.5838530508888078,-16.931738475775425,-15.773899298135706,0.32043288591252583,25,-0.4149700782257908,-10.37425195564477,-10.85547459126089,0.4153976332244915,0.168882972663017,-4
1h,n50_atr14_m2_vz1.5_cl0.7_cs0.3,stress,50,14,2.0,1.5,0.7,0.3,True,50,1.5,True,200,10,True,3.0,33,-0.5035313214056268,-16.616533606385687,-15.458694428745968,0.39268692872073857,29,-0.34453193858054953,-9.991426218835937,-10.472648854452054,0.5052060299827899,0.1589993828250773,-4
1h,n50_atr14_m1.5_vz1.5_cl0.7_cs0.3,stress,50,14,1.5,1.5,0.7,0.3,True,50,1.5,True,200,10,True,3.0,55,-0.48160960176970935,-26.488528097334015,-25.40032809838791,0.36204255723808065,47,-0.3601798501624481,-16.92845295763506,-15.840207580958413,0.45821021601567785,0.12142975160726127,-8
1h,n50_atr14_m2_vz2_cl0.75_cs0.25,stress,50,14,2.0,2.0,0.75,0.25,True,50,1.5,True,200,10,True,3.0,25,-0.5983092938818225,-14.957732347045564,-13.799893169405843,0.2898135399700177,22,-0.477707688014028,-10.509569136308617,-9.390843516700247,0.354496454289896,0.1206016058677945,-3
1h,n50_atr14_m2_vz1.5_cl0.75_cs0.25,stress,50,14,2.0,1.5,0.75,0.25,True,50,1.5,True,200,10,True,3.0,29,-0.5049147406088216,-14.642527477655827,-13.484688300016106,0.3770981710147007,26,-0.38949013074999167,-10.126743399499784,-9.00801777989141,0.45928622666516283,0.11542460985882991,-3
1h,n50_atr14_m1.2_vz1.5_cl0.7_cs0.3,stress,50,14,1.2,1.5,0.7,0.3,True,50,1.5,True,200,10,True,3.0,64,-0.47111172848784516,-30.15115062322209,-29.06295062427599,0.38349691342477815,53,-0.3619345783925478,-19.182532654805033,-18.094287278128395,0.4572248002512941,0.10917715009529738,-11
1h,n50_atr14_m1.2_vz1.5_cl0.75_cs0.25,stress,50,14,1.2,1.5,0.75,0.25,True,50,1.5,True,200,10,True,3.0,55,-0.550977238060855,-30.30374809334702,-29.215548094400923,0.29226762862939054,46,-0.45418253412211007,-20.892396569617063,-19.804151192940417,0.36206265904864593,0.0967947039387449,-9
1h,n50_atr14_m1.2_vz2_cl0.7_cs0.3,stress,50,14,1.2,2.0,0.7,0.3,True,50,1.5,True,200,10,True,3.0,45,-0.5691167390248026,-25.610253256116117,-24.52205325717001,0.2771036866595683,37,-0.47985750525553544,-17.75472769445481,-16.66648231777817,0.33028713376655777,0.0892592337692672,-8
1h,n50_atr14_m1.5_vz2_cl0.7_cs0.3,stress,50,14,1.5,2.0,0.7,0.3,True,50,1.5,True,200,10,True,3.0,42,-0.5436798133381363,-22.834552160201724,-21.86392805141252,0.3006601862174031,35,-0.4554258705259611,-15.93990546840864,-14.851660091731997,0.354558643624446,0.08825394281217519,-7
1h,n50_atr14_m2_vz1_cl0.7_cs0.3,stress,50,14,2.0,1.0,0.7,0.3,True,50,1.5,True,200,10,True,3.0,37,-0.4174531949911818,-15.445768214673725,-17.88805299785615,0.4815133154268554,32,-0.3310582323339809,-10.593863434687389,-11.673789807448326,0.5321925436040204,0.08639496265720087,-5
1h,n50_atr14_m1.2_vz1.5_cl0.8_cs0.2,stress,50,14,1.2,1.5,0.8,0.2,True,50,1.5,True,200,10,True,3.0,43,-0.6390144246355379,-27.47762025932813,-26.392447178915468,0.21789968352175734,37,-0.553006721076024,-20.46124867981289,-19.373003303136244,0.2499028764516621,0.08600770355951393,-6
1h,n50_atr14_m1.5_vz1.5_cl0.75_cs0.25,stress,50,14,1.5,1.5,0.75,0.25,True,50,1.5,True,200,10,True,3.0,49,-0.550394602284712,-26.96933551195089,-25.881135513004793,0.28400741220934594,42,-0.4700156485724672,-19.74065724004362,-18.65241186336698,0.33713465823772,0.08037895371224485,-7
1h,n50_atr14_m2_vz2_cl0.8_cs0.2,stress,50,14,2.0,2.0,0.8,0.2,True,50,1.5,True,200,10,True,3.0,20,-0.5441682483106309,-10.88336496621262,-9.7255257885729,0.3108749115889686,19,-0.47109227233887635,-8.95075317443865,-7.832027554830278,0.3320027165299316,0.07307597597175458,-1
1h,n50_atr14_m1.5_vz1.5_cl0.8_cs0.2,stress,50,14,1.5,1.5,0.8,0.2,True,50,1.5,True,200,10,True,3.0,38,-0.5732172629606471,-21.78225599250459,-20.694055993558486,0.2600570510454109,34,-0.5027525117872398,-17.093585400766152,-16.00534002408951,0.285100376536324,0.07046475117340734,-4
1h,n50_atr14_m2_vz1.5_cl0.8_cs0.2,stress,50,14,2.0,1.5,0.8,0.2,True,50,1.5,True,200,10,True,3.0,23,-0.5398294618064551,-12.416077621548466,-11.258238443908745,0.3192297637771311,22,-0.4733833242423701,-10.414433133332142,-9.295707513723771,0.3427996376158057,0.06644613756408496,-1
1h,n50_atr14_m1.2_vz1_cl0.7_cs0.3,stress,50,14,1.2,1.0,0.7,0.3,True,50,1.5,True,200,10,True,3.0,86,-0.4390449494382128,-37.7578656516863,-40.36306093509189,0.420269383330076,72,-0.3839309999155104,-27.643031993916747,-28.85438644496815,0.44930166000323324,0.05511394952270243,-14
1h,n50_atr14_m1.5_vz2_cl0.75_cs0.25,stress,50,14,1.5,2.0,0.75,0.25,True,50,1.5,True,200,10,True,3.0,38,-0.5489617376703122,-20.860546031471863,-19.889921922682664,0.2756202556752397,32,-0.5023507077835152,-16.075222649072487,-14.986977272395844,0.30804203614969816,0.046611029886796995,-6
1h,n50_atr14_m1.2_vz1_cl0.75_cs0.25,stress,50,14,1.2,1.0,0.75,0.25,True,50,1.5,True,200,10,True,3.0,74,-0.48331647470398864,-35.76541912809516,-36.29018170386051,0.36905819224496456,63,-0.4420040513420818,-27.846255234551155,-27.850206486062028,0.39593385328178565,0.041312423361906825,-11
1h,n50_atr14_m1.2_vz2_cl0.75_cs0.25,stress,50,14,1.2,2.0,0.75,0.25,True,50,1.5,True,200,10,True,3.0,39,-0.5487534564460018,-21.401384801394073,-20.313184802447974,0.2705393758171527,33,-0.5079701928020969,-16.763016362469198,-15.674770985792556,0.29918435987584446,0.04078326364390494,-6
1h,n50_atr14_m1.5_vz1_cl0.7_cs0.3,stress,50,14,1.5,1.0,0.7,0.3,True,50,1.5,True,200,10,True,3.0,68,-0.48072477754500487,-32.68928487306033,-33.085154920997155,0.36912807795131536,59,-0.44169645903243065,-26.06009108291341,-24.971845706236774,0.3828615431335875,0.03902831851257421,-9
1h,n50_atr14_m2_vz1_cl0.75_cs0.25,stress,50,14,2.0,1.0,0.75,0.25,True,50,1.5,True,200,10,True,3.0,33,-0.4082352147255716,-13.471762085943864,-15.914046869126285,0.4805830750143994,29,-0.36997174535693916,-10.729180615351236,-10.209158732887683,0.49345608841085736,0.03826346936863245,-4
1h,n50_atr14_m1.5_vz2_cl0.8_cs0.2,stress,50,14,1.5,2.0,0.8,0.2,True,50,1.5,True,200,10,True,3.0,29,-0.47914930861537536,-13.895329949845886,-12.924705841056683,0.3267204159234776,26,-0.44338037438158967,-11.52788973392133,-10.43964435724469,0.335996007614948,0.03576893423378569,-3
1h,n50_atr14_m1.2_vz2_cl0.8_cs0.2,stress,50,14,1.2,2.0,0.8,0.2,True,50,1.5,True,200,10,True,3.0,30,-0.49935010100861843,-14.980503030258554,-13.895329949845886,0.31039942577093627,27,-0.4671934368396537,-12.614222794670649,-11.525977417994007,0.31620994417744536,0.03215666416896473,-3
1h,n100_atr14_m1.5_vz2_cl0.75_cs0.25,stress,100,14,1.5,2.0,0.75,0.25,True,50,1.5,True,200,10,True,3.0,11,-0.31810492501885324,-3.4991541752073854,-5.192748168615427,0.5126104468156832,11,-0.29559625606662976,-3.2515588167329272,-4.150832162410857,0.4924349425684131,0.022508668952223476,0
1h,n50_atr14_m1.2_vz1_cl0.8_cs0.2,stress,50,14,1.2,1.0,0.8,0.2,True,50,1.5,True,200,10,True,3.0,60,-0.510524651071606,-30.631479064296364,-31.207658539439382,0.3439810381781781,52,-0.48883422950126554,-25.41937993406581,-25.024791838224072,0.34198692201216596,0.021690421570340512,-8
1h,n100_atr14_m2_vz1.5_cl0.75_cs0.25,stress,100,14,2.0,1.5,0.75,0.25,True,50,1.5,True,200,10,True,3.0,11,-0.36601478406103194,-4.026162624671351,-4.019943005069889,0.47755510484730623,11,-0.3457745125676767,-3.8035196382444436,-4.009254207075105,0.4491162917804537,0.020240271493355222,0
1h,n100_atr14_m2_vz2_cl0.75_cs0.25,stress,100,14,2.0,2.0,0.75,0.25,True,50,1.5,True,200,10,True,3.0,9,-0.2601303570794867,-2.34117321371538,-3.992216549013964,0.61119106948193,9,-0.24634098002529412,-2.217068820227647,-3.0335732284790895,0.5830967663624028,0.013789377054192559,0
1h,n100_atr14_m1.2_vz1.5_cl0.8_cs0.2,stress,100,14,1.2,1.5,0.8,0.2,True,50,1.5,True,200,10,True,3.0,17,-0.6353047185850719,-10.800180215946222,-9.715007135533554,0.25830618914761816,16,-0.6222240133772405,-9.955584214035849,-8.867338837359208,0.21159796679966825,0.013080705207831334,-1
1h,n100_atr14_m2_vz1.5_cl0.8_cs0.2,stress,100,14,2.0,1.5,0.8,0.2,True,50,1.5,True,200,10,True,3.0,10,-0.5220474624671353,-5.220474624671353,-4.019943005069889,0.3225782035676323,10,-0.5126513141006873,-5.126513141006873,-4.009254207075105,0.2575002003519035,0.009396148366447976,0
1h,n100_atr14_m1.2_vz1.5_cl0.75_cs0.25,stress,100,14,1.2,1.5,0.75,0.25,True,50,1.5,True,200,10,True,3.0,21,-0.5174725161297757,-10.86692283872529,-10.97303483977919,0.3132008239468398,20,-0.5085792255041334,-10.171584510082667,-10.406332636168454,0.2847136274711418,0.00889329062564237,-1
1h,n100_atr14_m1.2_vz2_cl0.75_cs0.25,stress,100,14,1.2,2.0,0.75,0.25,True,50,1.5,True,200,10,True,3.0,12,-0.33666607876079974,-4.039992945129597,-5.7335869385376395,0.4766995926593503,12,-0.3282793775108032,-3.9393525301296384,-4.838625875807568,0.4446911623482689,0.00838670124999652,0
1h,n50_atr14_m1.5_vz1_cl0.75_cs0.25,stress,50,14,1.5,1.0,0.75,0.25,True,50,1.5,True,200,10,True,3.0,61,-0.5235906330168778,-31.93902861402955,-30.850828615083444,0.3165373377668963,53,-0.5215316985799971,-27.64118002473985,-26.552934648063214,0.3007818526754427,0.002058934436880655,-8
1h,n100_atr14_m1.5_vz2_cl0.8_cs0.2,stress,100,14,1.5,2.0,0.8,0.2,True,50,1.5,True,200,10,True,3.0,9,-0.5137428014068316,-4.623685212661484,-5.192748168615427,0.3496558616332879,9,-0.5142564110740798,-4.628307699666719,-4.150832162410857,0.27752582813409804,-0.0005136096672482271,0
1h,n100_atr14_m2_vz2_cl0.8_cs0.2,stress,100,14,2.0,2.0,0.8,0.2,True,50,1.5,True,200,10,True,3.0,8,-0.44193565171442273,-3.535485213715382,-3.992216549013964,0.4128464238553161,8,-0.4425077903737595,-3.540062322990076,-3.0335732284790895,0.33431771884210343,-0.0005721386593367517,0
1h,n100_atr14_m1.2_vz2_cl0.8_cs0.2,stress,100,14,1.2,2.0,0.8,0.2,True,50,1.5,True,200,10,True,3.0,10,-0.570885829307415,-5.708858293074151,-6.2809481675615295,0.30335351382745335,10,-0.5714640760416037,-5.714640760416036,-5.237165223160176,0.2372876559454191,-0.0005782467341886033,0
1h,n100_atr14_m1.5_vz1.5_cl0.75_cs0.25,stress,100,14,1.5,1.5,0.75,0.25,True,50,1.5,True,200,10,True,3.0,18,-0.4475323478538338,-8.055582261369008,-8.320780685345353,0.3808742673265846,18,-0.4637998760061673,-8.348397768111012,-8.583145894196798,0.32658516920017727,-0.01626752815233351,0
1h,n100_atr14_m1.5_vz1.5_cl0.8_cs0.2,stress,100,14,1.5,1.5,0.8,0.2,True,50,1.5,True,200,10,True,3.0,14,-0.5317503805785344,-7.444505328099481,-6.515391752075827,0.3356580110670782,14,-0.5524184374793991,-7.733858124711588,-6.645612748034946,0.2567758244176144,-0.020668056900864706,0
1h,n50_atr14_m2_vz1_cl0.8_cs0.2,stress,50,14,2.0,1.0,0.8,0.2,True,50,1.5,True,200,10,True,3.0,27,-0.4164930455495001,-11.245312229836504,-13.687597013018923,0.45589755492920037,25,-0.4406748139673438,-11.016870349183595,-10.496848466720042,0.39796340449864354,-0.024181768417843696,-2
1h,n50_atr14_m1.5_vz1_cl0.8_cs0.2,stress,50,14,1.5,1.0,0.8,0.2,True,50,1.5,True,200,10,True,3.0,48,-0.5092528513500697,-24.444136864803347,-23.565893142575177,0.3246370828656601,43,-0.5348460645297954,-22.998380774781204,-21.91013539810456,0.2737085922739493,-0.025593213179725738,-5
1h,n100_atr14_m1.2_vz1_cl0.75_cs0.25,stress,100,14,1.2,1.0,0.75,0.25,True,50,1.5,True,200,10,True,3.0,30,-0.5328418329956012,-15.985254989868034,-15.404590837972115,0.3130567952616701,28,-0.6352420506946653,-17.78677741945063,-16.698532042773987,0.21454375939994696,-0.10240021769906416,-2
1h,n100_atr14_m1.2_vz1_cl0.8_cs0.2,stress,100,14,1.2,1.0,0.8,0.2,True,50,1.5,True,200,10,True,3.0,25,-0.585781181499161,-14.644529537479025,-14.115282284960774,0.2937320020900687,23,-0.7085759605215086,-16.2972470919947,-15.20900171531806,0.17602758600257148,-0.12279477902234759,-2
1h,n100_atr14_m1.5_vz1.5_cl0.7_cs0.3,stress,100,14,1.5,1.5,0.7,0.3,True,50,1.5,True,200,10,True,3.0,19,-0.3250425951869262,-6.175809308551598,-6.441007732527945,0.5253474747139502,19,-0.4552803493095474,-8.6503266368814,-8.885074762967188,0.3188203697292429,-0.13023775412262123,0
1h,n100_atr14_m1.5_vz2_cl0.7_cs0.3,stress,100,14,1.5,2.0,0.7,0.3,True,50,1.5,True,200,10,True,3.0,12,-0.1349484351991647,-1.6193812223899762,-5.192748168615427,0.774439921507904,12,-0.29612397379194305,-3.553487685503317,-4.2277807233267914,0.4702707112953398,-0.16117553859277836,0
1h,n100_atr14_m2_vz1.5_cl0.7_cs0.3,stress,100,14,2.0,1.5,0.7,0.3,True,50,1.5,True,200,10,True,3.0,12,-0.1788658059878285,-2.146389671853942,-3.992216549013964,0.7214791274954788,12,-0.34212070891790275,-4.105448507014833,-4.311183075845494,0.43029932697999557,-0.16325490293007425,0
1h,n100_atr14_m1.2_vz1.5_cl0.7_cs0.3,stress,100,14,1.2,1.5,0.7,0.3,True,50,1.5,True,200,10,True,3.0,23,-0.3078477175829411,-7.080497504407645,-7.30543813688465,0.5525062684033881,22,-0.4749466015363695,-10.448825233800129,-10.683573359885917,0.2804942247545233,-0.16709888395342837,-1
1h,n20_atr14_m1.2_vz1_cl0.7_cs0.3,stress,20,14,1.2,1.0,0.7,0.3,True,50,1.5,True,200,10,True,3.0,135,-0.28007076215010757,-37.80955289026452,-40.24080585868492,0.6073889506886142,131,-0.4540805210397475,-59.48454825620692,-61.265632894728846,0.41600778724155185,-0.17400975888963993,-4
1h,n100_atr14_m1.5_vz1_cl0.75_cs0.25,stress,100,14,1.5,1.0,0.75,0.25,True,50,1.5,True,200,10,True,3.0,24,-0.4774934917231288,-11.459843801355092,-11.420018419381382,0.36919515130003877,24,-0.6536363427142418,-15.687272225141802,-14.59902684846516,0.2051436695280967,-0.17614285099111293,0
1h,n20_atr14_m2_vz2_cl0.7_cs0.3,stress,20,14,2.0,2.0,0.7,0.3,True,50,1.5,True,200,10,True,3.0,48,-0.3167839642282197,-15.205630282954544,-19.333271166932366,0.5917690102558583,43,-0.5050073406533891,-21.715315648095732,-22.795242020856676,0.40290698311681866,-0.18822337642516945,-5
1h,n20_atr14_m1.2_vz1.5_cl0.7_cs0.3,stress,20,14,1.2,1.5,0.7,0.3,True,50,1.5,True,200,10,True,3.0,104,-0.2881449563152196,-29.967075456782837,-30.701641701572115,0.6019242107162122,100,-0.4771033213177165,-47.71033213177165,-46.622086755095,0.4056389149044092,-0.1889583650024969,-4
1h,n100_atr14_m1.2_vz1_cl0.7_cs0.3,stress,100,14,1.2,1.0,0.7,0.3,True,50,1.5,True,200,10,True,3.0,36,-0.4297444455010647,-15.47080003803833,-15.10070361374951,0.42170993052433836,33,-0.6272026463634901,-20.697687329995173,-19.609441953318534,0.19088823512702222,-0.19745820086242538,-3
1h,n20_atr14_m2_vz1_cl0.7_cs0.3,stress,20,14,2.0,1.0,0.7,0.3,True,50,1.5,True,200,10,True,3.0,59,-0.38048318795504255,-22.44850808934751,-25.537921598049905,0.5231447604650619,56,-0.5850336378766007,-32.76188372108964,-33.84181009385059,0.31676153918182615,-0.20455044992155813,-3
1h,n100_atr14_m2_vz2_cl0.7_cs0.3,stress,100,14,2.0,2.0,0.7,0.3,True,50,1.5,True,200,10,True,3.0,10,-0.0461400260897971,-0.46140026089797104,-3.992216549013964,0.92337322974245,10,-0.2518997688998036,-2.518997688998036,-3.110521789395025,0.5517697784965325,-0.20575974281000647,0
1h,n100_atr14_m2_vz1_cl0.75_cs0.25,stress,100,14,2.0,1.0,0.75,0.25,True,50,1.5,True,200,10,True,3.0,13,-0.2719156735661468,-3.534903756359909,-5.286439571206934,0.60577270211652,13,-0.48588948798940257,-6.316563343862233,-5.126513141006872,0.329269621598043,-0.21397381442325575,0
1h,n20_atr14_m2_vz1.5_cl0.7_cs0.3,stress,20,14,2.0,1.5,0.7,0.3,True,50,1.5,True,200,10,True,3.0,55,-0.348860002855696,-19.18730015706328,-21.629584940245703,0.5549125492559238,51,-0.5672154289468873,-28.92798687629125,-30.007913249052194,0.336225835791859,-0.21835542609119124,-4
1h,n100_atr14_m1.5_vz1_cl0.8_cs0.2,stress,100,14,1.5,1.0,0.8,0.2,True,50,1.5,True,200,10,True,3.0,19,-0.503936002025033,-9.574784038475626,-10.130709866370045,0.3653891983632123,19,-0.726273818438593,-13.799202550333266,-12.710957173656626,0.1622206593572556,-0.22233781641355999,0
1h,n20_atr14_m1.2_vz1_cl0.8_cs0.2,stress,20,14,1.2,1.0,0.8,0.2,True,50,1.5,True,200,10,True,3.0,90,-0.3867553022792327,-34.807977205130946,-36.58773159767303,0.493322983833849,91,-0.6216199775834522,-56.567417960094154,-58.34850259861609,0.2707907900489558,-0.2348646753042195,1
1h,n20_atr14_m1.2_vz1_cl0.75_cs0.25,stress,20,14,1.2,1.0,0.75,0.25,True,50,1.5,True,200,10,True,3.0,115,-0.2906267564348167,-33.42207699000392,-36.758713712511074,0.5972041973550241,114,-0.5283288154640412,-60.22948496290069,-62.01056960142262,0.3518244622230169,-0.23770205902922448,-1
1h,n100_atr14_m2_vz1_cl0.8_cs0.2,stress,100,14,2.0,1.0,0.8,0.2,True,50,1.5,True,200,10,True,3.0,12,-0.3941013130299926,-4.729215756359911,-6.480751571206936,0.4725780170440596,12,-0.6366297372187218,-7.639556846624662,-6.388024839705175,0.18878627892826222,-0.24252842418872927,0
1h,n100_atr14_m1.5_vz1_cl0.7_cs0.3,stress,100,14,1.5,1.0,0.7,0.3,True,50,1.5,True,200,10,True,3.0,26,-0.41581286623789765,-10.81113452218534,-10.771309140211631,0.44266994890931755,26,-0.662319862865166,-17.220316434494315,-16.132071057817672,0.19035717792010215,-0.24650699662726833,0
1h,n20_atr14_m2_vz1_cl0.75_cs0.25,stress,20,14,2.0,1.0,0.75,0.25,True,50,1.5,True,200,10,True,3.0,53,-0.376535125029745,-19.956361626576484,-24.340219203305118,0.5253664412283433,50,-0.6274631909776304,-31.373159548881517,-30.85313766641797,0.28892985202517,-0.25092806594788536,-3
1h,n20_atr14_m1.2_vz2_cl0.7_cs0.3,stress,20,14,1.2,2.0,0.7,0.3,True,50,1.5,True,200,10,True,3.0,78,-0.19540173909091663,-15.241335649091496,-22.93064371759923,0.7190002866042332,73,-0.4595294720823271,-33.54565146200988,-32.28819731067946,0.4415941911424982,-0.26412773299141046,-5
1h,n20_atr14_m1.2_vz1.5_cl0.8_cs0.2,stress,20,14,1.2,1.5,0.8,0.2,True,50,1.5,True,200,10,True,3.0,72,-0.41298366965319055,-29.734824215029718,-29.799540017300377,0.45980745573078197,71,-0.6835546393180689,-48.53237939158289,-47.444134014906254,0.22319298917549835,-0.27057096966487837,-1
1h,n20_atr14_m1.5_vz1_cl0.7_cs0.3,stress,20,14,1.5,1.0,0.7,0.3,True,50,1.5,True,200,10,True,3.0,107,-0.31033494889526947,-33.205839531793835,-37.76486154631392,0.5668519937300966,102,-0.5886004209331643,-60.03724293518276,-58.94899755850611,0.2943273586724536,-0.27826547203789487,-5
1h,n20_atr14_m1.2_vz1.5_cl0.75_cs0.25,stress,20,14,1.2,1.5,0.75,0.25,True,50,1.5,True,200,10,True,3.0,91,-0.2896950290669332,-26.362247645090918,-29.629339669967127,0.5973434364493463,88,-0.5717762847620665,-50.316313059061855,-49.2280676823852,0.3202952279981496,-0.28208125569513337,-3
1h,n100_atr14_m1.2_vz2_cl0.7_cs0.3,stress,100,14,1.2,2.0,0.7,0.3,True,50,1.5,True,200,10,True,3.0,14,-0.018111972200853605,-0.25356761081195045,-5.7335869385376395,0.9671553797671217,14,-0.3011852324176501,-4.216593253847101,-4.890886291670577,0.4298752846335093,-0.2830732602167965,0
1h,n20_atr14_m2_vz1.5_cl0.75_cs0.25,stress,20,14,2.0,1.5,0.75,0.25,True,50,1.5,True,200,10,True,3.0,49,-0.340717422332495,-16.695153694292255,-20.37312737592394,0.5615623108694301,46,-0.6245253507561677,-28.728166134783713,-28.208144252320167,0.29828853899112406,-0.28380792842367264,-3
1h,n20_atr14_m2_vz1_cl0.8_cs0.2,stress,20,14,2.0,1.0,0.8,0.2,True,50,1.5,True,200,10,True,3.0,41,-0.3788932088104793,-15.53462156122965,-18.854332284359185,0.5091218155860281,40,-0.6703877865668868,-26.815511462675474,-26.807137724344386,0.24257503369674274,-0.2914945777564075,-1
1h,n20_atr14_m1.5_vz1.5_cl0.7_cs0.3,stress,20,14,1.5,1.5,0.7,0.3,True,50,1.5,True,200,10,True,3.0,90,-0.3259053759041449,-29.331483831373045,-29.718629030912204,0.5549331847417419,87,-0.6255198187406957,-54.420224230440525,-53.33197885376387,0.26810070228346267,-0.2996144428365508,-3
1h,n20_atr14_m2_vz2_cl0.75_cs0.25,stress,20,14,2.0,2.0,0.75,0.25,True,50,1.5,True,200,10,True,3.0,44,-0.27296024898303256,-12.010250955253433,-17.432335907257496,0.640345260584867,40,-0.5748429890712885,-22.99371956285154,-22.473697680387993,0.3468749884009021,-0.30188274008825594,-4
1h,n20_atr14_m1.5_vz1_cl0.75_cs0.25,stress,20,14,1.5,1.0,0.75,0.25,True,50,1.5,True,200,10,True,3.0,95,-0.3237803226146359,-30.75913064839041,-34.15778318758999,0.5554281115309642,92,-0.6403396008420246,-58.91124327746626,-57.8229979007896,0.2527182374353026,-0.31655927822738866,-3
1h,n20_atr14_m1.5_vz1.5_cl0.8_cs0.2,stress,20,14,1.5,1.5,0.8,0.2,True,50,1.5,True,200,10,True,3.0,64,-0.43748208755127105,-27.998853603281347,-27.522873389022077,0.4310254398042501,65,-0.762401103350062,-49.55607171775403,-48.46782634107737,0.15996439069362073,-0.3249190157987909,1
1h,n20_atr14_m1.5_vz1_cl0.8_cs0.2,stress,20,14,1.5,1.0,0.8,0.2,True,50,1.5,True,200,10,True,3.0,73,-0.4133105776927575,-30.171672171571295,-30.062325906374657,0.459125374616823,73,-0.7382578223802905,-53.89282103376121,-52.804575657084555,0.17983486526829554,-0.324947244687533,0
1h,n20_atr14_m2_vz1.5_cl0.8_cs0.2,stress,20,14,2.0,1.5,0.8,0.2,True,50,1.5,True,200,10,True,3.0,38,-0.35872719958398375,-13.631633584191382,-16.951344307320916,0.5305542727165976,37,-0.6900409778664518,-25.531516181058716,-25.52314244272763,0.23976269390781899,-0.33131377828246805,-1
1h,n20_atr14_m1.5_vz1.5_cl0.75_cs0.25,stress,20,14,1.5,1.5,0.75,0.25,True,50,1.5,True,200,10,True,3.0,81,-0.3391510194350826,-27.47123257424169,-29.169290416625785,0.5393458275543238,79,-0.6799371229150877,-53.71503271029193,-52.62678733361528,0.22531460355736396,-0.3407861034800051,-2
1h,n20_atr14_m1.5_vz2_cl0.7_cs0.3,stress,20,14,1.5,2.0,0.7,0.3,True,50,1.5,True,200,10,True,3.0,71,-0.2547484892201314,-18.087142734629328,-23.947393785596294,0.6435266983956104,67,-0.6046923850220322,-40.51438979647615,-39.25693564514573,0.3118649914318151,-0.3499438958019008,-4
1h,n100_atr14_m2_vz1_cl0.7_cs0.3,stress,100,14,2.0,1.0,0.7,0.3,True,50,1.5,True,200,10,True,3.0,14,-0.11822362882446429,-1.6551308035425,-5.192748168615427,0.8154128685539697,14,-0.47274944375947303,-6.618492212632622,-5.428442009777261,0.3190409738418656,-0.35452581493500873,0
1h,n20_atr14_m2_vz2_cl0.8_cs0.2,stress,20,14,2.0,2.0,0.8,0.2,True,50,1.5,True,200,10,True,3.0,33,-0.27111305591371393,-8.94673084515256,-12.2664415682821,0.6326202940230083,31,-0.6386151486815015,-19.797069609126545,-19.788695870795458,0.2891324413262665,-0.36750209276778756,-2
1h,n20_atr14_m1.2_vz2_cl0.75_cs0.25,stress,20,14,1.2,2.0,0.75,0.25,True,50,1.5,True,200,10,True,3.0,69,-0.1937112114392082,-13.366073589305365,-22.282035209836025,0.721771985439719,65,-0.6163501197888754,-40.062757786276904,-38.80530363494648,0.3061546113187879,-0.4226389083496672,-4
1h,n20_atr14_m1.5_vz2_cl0.75_cs0.25,stress,20,14,1.5,2.0,0.75,0.25,True,50,1.5,True,200,10,True,3.0,64,-0.24255716582137324,-15.523658612567887,-22.87058605060642,0.6599221999707946,61,-0.6768429988949328,-41.2874229325909,-40.02996878126048,0.25389031460157907,-0.4342858330735596,-3
1h,n20_atr14_m1.5_vz2_cl0.8_cs0.2,stress,20,14,1.5,2.0,0.8,0.2,True,50,1.5,True,200,10,True,3.0,49,-0.31691456766420406,-15.528813815545998,-17.549763084175257,0.5744996385815679,49,-0.7516055060086833,-36.82866979442548,-35.571215643095066,0.20396985010351704,-0.4346909383444792,0
1h,n20_atr14_m1.2_vz2_cl0.8_cs0.2,stress,20,14,1.2,2.0,0.8,0.2,True,50,1.5,True,200,10,True,3.0,53,-0.2716899426084089,-14.399566958245671,-16.96121224340486,0.6297173721092558,51,-0.7090519092362694,-36.16164737104974,-34.904193219719325,0.23812065284565906,-0.4373619666278605,-2
4h,n20_atr14_m1.2_vz1_cl0.75_cs0.25,base,20,14,1.2,1.0,0.75,0.25,True,50,1.5,True,200,10,True,3.0,31,0.019325764558341504,0.5990987013085867,-4.085835518737587,1.039532966209288,29,-0.27819143801820023,-8.067551702527807,-10.211036605284127,0.5698415025874154,-0.29751720257654174,-2
4h,n50_atr14_m1.2_vz1_cl0.75_cs0.25,base,50,14,1.2,1.0,0.75,0.25,True,50,1.5,True,200,10,True,3.0,19,0.17778692752368186,3.377951622949955,-2.842321402599466,1.438415213258633,17,-0.1276548666946071,-2.1701327338083205,-6.040837392021731,0.7824565820166997,-0.305441794218289,-2
4h,n20_atr14_m1.5_vz1_cl0.75_cs0.25,base,20,14,1.5,1.0,0.75,0.25,True,50,1.5,True,200,10,True,3.0,29,0.09329993019464182,2.705697975644613,-4.085835518737587,1.207367997373893,27,-0.22078668996455428,-5.961240629042965,-9.166686625358922,0.6419357892834684,-0.3140866201591961,-2
4h,n20_atr14_m1.2_vz1_cl0.7_cs0.3,base,20,14,1.2,1.0,0.7,0.3,True,50,1.5,True,200,10,True,3.0,36,0.07222364167489287,2.6000511002961435,-3.78032831992599,1.1501832729812662,33,-0.24398392521611667,-8.05146953213185,-11.303136174530877,0.6159058788683435,-0.31620756689100954,-3
4h,n50_atr14_m1.5_vz1_cl0.75_cs0.25,base,50,14,1.5,1.0,0.75,0.25,True,50,1.5,True,200,10,True,3.0,18,0.07950175274115734,1.431031549340832,-2.842321402599466,1.1857297178626254,16,-0.24262778373278157,-3.882044539724505,-6.719261856628697,0.6108471962205471,-0.32212953647393894,-2
4h,n20_atr14_m1.5_vz1_cl0.7_cs0.3,base,20,14,1.5,1.0,0.7,0.3,True,50,1.5,True,200,10,True,3.0,34,0.13843089337153439,4.7066503746321695,-3.7803283199259905,1.309527458553172,31,-0.19177930511764546,-5.945158458647009,-10.258786194605674,0.6847059908087064,-0.3302101984891799,-3
4h,n50_atr14_m1.2_vz1_cl0.7_cs0.3,base,50,14,1.2,1.0,0.7,0.3,True,50,1.5,True,200,10,True,3.0,22,0.2786960069394891,6.131312152668761,-2.842321402599466,1.7007985898443114,19,-0.07216840009609252,-1.3711996018257577,-6.099449619959263,0.876108325229748,-0.35086440703558164,-3
4h,n20_atr14_m1.2_vz1_cl0.8_cs0.2,base,20,14,1.2,1.0,0.8,0.2,True,50,1.5,True,200,10,True,3.0,25,0.13813456390641357,3.453364097660339,-3.9252671101064167,1.334304318828858,24,-0.22001536766831972,-5.280368824039673,-8.476799503021137,0.6565187778367809,-0.3581499315747333,-1
4h,n50_atr14_m1.2_vz1.5_cl0.75_cs0.25,base,50,14,1.2,1.5,0.75,0.25,True,50,1.5,True,200,10,True,3.0,14,-0.10308012074720993,-1.443121690460939,-2.8423214025994668,0.8065686476355152,12,-0.4660571238231086,-5.592685485877303,-6.4894614573882246,0.35868793021274614,-0.36297700307589864,-2
4h,n50_atr14_m1.5_vz1.5_cl0.75_cs0.25,base,50,14,1.5,1.5,0.75,0.25,True,50,1.5,True,200,10,True,3.0,14,-0.10308012074720993,-1.443121690460939,-2.8423214025994668,0.8065686476355152,12,-0.4660571238231086,-5.592685485877303,-6.4894614573882246,0.35868793021274614,-0.36297700307589864,-2
4h,n50_atr14_m1.5_vz1_cl0.7_cs0.3,base,50,14,1.5,1.0,0.7,0.3,True,50,1.5,True,200,10,True,3.0,21,0.19925676566950656,4.184392079059638,-2.842321402599466,1.47826892439073,18,-0.17128396709677457,-3.083111407741942,-7.811361425875448,0.7214323609051363,-0.37054073276628113,-3
4h,n20_atr14_m1.5_vz1_cl0.8_cs0.2,base,20,14,1.5,1.0,0.8,0.2,True,50,1.5,True,200,10,True,3.0,24,0.1881531191625743,4.515674859901783,-3.925267110106417,1.4872491986289724,23,-0.18340903176000153,-4.218407730480036,-8.476799503021137,0.7052359161065374,-0.37156215092257583,-1
4h,n50_atr14_m1.2_vz1_cl0.8_cs0.2,base,50,14,1.2,1.0,0.8,0.2,True,50,1.5,True,200,10,True,3.0,15,0.27486228438345806,4.122934265751871,-1.4868031704624096,1.8262740385275706,14,-0.1092145088653449,-1.5290031241148285,-5.858094449545747,0.8250556834557722,-0.38407679324880295,-1
4h,n50_atr14_m1.5_vz1_cl0.8_cs0.2,base,50,14,1.5,1.0,0.8,0.2,True,50,1.5,True,200,10,True,3.0,14,0.15542958515305347,2.1760141921427487,-2.223473384980599,1.4360933060152032,13,-0.2493011484639241,-3.240914930031013,-7.1310780231603506,0.6291834604716746,-0.40473073361697753,-1
4h,n50_atr14_m1.2_vz2_cl0.75_cs0.25,base,50,14,1.2,2.0,0.75,0.25,True,50,1.5,True,200,10,True,3.0,11,-0.20263253516896862,-2.228957886858655,-3.7806169622099945,0.6794458863961657,10,-0.6437489147607823,-6.437489147607823,-5.384543371382677,0.15471643092352202,-0.4411163795918137,-1
4h,n20_atr14_m1.2_vz1.5_cl0.75_cs0.25,base,20,14,1.2,1.5,0.75,0.25,True,50,1.5,True,200,10,True,3.0,24,0.25576484280809497,6.138356227394279,-2.244431192199118,1.6948984643527203,24,-0.2116132747371493,-5.078718593691583,-8.28416459000754,0.6554667119720011,-0.4673781175452443,0
4h,n20_atr14_m1.5_vz1.5_cl0.75_cs0.25,base,20,14,1.5,1.5,0.75,0.25,True,50,1.5,True,200,10,True,3.0,24,0.25576484280809497,6.138356227394279,-2.244431192199118,1.6948984643527203,24,-0.2116132747371493,-5.078718593691583,-8.28416459000754,0.6554667119720011,-0.4673781175452443,0
4h,n50_atr14_m1.2_vz1.5_cl0.8_cs0.2,base,50,14,1.2,1.5,0.8,0.2,True,50,1.5,True,200,10,True,3.0,10,-0.06981390476590225,-0.6981390476590226,-2.2234733849805997,0.8528844870088554,9,-0.5501728751315346,-4.951555876183811,-6.901277623919878,0.33846984075373787,-0.4803589703656323,-1
4h,n50_atr14_m1.5_vz1.5_cl0.8_cs0.2,base,50,14,1.5,1.5,0.8,0.2,True,50,1.5,True,200,10,True,3.0,10,-0.06981390476590225,-0.6981390476590226,-2.2234733849805997,0.8528844870088554,9,-0.5501728751315346,-4.951555876183811,-6.901277623919878,0.33846984075373787,-0.4803589703656323,-1
4h,n50_atr14_m1.5_vz2_cl0.75_cs0.25,base,50,14,1.5,2.0,0.75,0.25,True,50,1.5,True,200,10,True,3.0,10,-0.11895730526718618,-1.1895730526718618,-2.741232128023202,0.7988570528720504,9,-0.5997496714639295,-5.397747043175366,-4.344801266950221,0.1791787776694028,-0.48079236619674337,-1
4h,n50_atr14_m1.2_vz1.5_cl0.7_cs0.3,base,50,14,1.2,1.5,0.7,0.3,True,50,1.5,True,200,10,True,3.0,16,0.14714754245926556,2.354360679348249,-2.842321402599466,1.3155708719301695,14,-0.3424108824210529,-4.793752353894741,-7.581561026634975,0.5114792790868882,-0.4895584248803184,-2
4h,n50_atr14_m1.5_vz1.5_cl0.7_cs0.3,base,50,14,1.5,1.5,0.7,0.3,True,50,1.5,True,200,10,True,3.0,16,0.14714754245926556,2.354360679348249,-2.842321402599466,1.3155708719301695,14,-0.3424108824210529,-4.793752353894741,-7.581561026634975,0.5114792790868882,-0.4895584248803184,-2
4h,n20_atr14_m2_vz1_cl0.75_cs0.25,base,20,14,2.0,1.0,0.75,0.25,True,50,1.5,True,200,10,True,3.0,13,-0.3538390689150691,-4.599907895895899,-4.574037546172905,0.3974303311046712,13,-0.854391795620105,-11.107093343061365,-10.054147566836217,0.03130526595695235,-0.5005527267050359,0
4h,n20_atr14_m1.2_vz1.5_cl0.8_cs0.2,base,20,14,1.2,1.5,0.8,0.2,True,50,1.5,True,200,10,True,3.0,20,0.3441669435098098,6.883338870196196,-2.5928427272955816,2.125034850321508,20,-0.16679428475643268,-3.3358856951286535,-7.594277467669757,0.7310522810935703,-0.5109612282662425,0
4h,n20_atr14_m1.5_vz1.5_cl0.8_cs0.2,base,20,14,1.5,1.5,0.8,0.2,True,50,1.5,True,200,10,True,3.0,20,0.3441669435098098,6.883338870196196,-2.5928427272955816,2.125034850321508,20,-0.16679428475643268,-3.3358856951286535,-7.594277467669757,0.7310522810935703,-0.5109612282662425,0
4h,n20_atr14_m1.2_vz1.5_cl0.7_cs0.3,base,20,14,1.2,1.5,0.7,0.3,True,50,1.5,True,200,10,True,3.0,25,0.32183095069459194,8.045773767364798,-2.2444311921991176,1.9108294840432498,25,-0.24683272651753335,-6.170818162938334,-9.37626415925429,0.6102550320688976,-0.5686636772121253,0
4h,n20_atr14_m1.5_vz1.5_cl0.7_cs0.3,base,20,14,1.5,1.5,0.7,0.3,True,50,1.5,True,200,10,True,3.0,25,0.32183095069459194,8.045773767364798,-2.2444311921991176,1.9108294840432498,25,-0.24683272651753335,-6.170818162938334,-9.37626415925429,0.6102550320688976,-0.5686636772121253,0
4h,n20_atr14_m2_vz1.5_cl0.75_cs0.25,base,20,14,2.0,1.5,0.75,0.25,True,50,1.5,True,200,10,True,3.0,11,-0.2244169170283209,-2.4685860873115297,-2.442715737588536,0.5513698743430486,12,-0.8367596134836651,-10.041115361803982,-8.988169585578836,0.034513970057095986,-0.6123426964553442,1
4h,n50_atr14_m1.2_vz2_cl0.8_cs0.2,base,50,14,1.2,2.0,0.8,0.2,True,50,1.5,True,200,10,True,3.0,7,-0.2119964634366769,-1.4839752440567384,-2.118459376889237,0.649867843320626,7,-0.8280513625591901,-5.796359537914331,-4.7531763635402005,0.09149192779108015,-0.6160548991225132,0
4h,n20_atr14_m2_vz2_cl0.75_cs0.25,base,20,14,2.0,2.0,0.75,0.25,True,50,1.5,True,200,10,True,3.0,10,-0.14270971183711617,-1.4270971183711618,-1.6769647531027911,0.6800953978309033,10,-0.7897893863638503,-7.897893863638504,-6.844948087413359,0.043472732826474784,-0.6470796745267342,0
4h,n50_atr14_m1.2_vz2_cl0.7_cs0.3,base,50,14,1.2,2.0,0.7,0.3,True,50,1.5,True,200,10,True,3.0,12,-0.026795028907344726,-0.3215403468881367,-3.7806169622099945,0.9537581748438246,11,-0.6845080651685976,-7.529588716854573,-6.476642940629428,0.13531264258236897,-0.6577130362612529,-1
4h,n50_atr14_m2_vz2_cl0.75_cs0.25,base,50,14,2.0,2.0,0.75,0.25,True,50,1.5,True,200,10,True,3.0,6,-0.26086484181325525,-1.5651890508795314,-1.6769647531027918,0.5888105195444604,6,-0.9221415559846347,-5.532849335907808,-4.479903559682662,0.0,-0.6612767141713793,0
4h,n50_atr14_m2_vz1.5_cl0.75_cs0.25,base,50,14,2.0,1.5,0.75,0.25,True,50,1.5,True,200,10,True,3.0,7,-0.2822046071410049,-1.9754322499870345,-1.6769647531027918,0.5315255448213847,7,-0.9482185210004914,-6.63752964700344,-5.584583870778295,0.0,-0.6660139138594865,0
4h,n20_atr14_m1.2_vz2_cl0.75_cs0.25,base,20,14,1.2,2.0,0.75,0.25,True,50,1.5,True,200,10,True,3.0,17,0.29959869194349775,5.093177763039462,-2.1184593768892364,1.9141056803657002,15,-0.3688142977556366,-5.532214466334549,-4.479268690109405,0.4650425216957785,-0.6684129896991344,-2
4h,n20_atr14_m2_vz1_cl0.7_cs0.3,base,20,14,2.0,1.0,0.7,0.3,True,50,1.5,True,200,10,True,3.0,14,-0.19232073970895572,-2.69249035592538,-2.6666200062023875,0.6472944548038969,14,-0.8713709223077225,-12.199192912308115,-11.146247136082968,0.028582851135798743,-0.6790501825987668,0
4h,n20_atr14_m2_vz1_cl0.8_cs0.2,base,20,14,2.0,1.0,0.8,0.2,True,50,1.5,True,200,10,True,3.0,10,-0.18840571825284008,-1.884057182528401,-2.9111530943173025,0.6169033626005421,10,-0.8769701335490796,-8.769701335490796,-7.6760165547664805,0.039320984395497895,-0.6885644152962396,0
4h,n50_atr14_m2_vz1_cl0.75_cs0.25,base,50,14,2.0,1.0,0.75,0.25,True,50,1.5,True,200,10,True,3.0,8,-0.27746330846391065,-2.219706467711285,-1.9212389708270428,0.5024204692559214,8,-0.9664018034659695,-7.731214427727756,-6.67826865150261,0.0,-0.6889384950020588,0
4h,n20_atr14_m1.5_vz2_cl0.75_cs0.25,base,20,14,1.5,2.0,0.75,0.25,True,50,1.5,True,200,10,True,3.0,16,0.3832851623266409,6.132562597226254,-1.4868031704624087,2.353057046835987,14,-0.32089088299300667,-4.492472361902093,-3.9213263905248636,0.5170250596773779,-0.7041760453196475,-2
4h,n50_atr14_m1.5_vz2_cl0.7_cs0.3,base,50,14,1.5,2.0,0.7,0.3,True,50,1.5,True,200,10,True,3.0,11,0.06525858975442332,0.7178444872986565,-2.741232128023202,1.1213791413906826,10,-0.6489846612422117,-6.489846612422117,-5.436900836196972,0.15366003804918732,-0.714243250996635,-1
4h,n50_atr14_m1.5_vz2_cl0.8_cs0.2,base,50,14,1.5,2.0,0.8,0.2,True,50,1.5,True,200,10,True,3.0,6,-0.07409840164499087,-0.44459040986994525,-1.079074542702443,0.8610196369467498,6,-0.792769572246979,-4.756617433481874,-3.7134342591077427,0.10930501497285518,-0.7186711706019882,0
4h,n100_atr14_m1.2_vz1_cl0.75_cs0.25,base,100,14,1.2,1.0,0.75,0.25,True,50,1.5,True,200,10,True,3.0,6,0.5897609340680915,3.5385656044085487,-1.1653566494966747,4.036465794344486,5,-0.12961364597819788,-0.6480682298909894,-3.1815163357259912,0.7963020894742296,-0.7193745800462894,-1
4h,n100_atr14_m1.2_vz1_cl0.7_cs0.3,base,100,14,1.2,1.0,0.7,0.3,True,50,1.5,True,200,10,True,3.0,6,0.5897609340680915,3.5385656044085487,-1.1653566494966747,4.036465794344486,5,-0.12961364597819788,-0.6480682298909894,-3.1815163357259912,0.7963020894742296,-0.7193745800462894,-1
4h,n100_atr14_m1.5_vz1_cl0.75_cs0.25,base,100,14,1.5,1.0,0.75,0.25,True,50,1.5,True,200,10,True,3.0,6,0.5897609340680915,3.5385656044085487,-1.1653566494966747,4.036465794344486,5,-0.12961364597819788,-0.6480682298909894,-3.1815163357259912,0.7963020894742296,-0.7193745800462894,-1
4h,n100_atr14_m1.5_vz1_cl0.7_cs0.3,base,100,14,1.5,1.0,0.7,0.3,True,50,1.5,True,200,10,True,3.0,6,0.5897609340680915,3.5385656044085487,-1.1653566494966747,4.036465794344486,5,-0.12961364597819788,-0.6480682298909894,-3.1815163357259912,0.7963020894742296,-0.7193745800462894,-1
4h,n20_atr14_m2_vz1.5_cl0.8_cs0.2,base,20,14,2.0,1.5,0.8,0.2,True,50,1.5,True,200,10,True,3.0,9,-0.0908588461554763,-0.8177296153992868,-1.8448255271881884,0.7876931841087546,9,-0.8559692615814904,-7.703723354233414,-6.610038573509099,0.044519671598511806,-0.7651104154260141,0
4h,n20_atr14_m1.2_vz2_cl0.8_cs0.2,base,20,14,1.2,2.0,0.8,0.2,True,50,1.5,True,200,10,True,3.0,15,0.4496022823301136,6.744034234951704,-2.1184593768892364,2.72002030323626,13,-0.3305019805871861,-4.296525747633419,-3.738583448048879,0.5281509562332695,-0.7801042629172997,-2
4h,n20_atr14_m1.2_vz2_cl0.7_cs0.3,base,20,14,1.2,2.0,0.7,0.3,True,50,1.5,True,200,10,True,3.0,18,0.3889219612783322,7.0005953030099795,-2.1184593768892364,2.2564422900888412,16,-0.4140196272238313,-6.624314035581301,-5.571368259356157,0.4206228492450131,-0.8029415885021635,-2
4h,n20_atr14_m2_vz1.5_cl0.7_cs0.3,base,20,14,2.0,1.5,0.7,0.3,True,50,1.5,True,200,10,True,3.0,12,-0.04676404561175098,-0.5611685473410117,-2.4427157375885367,0.8980156628110512,13,-0.856401148542364,-11.133214931050732,-10.080269154825585,0.03123410935198686,-0.8096371029306131,1
4h,n20_atr14_m1.5_vz2_cl0.8_cs0.2,base,20,14,1.5,2.0,0.8,0.2,True,50,1.5,True,200,10,True,3.0,14,0.5559585049384641,7.783419069138498,-1.4868031704624087,3.7011513778449543,12,-0.2713986369334136,-3.256783643200963,-3.738583448048879,0.5962320650064185,-0.8273571418718777,-2
4h,n20_atr14_m1.5_vz2_cl0.7_cs0.3,base,20,14,1.5,2.0,0.7,0.3,True,50,1.5,True,200,10,True,3.0,17,0.47294000807039843,8.039980137196773,-1.4868031704624087,2.7738998352786166,15,-0.3723047954099229,-5.584571931148844,-4.531626154923698,0.46269992088203266,-0.8452448034803213,-2
4h,n20_atr14_m2_vz2_cl0.8_cs0.2,base,20,14,2.0,2.0,0.8,0.2,True,50,1.5,True,200,10,True,3.0,8,0.027969919192635175,0.2237593535410814,-1.486803170462409,1.0796253580034323,8,-0.8327756431171717,-6.662205144937373,-5.568520364213057,0.0511237224249886,-0.8607455623098068,0
4h,n20_atr14_m2_vz2_cl0.7_cs0.3,base,20,14,2.0,2.0,0.7,0.3,True,50,1.5,True,200,10,True,3.0,11,0.04366549287266877,0.48032042159935645,-1.6769647531027914,1.1076708174989611,11,-0.817272130262296,-8.989993432885255,-7.937047656660109,0.03839445140888556,-0.8609376231349647,0
4h,n50_atr14_m2_vz1_cl0.7_cs0.3,base,50,14,2.0,1.0,0.7,0.3,True,50,1.5,True,200,10,True,3.0,9,-0.03469876974897418,-0.3122889277407676,-1.6769647531027914,0.9299958889239792,9,-0.9803682218860563,-8.823313996974507,-7.77036822074936,0.0,-0.9456694521370821,0
4h,n50_atr14_m2_vz1.5_cl0.7_cs0.3,base,50,14,2.0,1.5,0.7,0.3,True,50,1.5,True,200,10,True,3.0,8,-0.008501838752064582,-0.06801471001651666,-1.6769647531027914,0.9838702875184263,8,-0.9662036520312739,-7.729629216250191,-6.676683440025045,0.0,-0.9577018132792093,0
4h,n100_atr14_m1.2_vz1.5_cl0.75_cs0.25,base,100,14,1.2,1.5,0.75,0.25,True,50,1.5,True,200,10,True,3.0,5,0.31779940447852423,1.588997022392621,-0.10108927457626438,2.3635285155655303,4,-0.6494474944067641,-2.5977899776270563,-2.14153645638362,0.18347426085610016,-0.9672468988852883,-1
4h,n100_atr14_m1.2_vz1.5_cl0.7_cs0.3,base,100,14,1.2,1.5,0.7,0.3,True,50,1.5,True,200,10,True,3.0,5,0.31779940447852423,1.588997022392621,-0.10108927457626438,2.3635285155655303,4,-0.6494474944067641,-2.5977899776270563,-2.14153645638362,0.18347426085610016,-0.9672468988852883,-1
4h,n100_atr14_m1.2_vz2_cl0.75_cs0.25,base,100,14,1.2,2.0,0.75,0.25,True,50,1.5,True,200,10,True,3.0,5,0.31779940447852423,1.588997022392621,-0.10108927457626438,2.3635285155655303,4,-0.6494474944067641,-2.5977899776270563,-2.14153645638362,0.18347426085610016,-0.9672468988852883,-1
4h,n100_atr14_m1.2_vz2_cl0.7_cs0.3,base,100,14,1.2,2.0,0.7,0.3,True,50,1.5,True,200,10,True,3.0,5,0.31779940447852423,1.588997022392621,-0.10108927457626438,2.3635285155655303,4,-0.6494474944067641,-2.5977899776270563,-2.14153645638362,0.18347426085610016,-0.9672468988852883,-1
4h,n100_atr14_m1.5_vz1.5_cl0.75_cs0.25,base,100,14,1.5,1.5,0.75,0.25,True,50,1.5,True,200,10,True,3.0,5,0.31779940447852423,1.588997022392621,-0.10108927457626438,2.3635285155655303,4,-0.6494474944067641,-2.5977899776270563,-2.14153645638362,0.18347426085610016,-0.9672468988852883,-1
4h,n100_atr14_m1.5_vz1.5_cl0.7_cs0.3,base,100,14,1.5,1.5,0.7,0.3,True,50,1.5,True,200,10,True,3.0,5,0.31779940447852423,1.588997022392621,-0.10108927457626438,2.3635285155655303,4,-0.6494474944067641,-2.5977899776270563,-2.14153645638362,0.18347426085610016,-0.9672468988852883,-1
4h,n100_atr14_m1.5_vz2_cl0.75_cs0.25,base,100,14,1.5,2.0,0.75,0.25,True,50,1.5,True,200,10,True,3.0,5,0.31779940447852423,1.588997022392621,-0.10108927457626438,2.3635285155655303,4,-0.6494474944067641,-2.5977899776270563,-2.14153645638362,0.18347426085610016,-0.9672468988852883,-1
4h,n100_atr14_m1.5_vz2_cl0.7_cs0.3,base,100,14,1.5,2.0,0.7,0.3,True,50,1.5,True,200,10,True,3.0,5,0.31779940447852423,1.588997022392621,-0.10108927457626438,2.3635285155655303,4,-0.6494474944067641,-2.5977899776270563,-2.14153645638362,0.18347426085610016,-0.9672468988852883,-1
4h,n50_atr14_m2_vz1_cl0.8_cs0.2,base,50,14,2.0,1.0,0.8,0.2,True,50,1.5,True,200,10,True,3.0,6,-0.09480833263317372,-0.5688499957990423,-1.4868031704624087,0.7975732238722538,6,-1.0825876181711043,-6.495525709026626,-5.40184092830231,0.0,-0.9877792855379306,0
4h,n50_atr14_m2_vz2_cl0.7_cs0.3,base,50,14,2.0,2.0,0.7,0.3,True,50,1.5,True,200,10,True,3.0,7,0.048889784155855195,0.34222848909098635,-1.6769647531027914,1.0899065544493374,7,-0.9464212721649369,-6.624948905154558,-5.5720031289294125,0.0,-0.9953110563207921,0
4h,n50_atr14_m2_vz1.5_cl0.8_cs0.2,base,50,14,2.0,1.5,0.8,0.2,True,50,1.5,True,200,10,True,3.0,5,-0.06491515561495825,-0.32457577807479127,-1.486803170462409,0.8735030214380533,5,-1.0803681856604619,-5.40184092830231,-4.322309806147814,0.0,-1.0154530300455036,0
4h,n100_atr14_m1.2_vz1_cl0.8_cs0.2,base,100,14,1.2,1.0,0.8,0.2,True,50,1.5,True,200,10,True,3.0,5,0.9205665958657917,4.602832979328959,-0.10108927457626438,46.5323574001559,5,-0.12961364597819788,-0.6480682298909894,-3.1815163357259912,0.7963020894742296,-1.0501802418439896,0
4h,n100_atr14_m1.5_vz1_cl0.8_cs0.2,base,100,14,1.5,1.0,0.8,0.2,True,50,1.5,True,200,10,True,3.0,5,0.9205665958657917,4.602832979328959,-0.10108927457626438,46.5323574001559,5,-0.12961364597819788,-0.6480682298909894,-3.1815163357259912,0.7963020894742296,-1.0501802418439896,0
4h,n50_atr14_m2_vz2_cl0.8_cs0.2,base,50,14,2.0,2.0,0.8,0.2,True,50,1.5,True,200,10,True,3.0,4,0.021416855258177936,0.08566742103271174,-1.0765599713549059,1.0397411622768407,4,-1.0742901543016694,-4.297160617206678,-3.2176294950521807,0.0,-1.0957070095598473,0
4h,n100_atr14_m1.2_vz1.5_cl0.8_cs0.2,base,100,14,1.2,1.5,0.8,0.2,True,50,1.5,True,200,10,True,3.0,4,0.6633160993282579,2.6532643973130314,0.0,27.246744854335088,4,-0.6494474944067641,-2.5977899776270563,-2.14153645638362,0.18347426085610016,-1.312763593735022,0
4h,n100_atr14_m1.2_vz2_cl0.8_cs0.2,base,100,14,1.2,2.0,0.8,0.2,True,50,1.5,True,200,10,True,3.0,4,0.6633160993282579,2.6532643973130314,0.0,27.246744854335088,4,-0.6494474944067641,-2.5977899776270563,-2.14153645638362,0.18347426085610016,-1.312763593735022,0
4h,n100_atr14_m1.5_vz1.5_cl0.8_cs0.2,base,100,14,1.5,1.5,0.8,0.2,True,50,1.5,True,200,10,True,3.0,4,0.6633160993282579,2.6532643973130314,0.0,27.246744854335088,4,-0.6494474944067641,-2.5977899776270563,-2.14153645638362,0.18347426085610016,-1.312763593735022,0
4h,n100_atr14_m1.5_vz2_cl0.8_cs0.2,base,100,14,1.5,2.0,0.8,0.2,True,50,1.5,True,200,10,True,3.0,4,0.6633160993282579,2.6532643973130314,0.0,27.246744854335088,4,-0.6494474944067641,-2.5977899776270563,-2.14153645638362,0.18347426085610016,-1.312763593735022,0
4h,n100_atr14_m2_vz1.5_cl0.75_cs0.25,base,100,14,2.0,1.5,0.75,0.25,True,50,1.5,True,200,10,True,3.0,2,1.1206509675450305,2.241301935090061,0.0,inf,2,-1.0707682281918098,-2.1415364563836197,-1.0622291709333311,0.0,-2.1914191957368403,0
4h,n100_atr14_m2_vz1.5_cl0.7_cs0.3,base,100,14,2.0,1.5,0.7,0.3,True,50,1.5,True,200,10,True,3.0,2,1.1206509675450305,2.241301935090061,0.0,inf,2,-1.0707682281918098,-2.1415364563836197,-1.0622291709333311,0.0,-2.1914191957368403,0
4h,n100_atr14_m2_vz1.5_cl0.8_cs0.2,base,100,14,2.0,1.5,0.8,0.2,True,50,1.5,True,200,10,True,3.0,2,1.1206509675450305,2.241301935090061,0.0,inf,2,-1.0707682281918098,-2.1415364563836197,-1.0622291709333311,0.0,-2.1914191957368403,0
4h,n100_atr14_m2_vz1_cl0.75_cs0.25,base,100,14,2.0,1.0,0.75,0.25,True,50,1.5,True,200,10,True,3.0,2,1.1206509675450305,2.241301935090061,0.0,inf,2,-1.0707682281918098,-2.1415364563836197,-1.0622291709333311,0.0,-2.1914191957368403,0
4h,n100_atr14_m2_vz1_cl0.7_cs0.3,base,100,14,2.0,1.0,0.7,0.3,True,50,1.5,True,200,10,True,3.0,2,1.1206509675450305,2.241301935090061,0.0,inf,2,-1.0707682281918098,-2.1415364563836197,-1.0622291709333311,0.0,-2.1914191957368403,0
4h,n100_atr14_m2_vz1_cl0.8_cs0.2,base,100,14,2.0,1.0,0.8,0.2,True,50,1.5,True,200,10,True,3.0,2,1.1206509675450305,2.241301935090061,0.0,inf,2,-1.0707682281918098,-2.1415364563836197,-1.0622291709333311,0.0,-2.1914191957368403,0
4h,n100_atr14_m2_vz2_cl0.75_cs0.25,base,100,14,2.0,2.0,0.75,0.25,True,50,1.5,True,200,10,True,3.0,2,1.1206509675450305,2.241301935090061,0.0,inf,2,-1.0707682281918098,-2.1415364563836197,-1.0622291709333311,0.0,-2.1914191957368403,0
4h,n100_atr14_m2_vz2_cl0.7_cs0.3,base,100,14,2.0,2.0,0.7,0.3,True,50,1.5,True,200,10,True,3.0,2,1.1206509675450305,2.241301935090061,0.0,inf,2,-1.0707682281918098,-2.1415364563836197,-1.0622291709333311,0.0,-2.1914191957368403,0
4h,n100_atr14_m2_vz2_cl0.8_cs0.2,base,100,14,2.0,2.0,0.8,0.2,True,50,1.5,True,200,10,True,3.0,2,1.1206509675450305,2.241301935090061,0.0,inf,2,-1.0707682281918098,-2.1415364563836197,-1.0622291709333311,0.0,-2.1914191957368403,0
4h,n50_atr14_m1.2_vz1_cl0.75_cs0.25,stress,50,14,1.2,1.0,0.75,0.25,True,50,1.5,True,200,10,True,3.0,19,0.08232637731803001,1.5642011690425701,-3.5648842915824677,1.175561918845087,17,-0.19603547561652795,-3.3326030854809754,-6.671166603473065,0.6905576286973122,-0.27836185293455795,-2
4h,n20_atr14_m1.2_vz1_cl0.75_cs0.25,stress,20,14,1.2,1.0,0.75,0.25,True,50,1.5,True,200,10,True,3.0,31,-0.06115410402275562,-1.895777224705424,-4.805521475968511,0.8871524221781306,29,-0.34933969358665906,-10.130851114013113,-11.994550875499074,0.5006691826105923,-0.28818558956390344,-2
4h,n50_atr14_m1.5_vz1_cl0.75_cs0.25,stress,50,14,1.5,1.0,0.75,0.25,True,50,1.5,True,200,10,True,3.0,18,-0.01831135068627744,-0.3296043123529939,-3.5648842915824677,0.9630060591428107,16,-0.3107148123577622,-4.9714369977241955,-7.64576211684466,0.5383868963994357,-0.2924034616714848,-2
4h,n20_atr14_m1.5_vz1_cl0.75_cs0.25,stress,20,14,1.5,1.0,0.75,0.25,True,50,1.5,True,200,10,True,3.0,29,0.010945200635444149,0.3174108184278803,-4.8055214759685105,1.0217609434517814,27,-0.29326811806470365,-7.918239187746998,-10.905819220592956,0.5619532962920102,-0.3042133187001478,-2
4h,n20_atr14_m1.2_vz1_cl0.7_cs0.3,stress,20,14,1.2,1.0,0.7,0.3,True,50,1.5,True,200,10,True,3.0,36,-0.008857655600431181,-0.31887560161552253,-4.3078269387156105,0.9833187306522031,33,-0.3180167066705265,-10.494551320127375,-13.178687211993218,0.5377595937536975,-0.30915905107009534,-3
4h,n20_atr14_m1.5_vz1_cl0.7_cs0.3,stress,20,14,1.5,1.0,0.7,0.3,True,50,1.5,True,200,10,True,3.0,34,0.05571507180934651,1.8943124415177814,-4.3078269387156105,1.1120722546880415,31,-0.26715933528584707,-8.28193939386126,-12.089955557087102,0.59582656024507,-0.32287440709519355,-3
4h,n50_atr14_m1.2_vz1.5_cl0.75_cs0.25,stress,50,14,1.2,1.5,0.75,0.25,True,50,1.5,True,200,10,True,3.0,14,-0.2068309850527902,-2.895633790739063,-3.564884291582468,0.6607759010880456,12,-0.5340883738229388,-6.4090604858752664,-7.202542060764395,0.3140210788035974,-0.32725738877014865,-2
4h,n50_atr14_m1.5_vz1.5_cl0.75_cs0.25,stress,50,14,1.5,1.5,0.75,0.25,True,50,1.5,True,200,10,True,3.0,14,-0.2068309850527902,-2.895633790739063,-3.564884291582468,0.6607759010880456,12,-0.5340883738229388,-6.4090604858752664,-7.202542060764395,0.3140210788035974,-0.32725738877014865,-2
4h,n50_atr14_m1.2_vz1_cl0.7_cs0.3,stress,50,14,1.2,1.0,0.7,0.3,True,50,1.5,True,200,10,True,3.0,22,0.18504705150773332,4.071035133170133,-3.5648842915824672,1.4071866229187713,19,-0.14392612928869955,-2.7345964564852916,-7.191064541095585,0.7712370144614011,-0.3289731807964329,-3
4h,n50_atr14_m1.5_vz1_cl0.7_cs0.3,stress,50,14,1.5,1.0,0.7,0.3,True,50,1.5,True,200,10,True,3.0,21,0.10367760246545563,2.177229651774568,-3.5648842915824672,1.2177674130103484,18,-0.24296835381825066,-4.373430368728512,-8.829898453338805,0.6341401723743182,-0.3466459562837063,-3
4h,n20_atr14_m1.2_vz1_cl0.8_cs0.2,stress,20,14,1.2,1.0,0.8,0.2,True,50,1.5,True,200,10,True,3.0,25,0.0695335636514038,1.7383390912850951,-4.487211948562756,1.1548627790500285,24,-0.2925296909956853,-7.020712583896447,-9.990341537799623,0.5776683680421542,-0.3620632546470891,-1
4h,n20_atr14_m1.5_vz1_cl0.8_cs0.2,stress,20,14,1.5,1.0,0.8,0.2,True,50,1.5,True,200,10,True,3.0,24,0.1192882690702121,2.8629184576850903,-4.487211948562757,1.2834446717358199,23,-0.2563840135885414,-5.896832312536452,-9.990341537799623,0.6195546782557617,-0.3756722826587535,-1
4h,n50_atr14_m1.2_vz1_cl0.8_cs0.2,stress,50,14,1.2,1.0,0.8,0.2,True,50,1.5,True,200,10,True,3.0,15,0.19864495684145378,2.9796743526218066,-1.7080405388836821,1.536500740978069,14,-0.17961958207169676,-2.5146741490037545,-6.404145079871068,0.7323890733662358,-0.37826453891315054,-1
4h,n50_atr14_m1.5_vz1_cl0.8_cs0.2,stress,50,14,1.5,1.0,0.8,0.2,True,50,1.5,True,200,10,True,3.0,14,0.0775620622304459,1.0858688712262425,-2.401726247890374,1.195514470735803,13,-0.31950062009592106,-4.153508061246974,-7.933762372784653,0.5579848222118687,-0.397062682326367,-1
4h,n50_atr14_m1.2_vz2_cl0.75_cs0.25,stress,50,14,1.2,2.0,0.75,0.25,True,50,1.5,True,200,10,True,3.0,11,-0.3105115848991064,-3.4156274338901706,-4.486701393964546,0.56390991614397,10,-0.7098706437292608,-7.098706437292608,-5.992777244875396,0.12719134486767805,-0.3993590588301544,-1
4h,n50_atr14_m1.5_vz2_cl0.75_cs0.25,stress,50,14,1.5,2.0,0.75,0.25,True,50,1.5,True,200,10,True,3.0,10,-0.23368295043894532,-2.336829504389453,-3.4079034644638284,0.6539871491746776,9,-0.6687993022455591,-6.019193720210032,-4.913264527792818,0.14665707041961826,-0.43511635180661373,-1
4h,n20_atr14_m1.2_vz1.5_cl0.75_cs0.25,stress,20,14,1.2,1.5,0.75,0.25,True,50,1.5,True,200,10,True,3.0,24,0.16691443250870266,4.005946380208864,-2.443656356889494,1.3943866982961615,24,-0.2781079586550944,-6.674591007722266,-9.662171040568223,0.5788649641946818,-0.44502239116379705,0
4h,n20_atr14_m1.5_vz1.5_cl0.75_cs0.25,stress,20,14,1.5,1.5,0.75,0.25,True,50,1.5,True,200,10,True,3.0,24,0.16691443250870266,4.005946380208864,-2.443656356889494,1.3943866982961615,24,-0.2781079586550944,-6.674591007722266,-9.662171040568223,0.5788649641946818,-0.44502239116379705,0
4h,n50_atr14_m1.2_vz1.5_cl0.7_cs0.3,stress,50,14,1.2,1.5,0.7,0.3,True,50,1.5,True,200,10,True,3.0,16,0.043717211927619876,0.699475390841918,-3.5648842915824677,1.0819436870533534,14,-0.4150752754913988,-5.811053856879583,-8.386678397258539,0.44798981205354316,-0.4587924874190187,-2
4h,n50_atr14_m1.5_vz1.5_cl0.7_cs0.3,stress,50,14,1.5,1.5,0.7,0.3,True,50,1.5,True,200,10,True,3.0,16,0.043717211927619876,0.699475390841918,-3.5648842915824677,1.0819436870533534,14,-0.4150752754913988,-5.811053856879583,-8.386678397258539,0.44798981205354316,-0.4587924874190187,-2
4h,n20_atr14_m2_vz1_cl0.75_cs0.25,stress,20,14,2.0,1.0,0.75,0.25,True,50,1.5,True,200,10,True,3.0,13,-0.4670122838127751,-6.071159689566076,-5.394674609850343,0.3110906542404956,13,-0.9283772556369253,-12.068904323280028,-10.962975130862816,0.025320336794414266,-0.4613649718241502,0
4h,n50_atr14_m1.2_vz1.5_cl0.8_cs0.2,stress,50,14,1.2,1.5,0.8,0.2,True,50,1.5,True,200,10,True,3.0,10,-0.1480160607159826,-1.4801606071598261,-2.401726247890374,0.7142696815326708,9,-0.6212368388220051,-5.591131549398046,-7.490542316704387,0.2984769799461405,-0.4732207781060225,-1
4h,n50_atr14_m1.5_vz1.5_cl0.8_cs0.2,stress,50,14,1.5,1.5,0.8,0.2,True,50,1.5,True,200,10,True,3.0,10,-0.1480160607159826,-1.4801606071598261,-2.401726247890374,0.7142696815326708,9,-0.6212368388220051,-5.591131549398046,-7.490542316704387,0.2984769799461405,-0.4732207781060225,-1
4h,n20_atr14_m1.2_vz1.5_cl0.8_cs0.2,stress,20,14,1.2,1.5,0.8,0.2,True,50,1.5,True,200,10,True,3.0,20,0.27107097818940507,5.421419563788101,-2.9992154917008698,1.7970766244645764,20,-0.23265920662558592,-4.6531841325117185,-8.746693357774888,0.6494148840894799,-0.503730184814991,0
4h,n20_atr14_m1.5_vz1.5_cl0.8_cs0.2,stress,20,14,1.5,1.5,0.8,0.2,True,50,1.5,True,200,10,True,3.0,20,0.27107097818940507,5.421419563788101,-2.9992154917008698,1.7970766244645764,20,-0.23265920662558592,-4.6531841325117185,-8.746693357774888,0.6494148840894799,-0.503730184814991,0
4h,n20_atr14_m1.2_vz1.5_cl0.7_cs0.3,stress,20,14,1.2,1.5,0.7,0.3,True,50,1.5,True,200,10,True,3.0,25,0.23283390673350227,5.8208476683375565,-2.443656356889494,1.5730643087341736,25,-0.31434909376865644,-7.858727344216411,-10.846307377062368,0.5386226424675337,-0.5471830005021587,0
4h,n20_atr14_m1.5_vz1.5_cl0.7_cs0.3,stress,20,14,1.5,1.5,0.7,0.3,True,50,1.5,True,200,10,True,3.0,25,0.23283390673350227,5.8208476683375565,-2.443656356889494,1.5730643087341736,25,-0.31434909376865644,-7.858727344216411,-10.846307377062368,0.5386226424675337,-0.5471830005021587,0
4h,n20_atr14_m2_vz1.5_cl0.75_cs0.25,stress,20,14,2.0,1.5,0.75,0.25,True,50,1.5,True,200,10,True,3.0,11,-0.3462202913386639,-3.808423204725303,-3.1319381250095706,0.4185591733111899,12,-0.9114084756363882,-10.936901707636657,-9.830972515219443,0.02786803407411432,-0.5651881842977242,1
4h,n50_atr14_m2_vz2_cl0.75_cs0.25,stress,50,14,2.0,2.0,0.75,0.25,True,50,1.5,True,200,10,True,3.0,6,-0.41176898776153853,-2.4706139265692313,-2.2793232445613865,0.4556154201708454,6,-0.9945443468912375,-5.967266081347425,-4.861336888930212,0.0,-0.5827753591296989,0
4h,n20_atr14_m2_vz2_cl0.75_cs0.25,stress,20,14,2.0,2.0,0.75,0.25,True,50,1.5,True,200,10,True,3.0,10,-0.27254155504835254,-2.7254155504835254,-2.279323244561387,0.5014758459927667,10,-0.8650357613727374,-8.650357613727374,-7.544428421310163,0.03497672512153582,-0.5924942063243849,0
4h,n50_atr14_m2_vz1.5_cl0.75_cs0.25,stress,50,14,2.0,1.5,0.75,0.25,True,50,1.5,True,200,10,True,3.0,7,-0.43222665080837125,-3.025586555658599,-2.2793232445613865,0.4059712991409516,7,-1.0252221689956929,-7.1765551829698495,-6.070625990552636,0.0,-0.5929955181873217,0
4h,n50_atr14_m1.2_vz2_cl0.8_cs0.2,stress,50,14,1.2,2.0,0.8,0.2,True,50,1.5,True,200,10,True,3.0,7,-0.28573632147299055,-2.000154250310934,-2.23689323936913,0.5531990306701096,7,-0.8972539286879125,-6.280777500815388,-5.194380263982069,0.07092186958086939,-0.611517607214922,0
4h,n50_atr14_m1.2_vz2_cl0.7_cs0.3,stress,50,14,1.2,2.0,0.7,0.3,True,50,1.5,True,200,10,True,3.0,12,-0.13339384548012315,-1.6007261457614779,-4.486701393964546,0.795627359058708,11,-0.7529857067078868,-8.282842773786754,-7.176913581369541,0.11102660903656986,-0.6195918612277637,-1
4h,n50_atr14_m2_vz1_cl0.75_cs0.25,stress,50,14,2.0,1.0,0.75,0.25,True,50,1.5,True,200,10,True,3.0,8,-0.4249025626720445,-3.399220501376356,-2.652957190279144,0.37822563446075314,8,-1.045482605481629,-8.363860843853033,-7.257931651435819,0.0,-0.6205800428095846,0
4h,n20_atr14_m1.2_vz2_cl0.75_cs0.25,stress,20,14,1.2,2.0,0.75,0.25,True,50,1.5,True,200,10,True,3.0,17,0.19674164132293218,3.344607902489847,-2.2368932393691305,1.500757561407856,15,-0.44047269395788696,-6.607090409368304,-5.501161216951092,0.4065320750501817,-0.6372143352808192,-2
4h,n20_atr14_m2_vz1_cl0.7_cs0.3,stress,20,14,2.0,1.0,0.7,0.3,True,50,1.5,True,200,10,True,3.0,14,-0.3040184572455274,-4.256258401437384,-3.5797733217216514,0.5170319443652793,14,-0.946645761412441,-13.253040659774173,-12.147111467356961,0.023110291420305965,-0.6426273041669135,0
4h,n20_atr14_m1.5_vz2_cl0.75_cs0.25,stress,20,14,1.5,2.0,0.75,0.25,True,50,1.5,True,200,10,True,3.0,16,0.27646286449941027,4.423405831990564,-1.7080405388836821,1.789851835502815,14,-0.39482697802040917,-5.527577692285728,-4.432170019765173,0.4501841581385133,-0.6712898425198195,-2
4h,n50_atr14_m1.5_vz2_cl0.7_cs0.3,stress,50,14,1.5,2.0,0.7,0.3,True,50,1.5,True,200,10,True,3.0,11,-0.047448019660069146,-0.5219282162607606,-3.4079034644638284,0.9227184226768204,10,-0.7203330056704177,-7.203330056704177,-6.097400864286963,0.12557595976295174,-0.6728849860103485,-1
4h,n20_atr14_m2_vz1_cl0.8_cs0.2,stress,20,14,2.0,1.0,0.8,0.2,True,50,1.5,True,200,10,True,3.0,10,-0.27139271220366473,-2.7139271220366474,-3.143412219479396,0.5025318795454344,10,-0.949247566852749,-9.49247566852749,-8.305170007644309,0.03197300059719459,-0.6778548546490843,0
4h,n100_atr14_m1.2_vz1_cl0.75_cs0.25,stress,100,14,1.2,1.0,0.75,0.25,True,50,1.5,True,200,10,True,3.0,6,0.5150000487783939,3.0900002926703634,-1.2855610470210812,3.403620037983068,5,-0.19686053811465937,-0.9843026905732968,-3.363161276308359,0.7073281327579579,-0.7118605868930532,-1
4h,n100_atr14_m1.2_vz1_cl0.7_cs0.3,stress,100,14,1.2,1.0,0.7,0.3,True,50,1.5,True,200,10,True,3.0,6,0.5150000487783939,3.0900002926703634,-1.2855610470210812,3.403620037983068,5,-0.19686053811465937,-0.9843026905732968,-3.363161276308359,0.7073281327579579,-0.7118605868930532,-1
4h,n100_atr14_m1.5_vz1_cl0.75_cs0.25,stress,100,14,1.5,1.0,0.75,0.25,True,50,1.5,True,200,10,True,3.0,6,0.5150000487783939,3.0900002926703634,-1.2855610470210812,3.403620037983068,5,-0.19686053811465937,-0.9843026905732968,-3.363161276308359,0.7073281327579579,-0.7118605868930532,-1
4h,n100_atr14_m1.5_vz1_cl0.7_cs0.3,stress,100,14,1.5,1.0,0.7,0.3,True,50,1.5,True,200,10,True,3.0,6,0.5150000487783939,3.0900002926703634,-1.2855610470210812,3.403620037983068,5,-0.19686053811465937,-0.9843026905732968,-3.363161276308359,0.7073281327579579,-0.7118605868930532,-1
4h,n50_atr14_m1.5_vz2_cl0.8_cs0.2,stress,50,14,1.5,2.0,0.8,0.2,True,50,1.5,True,200,10,True,3.0,6,-0.15355938680170278,-0.9213563208102167,-1.1580953098684132,0.7288384525065343,6,-0.8668774639554685,-5.201264783732811,-4.114867546899493,0.08439923861775549,-0.7133180771537657,0
4h,n20_atr14_m2_vz1.5_cl0.8_cs0.2,stress,20,14,2.0,1.5,0.8,0.2,True,50,1.5,True,200,10,True,3.0,9,-0.17569167698598312,-1.581225092873848,-2.0107101903165976,0.6342108490121046,9,-0.9289414503204578,-8.360473052884121,-7.173167392000938,0.036145645128716354,-0.7532497733344747,0
4h,n20_atr14_m2_vz1.5_cl0.7_cs0.3,stress,20,14,2.0,1.5,0.7,0.3,True,50,1.5,True,200,10,True,3.0,12,-0.16612682638305087,-1.9935219165966105,-3.131938125009571,0.6956443733012597,13,-0.9323875418562155,-12.121038044130803,-11.015108851713588,0.025214177605934144,-0.7662607154731647,1
4h,n20_atr14_m1.2_vz2_cl0.7_cs0.3,stress,20,14,1.2,2.0,0.7,0.3,True,50,1.5,True,200,10,True,3.0,18,0.28663939947880773,5.1595091906185395,-2.23689323936913,1.772486137592448,16,-0.48695167161640307,-7.791226745862449,-6.6852975534452375,0.36744923967784876,-0.7735910710952107,-2
4h,n20_atr14_m1.2_vz2_cl0.8_cs0.2,stress,20,14,1.2,2.0,0.8,0.2,True,50,1.5,True,200,10,True,3.0,15,0.37145373428942013,5.571806014341302,-2.23689323936913,2.2515574169892125,13,-0.40262613025762267,-5.2341396933490945,-4.165148496163177,0.46371901446724095,-0.7740798645470428,-2
4h,n20_atr14_m2_vz2_cl0.7_cs0.3,stress,20,14,2.0,2.0,0.7,0.3,True,50,1.5,True,200,10,True,3.0,11,-0.08277402385043932,-0.9105142623548325,-2.279323244561387,0.8334516905976291,11,-0.8940449045655927,-9.83449395022152,-8.728564757804307,0.03089541606991944,-0.8112708807151534,0
4h,n20_atr14_m1.5_vz2_cl0.7_cs0.3,stress,20,14,1.5,2.0,0.7,0.3,True,50,1.5,True,200,10,True,3.0,17,0.3669592423599563,6.2383071201192575,-1.7080405388836821,2.1139240929741097,15,-0.44744760191865823,-6.711714028779873,-5.605784836362662,0.4027472196391902,-0.8144068442786145,-2
4h,n20_atr14_m1.5_vz2_cl0.8_cs0.2,stress,20,14,1.5,2.0,0.8,0.2,True,50,1.5,True,200,10,True,3.0,14,0.4750431388458586,6.65060394384202,-1.7080405388836821,2.971659221998248,12,-0.3462189146888765,-4.154626976266518,-4.165148496163176,0.5213870403167647,-0.821262053534735,-2
4h,n20_atr14_m2_vz2_cl0.8_cs0.2,stress,20,14,2.0,2.0,0.8,0.2,True,50,1.5,True,200,10,True,3.0,8,-0.06227717982900874,-0.4982174386320699,-1.7080405388836821,0.8462182592471522,8,-0.9096758622135206,-7.277406897708165,-6.090101236824982,0.041302866054329125,-0.8473986823845119,0
4h,n50_atr14_m2_vz1_cl0.7_cs0.3,stress,50,14,2.0,1.0,0.7,0.3,True,50,1.5,True,200,10,True,3.0,9,-0.17603546813862925,-1.5843192132476633,-2.279323244561387,0.7102014790656155,9,-1.0608885755941309,-9.547997180347178,-8.442067987929963,0.0,-0.8848531074555016,0
4h,n50_atr14_m2_vz1.5_cl0.7_cs0.3,stress,50,14,2.0,1.5,0.7,0.3,True,50,1.5,True,200,10,True,3.0,8,-0.15133565844123825,-1.210685267529906,-2.279323244561387,0.7623000421934943,8,-1.0450864399329993,-8.360691519463995,-7.254762327046781,0.0,-0.8937507814917611,0
4h,n50_atr14_m2_vz2_cl0.7_cs0.3,stress,50,14,2.0,2.0,0.7,0.3,True,50,1.5,True,200,10,True,3.0,7,-0.09367323406293412,-0.6557126384405388,-2.279323244561387,0.855517753977124,7,-1.02162891683451,-7.15140241784157,-6.045473225424357,0.0,-0.9279556827715759,0
4h,n100_atr14_m1.2_vz1.5_cl0.75_cs0.25,stress,100,14,1.2,1.5,0.75,0.25,True,50,1.5,True,200,10,True,3.0,5,0.23817919254695036,1.1908959627347517,-0.15698082711863948,1.9263628246160005,4,-0.7209283644699093,-2.883713457879637,-2.283172844959209,0.1425586759119079,-0.9591075570168597,-1
4h,n100_atr14_m1.2_vz1.5_cl0.7_cs0.3,stress,100,14,1.2,1.5,0.7,0.3,True,50,1.5,True,200,10,True,3.0,5,0.23817919254695036,1.1908959627347517,-0.15698082711863948,1.9263628246160005,4,-0.7209283644699093,-2.883713457879637,-2.283172844959209,0.1425586759119079,-0.9591075570168597,-1
4h,n100_atr14_m1.2_vz2_cl0.75_cs0.25,stress,100,14,1.2,2.0,0.75,0.25,True,50,1.5,True,200,10,True,3.0,5,0.23817919254695036,1.1908959627347517,-0.15698082711863948,1.9263628246160005,4,-0.7209283644699093,-2.883713457879637,-2.283172844959209,0.1425586759119079,-0.9591075570168597,-1
4h,n100_atr14_m1.2_vz2_cl0.7_cs0.3,stress,100,14,1.2,2.0,0.7,0.3,True,50,1.5,True,200,10,True,3.0,5,0.23817919254695036,1.1908959627347517,-0.15698082711863948,1.9263628246160005,4,-0.7209283644699093,-2.883713457879637,-2.283172844959209,0.1425586759119079,-0.9591075570168597,-1
4h,n100_atr14_m1.5_vz1.5_cl0.75_cs0.25,stress,100,14,1.5,1.5,0.75,0.25,True,50,1.5,True,200,10,True,3.0,5,0.23817919254695036,1.1908959627347517,-0.15698082711863948,1.9263628246160005,4,-0.7209283644699093,-2.883713457879637,-2.283172844959209,0.1425586759119079,-0.9591075570168597,-1
4h,n100_atr14_m1.5_vz1.5_cl0.7_cs0.3,stress,100,14,1.5,1.5,0.7,0.3,True,50,1.5,True,200,10,True,3.0,5,0.23817919254695036,1.1908959627347517,-0.15698082711863948,1.9263628246160005,4,-0.7209283644699093,-2.883713457879637,-2.283172844959209,0.1425586759119079,-0.9591075570168597,-1
4h,n100_atr14_m1.5_vz2_cl0.75_cs0.25,stress,100,14,1.5,2.0,0.75,0.25,True,50,1.5,True,200,10,True,3.0,5,0.23817919254695036,1.1908959627347517,-0.15698082711863948,1.9263628246160005,4,-0.7209283644699093,-2.883713457879637,-2.283172844959209,0.1425586759119079,-0.9591075570168597,-1
4h,n100_atr14_m1.5_vz2_cl0.7_cs0.3,stress,100,14,1.5,2.0,0.7,0.3,True,50,1.5,True,200,10,True,3.0,5,0.23817919254695036,1.1908959627347517,-0.15698082711863948,1.9263628246160005,4,-0.7209283644699093,-2.883713457879637,-2.283172844959209,0.1425586759119079,-0.9591075570168597,-1
4h,n50_atr14_m2_vz1_cl0.8_cs0.2,stress,50,14,2.0,1.0,0.8,0.2,True,50,1.5,True,200,10,True,3.0,6,-0.19533706492081682,-1.172022389524901,-1.7080405388836821,0.6382389910772388,6,-1.1651516879723038,-6.990910127833823,-5.80360446695064,0.0,-0.969814623051487,0
4h,n50_atr14_m2_vz1.5_cl0.8_cs0.2,stress,50,14,2.0,1.5,0.8,0.2,True,50,1.5,True,200,10,True,3.0,5,-0.15967768876142868,-0.7983884438071435,-1.7080405388836821,0.7214408227876713,5,-1.160720893390128,-5.80360446695064,-4.644596314591898,0.0,-1.0010432046286994,0
4h,n100_atr14_m1.2_vz1_cl0.8_cs0.2,stress,100,14,1.2,1.0,0.8,0.2,True,50,1.5,True,200,10,True,3.0,5,0.843716102514561,4.218580512572805,-0.15698082711863948,27.87322133539647,5,-0.19686053811465937,-0.9843026905732968,-3.363161276308359,0.7073281327579579,-1.0405766406292203,0
4h,n100_atr14_m1.5_vz1_cl0.8_cs0.2,stress,100,14,1.5,1.0,0.8,0.2,True,50,1.5,True,200,10,True,3.0,5,0.843716102514561,4.218580512572805,-0.15698082711863948,27.87322133539647,5,-0.19686053811465937,-0.9843026905732968,-3.363161276308359,0.7073281327579579,-1.0405766406292203,0
4h,n50_atr14_m2_vz2_cl0.8_cs0.2,stress,50,14,2.0,2.0,0.8,0.2,True,50,1.5,True,200,10,True,3.0,4,-0.060853953679444045,-0.24341581471777618,-1.1530679097943148,0.8946782240878262,4,-1.1485788413320537,-4.594315365328215,-3.435307212969472,0.0,-1.0877248876526096,0
4h,n100_atr14_m1.2_vz1.5_cl0.8_cs0.2,stress,100,14,1.2,1.5,0.8,0.2,True,50,1.5,True,200,10,True,3.0,4,0.5798690456592983,2.3194761826371932,0.0,15.775538039968614,4,-0.7209283644699093,-2.883713457879637,-2.283172844959209,0.1425586759119079,-1.3007974101292077,0
4h,n100_atr14_m1.2_vz2_cl0.8_cs0.2,stress,100,14,1.2,2.0,0.8,0.2,True,50,1.5,True,200,10,True,3.0,4,0.5798690456592983,2.3194761826371932,0.0,15.775538039968614,4,-0.7209283644699093,-2.883713457879637,-2.283172844959209,0.1425586759119079,-1.3007974101292077,0
4h,n100_atr14_m1.5_vz1.5_cl0.8_cs0.2,stress,100,14,1.5,1.5,0.8,0.2,True,50,1.5,True,200,10,True,3.0,4,0.5798690456592983,2.3194761826371932,0.0,15.775538039968614,4,-0.7209283644699093,-2.883713457879637,-2.283172844959209,0.1425586759119079,-1.3007974101292077,0
4h,n100_atr14_m1.5_vz2_cl0.8_cs0.2,stress,100,14,1.5,2.0,0.8,0.2,True,50,1.5,True,200,10,True,3.0,4,0.5798690456592983,2.3194761826371932,0.0,15.775538039968614,4,-0.7209283644699093,-2.883713457879637,-2.283172844959209,0.1425586759119079,-1.3007974101292077,0
4h,n100_atr14_m2_vz1.5_cl0.75_cs0.25,stress,100,14,2.0,1.5,0.75,0.25,True,50,1.5,True,200,10,True,3.0,2,1.033873702472476,2.067747404944952,0.0,inf,2,-1.1415864224796044,-2.283172844959209,-1.1245024022925418,0.0,-2.1754601249520804,0
4h,n100_atr14_m2_vz1.5_cl0.7_cs0.3,stress,100,14,2.0,1.5,0.7,0.3,True,50,1.5,True,200,10,True,3.0,2,1.033873702472476,2.067747404944952,0.0,inf,2,-1.1415864224796044,-2.283172844959209,-1.1245024022925418,0.0,-2.1754601249520804,0
4h,n100_atr14_m2_vz1.5_cl0.8_cs0.2,stress,100,14,2.0,1.5,0.8,0.2,True,50,1.5,True,200,10,True,3.0,2,1.033873702472476,2.067747404944952,0.0,inf,2,-1.1415864224796044,-2.283172844959209,-1.1245024022925418,0.0,-2.1754601249520804,0
4h,n100_atr14_m2_vz1_cl0.75_cs0.25,stress,100,14,2.0,1.0,0.75,0.25,True,50,1.5,True,200,10,True,3.0,2,1.033873702472476,2.067747404944952,0.0,inf,2,-1.1415864224796044,-2.283172844959209,-1.1245024022925418,0.0,-2.1754601249520804,0
4h,n100_atr14_m2_vz1_cl0.7_cs0.3,stress,100,14,2.0,1.0,0.7,0.3,True,50,1.5,True,200,10,True,3.0,2,1.033873702472476,2.067747404944952,0.0,inf,2,-1.1415864224796044,-2.283172844959209,-1.1245024022925418,0.0,-2.1754601249520804,0
4h,n100_atr14_m2_vz1_cl0.8_cs0.2,stress,100,14,2.0,1.0,0.8,0.2,True,50,1.5,True,200,10,True,3.0,2,1.033873702472476,2.067747404944952,0.0,inf,2,-1.1415864224796044,-2.283172844959209,-1.1245024022925418,0.0,-2.1754601249520804,0
4h,n100_atr14_m2_vz2_cl0.75_cs0.25,stress,100,14,2.0,2.0,0.75,0.25,True,50,1.5,True,200,10,True,3.0,2,1.033873702472476,2.067747404944952,0.0,inf,2,-1.1415864224796044,-2.283172844959209,-1.1245024022925418,0.0,-2.1754601249520804,0
4h,n100_atr14_m2_vz2_cl0.7_cs0.3,stress,100,14,2.0,2.0,0.7,0.3,True,50,1.5,True,200,10,True,3.0,2,1.033873702472476,2.067747404944952,0.0,inf,2,-1.1415864224796044,-2.283172844959209,-1.1245024022925418,0.0,-2.1754601249520804,0
4h,n100_atr14_m2_vz2_cl0.8_cs0.2,stress,100,14,2.0,2.0,0.8,0.2,True,50,1.5,True,200,10,True,3.0,2,1.033873702472476,2.067747404944952,0.0,inf,2,-1.1415864224796044,-2.283172844959209,-1.1245024022925418,0.0,-2.1754601249520804,0
