friction_mode,allocation,month,monthly_return,monthly_return_pct
base,0.005,2020-02,0.0002616666218391295,0.026166662183912948
base,0.005,2020-03,-0.004911591634829016,-0.49115916348290156
base,0.005,2020-05,-0.00011737303476599958,-0.011737303476599958
base,0.005,2020-06,-0.00014574049253102128,-0.014574049253102128
base,0.005,2020-09,0.0001396761846799155,0.01396761846799155
base,0.005,2020-11,0.0010155609026156753,0.10155609026156753
base,0.005,2020-12,0.0019317404097860535,0.19317404097860535
base,0.005,2021-01,-0.0020238297715675646,-0.20238297715675646
base,0.005,2021-02,0.008659800490503855,0.8659800490503855
base,0.005,2021-04,0.008723284085053296,0.8723284085053296
base,0.005,2021-05,-0.00423031129669893,-0.423031129669893
base,0.005,2021-06,-0.000444382147860356,-0.0444382147860356
base,0.005,2021-08,0.00019788234607109878,0.019788234607109878
base,0.005,2021-09,0.002288107001103823,0.2288107001103823
base,0.005,2021-10,-7.177305469463491e-05,-0.007177305469463491
base,0.005,2021-11,0.0006085030988767226,0.06085030988767226
base,0.005,2021-12,0.0036561024457320013,0.3656102445732001
base,0.005,2022-01,0.001181733568311305,0.1181733568311305
base,0.005,2022-02,-0.0007887906242118881,-0.0788790624211888
base,0.005,2022-04,-1.1014543124132636e-05,-0.0011014543124132636
base,0.005,2022-05,0.010349948774286633,1.0349948774286633
base,0.005,2022-06,0.0009705440880514171,0.09705440880514171
base,0.005,2022-09,-0.0001038247153865024,-0.01038247153865024
base,0.005,2022-10,0.00018170487085700238,0.018170487085700238
base,0.005,2022-11,0.000924532972468084,0.0924532972468084
base,0.005,2022-12,-0.0002826272733700286,-0.028262727337002858
base,0.005,2023-01,-0.00023359104398523733,-0.023359104398523733
base,0.005,2023-03,0.000250169244900178,0.0250169244900178
base,0.005,2023-06,-0.0006253447394518608,-0.06253447394518608
base,0.005,2023-08,0.001184183862326993,0.11841838623269929
base,0.005,2024-03,0.0011570836217291713,0.11570836217291713
base,0.005,2024-04,0.005286095724485573,0.5286095724485573
base,0.005,2024-06,0.00047781555890380467,0.04778155589038047
base,0.005,2024-07,0.0005016459494970871,0.05016459494970871
base,0.005,2024-08,0.003820627238400709,0.3820627238400709
base,0.005,2024-11,-0.00011609190713179895,-0.011609190713179895
base,0.005,2024-12,0.0009747389775467408,0.09747389775467408
base,0.005,2025-01,0.0007045127507645521,0.07045127507645521
base,0.005,2025-02,-0.0049356799414169705,-0.49356799414169705
base,0.005,2025-03,0.0017905131024036347,0.17905131024036347
base,0.005,2025-04,-0.0014669307049000047,-0.14669307049000047
base,0.005,2025-06,-4.353254938560536e-05,-0.004353254938560536
base,0.005,2025-10,0.006495267185339992,0.6495267185339992
base,0.005,2025-11,0.0002879264426303152,0.02879264426303152
base,0.005,2026-01,-0.00033445409625920686,-0.033445409625920686
base,0.005,2026-02,0.002756879321745842,0.2756879321745842
base,0.01,2020-02,0.0005233646874738263,0.052336468747382625
base,0.01,2020-03,-0.009815647389806115,-0.9815647389806115
base,0.01,2020-05,-0.00023473842818033663,-0.023473842818033663
base,0.01,2020-06,-0.00029146730397555665,-0.029146730397555665
base,0.01,2020-09,0.0002793517910877341,0.02793517910877341
base,0.01,2020-11,0.002031426892116217,0.2031426892116217
base,0.01,2020-12,0.0038656090400248644,0.38656090400248644
base,0.01,2021-01,-0.004044378210894428,-0.4044378210894428
base,0.01,2021-02,0.01738787785422735,1.7387877854227352
base,0.01,2021-04,0.017516626102747068,1.7516626102747068
base,0.01,2021-05,-0.008462975554073715,-0.8462975554073715
base,0.01,2021-06,-0.0008890823638181278,-0.08890823638181278
base,0.01,2021-08,0.00039578336024526095,0.039578336024526095
base,0.01,2021-09,0.004580175719977708,0.4580175719977708
base,0.01,2021-10,-0.00014354610938926982,-0.014354610938926982
base,0.01,2021-11,0.0012172804539287707,0.12172804539287707
base,0.01,2021-12,0.00732269811256403,0.732269811256403
base,0.01,2022-01,0.002364101281524089,0.23641012815240892
base,0.01,2022-02,-0.0015773070181499538,-0.15773070181499538
base,0.01,2022-04,-2.2029086248376295e-05,-0.0022029086248376295
base,0.01,2022-05,0.020798368973057313,2.0798368973057313
base,0.01,2022-06,0.0019415433138403326,0.19415433138403326
base,0.01,2022-09,-0.00020769531623787696,-0.020769531623787696
base,0.01,2022-10,0.00036340974171400475,0.036340974171400475
base,0.01,2022-11,0.0018433349384003872,0.18433349384003872
base,0.01,2022-12,-0.0005652117380972044,-0.05652117380972044
base,0.01,2023-01,-0.00046715646176875847,-0.04671564617687585
base,0.01,2023-03,0.0005003715237097417,0.05003715237097417
base,0.01,2023-06,-0.0012503682813322925,-0.12503682813322925
base,0.01,2023-08,0.002369572018999788,0.23695720189997882
base,0.01,2024-03,0.0023152769782075477,0.23152769782075477
base,0.01,2024-04,0.010597957112338907,1.0597957112338907
base,0.01,2024-06,0.0009558074910722691,0.09558074910722691
base,0.01,2024-07,0.0010034711620630077,0.10034711620630077
base,0.01,2024-08,0.0076534308371916104,0.765343083719161
base,0.01,2024-11,-0.0002321838142634869,-0.02321838142634869
base,0.01,2024-12,0.0019499440639969556,0.19499440639969556
base,0.01,2025-01,0.0014093438485174303,0.14093438485174303
base,0.01,2025-02,-0.009850129706985067,-0.9850129706985067
base,0.01,2025-03,0.0035835274069140333,0.3583527406914033
base,0.01,2025-04,-0.0029324938357859764,-0.29324938357859764
base,0.01,2025-06,-8.706952819992342e-05,-0.008706952819992342
base,0.01,2025-10,0.013023531351207707,1.3023531351207707
base,0.01,2025-11,0.0005759065533754715,0.05759065533754715
base,0.01,2026-01,-0.0006688488102779555,-0.06688488102779555
base,0.01,2026-02,0.005520296556158488,0.5520296556158488
base,0.015,2020-02,0.0007850941969043124,0.07850941969043124
base,0.015,2020-03,-0.01471204309233276,-1.471204309233276
base,0.015,2020-05,-0.0003520961805006939,-0.03520961805006939
base,0.015,2020-06,-0.0004371804349548869,-0.04371804349548869
base,0.015,2020-09,0.0004190268147752363,0.04190268147752363
base,0.015,2020-11,0.003047596786621032,0.3047596786621032
base,0.015,2020-12,0.005801606001782922,0.5801606001782922
base,0.015,2021-01,-0.006061648906454997,-0.6061648906454997
base,0.015,2021-02,0.02618471191908389,2.618471191908389
base,0.015,2021-04,0.02638053915159988,2.638053915159988
base,0.015,2021-05,-0.012697827551890306,-1.2697827551890306
base,0.015,2021-06,-0.0013341001344316927,-0.13341001344316927
base,0.015,2021-08,0.0005937030425229306,0.05937030425229306
base,0.015,2021-09,0.006876209634165686,0.6876209634165686
base,0.015,2021-10,-0.0002153191640837937,-0.02153191640837937
base,0.015,2021-11,0.0018263321370497465,0.18263321370497465
base,0.015,2021-12,0.010999808980752146,1.0999808980752146
base,0.015,2022-01,0.003547103125463247,0.3547103125463247
base,0.015,2022-02,-0.0023655489718829026,-0.23655489718829026
base,0.015,2022-04,-3.304362937250893e-05,-0.003304362937250893
base,0.015,2022-05,0.03134610976845331,3.134610976845331
base,0.015,2022-06,0.0029129974775876644,0.29129974775876644
base,0.015,2022-09,-0.0003116117904337079,-0.03116117904337079
base,0.015,2022-10,0.0005451146125712292,0.05451146125712292
base,0.015,2022-11,0.0027563907311449753,0.27563907311449753
base,0.015,2022-12,-0.0008477533929687198,-0.08477533929687198
base,0.015,2023-01,-0.0007006962533504524,-0.07006962533504524
base,0.015,2023-03,0.0007506068353249074,0.07506068353249074
base,0.015,2023-06,-0.0018750707557776414,-0.18750707557776414
base,0.015,2023-08,0.003556165500018915,0.3556165500018915
base,0.015,2024-03,0.003474580939728966,0.3474580939728966
base,0.015,2024-04,0.015935699341643295,1.5935699341643295
base,0.015,2024-06,0.0014339758433905558,0.14339758433905558
base,0.015,2024-07,0.0015054756703154482,0.15054756703154482
base,0.015,2024-08,0.011498441468736909,1.1498441468736909
base,0.015,2024-11,-0.00034827572139528584,-0.034827572139528584
base,0.015,2024-12,0.002925615230650269,0.2925615230650269
base,0.015,2025-01,0.0021144933791430454,0.21144933791430454
base,0.015,2025-02,-0.014743427783104668,-1.4743427783104668
base,0.015,2025-03,0.005379045582757813,0.5379045582757813
base,0.015,2025-04,-0.004396689527893072,-0.4396689527893072
base,0.015,2025-06,-0.00013061093592547923,-0.013061093592547923
base,0.015,2025-10,0.019584917093107723,1.9584917093107723
base,0.015,2025-11,0.0008639403371306642,0.08639403371306642
base,0.015,2026-01,-0.0010031841386743956,-0.10031841386743956
base,0.015,2026-02,0.008290264610200992,0.8290264610200992
base,0.02,2020-02,0.0010468551501301437,0.10468551501301437
base,0.02,2020-03,-0.019600655653895016,-1.9600655653895016
base,0.02,2020-05,-0.00046944629198408805,-0.046944629198408805
base,0.02,2020-06,-0.0005828798860915141,-0.05828798860915141
base,0.02,2020-09,0.0005587012512962009,0.055870125129620085
base,0.02,2020-11,0.004064069401838566,0.4064069401838566
base,0.02,2020-12,0.007739731403832106,0.7739731403832106
base,0.02,2021-01,-0.008075645446337099,-0.8075645446337099
base,0.02,2021-02,0.03505078540380446,3.5050785403804463
base,0.02,2021-04,0.035315539706700205,3.5315539706700205
base,0.02,2021-05,-0.016934702555470582,-1.6934702555470582
base,0.02,2021-06,-0.001779434946262648,-0.1779434946262648
base,0.02,2021-08,0.0007916413929038857,0.07916413929038857
base,0.02,2021-09,0.009176212214646151,0.9176212214646151
base,0.02,2021-10,-0.0002870922187784286,-0.02870922187784286
base,0.02,2021-11,0.0024356582201301435,0.24356582201301435
base,0.02,2021-12,0.014687457058877307,1.4687457058877307
base,0.02,2022-01,0.004730739085825553,0.47307390858255527
base,0.02,2022-02,-0.003153516275797408,-0.3153516275797408
base,0.02,2022-04,-4.405817249664157e-05,-0.004405817249664157
base,0.02,2022-05,0.04199402681776587,4.199402681776587
base,0.02,2022-06,0.003884906379184372,0.3884906379184372
base,0.02,2022-09,-0.0004155741258538015,-0.04155741258538015
base,0.02,2022-10,0.0007268194834282315,0.07268194834282315
base,0.02,2022-11,0.003663685250535398,0.3663685250535398
base,0.02,2022-12,-0.0011302522367729884,-0.11302522367729884
base,0.02,2023-01,-0.0009342104187303191,-0.09342104187303191
base,0.02,2023-03,0.0010008751786394487,0.10008751786394487
base,0.02,2023-06,-0.0024994522928841745,-0.24994522928841745
base,0.02,2023-08,0.004743965336105216,0.4743965336105216
base,0.02,2024-03,0.004634996377126832,0.4634996377126832
base,0.02,2024-04,0.02129943805972756,2.129943805972756
base,0.02,2024-06,0.0019123206627553735,0.19123206627553735
base,0.02,2024-07,0.0020076595068667658,0.20076595068667658
base,0.02,2024-08,0.015355689858763677,1.5355689858763677
base,0.02,2024-11,-0.0004643676285269738,-0.04643676285269738
base,0.02,2024-12,0.0039017524487725552,0.3901752448772555
base,0.02,2025-01,0.00281996142853691,0.281996142853691
base,0.02,2025-02,-0.019615652411413165,-1.9615652411413165
base,0.02,2025-03,0.007177070301256805,0.7177070301256805
base,0.02,2025-04,-0.005859517918258894,-0.5859517918258894
base,0.02,2025-06,-0.00017415677204479785,-0.017415677204479785
base,0.02,2025-10,0.02617954932878863,2.617954932878863
base,0.02,2025-11,0.0011520277987910887,0.11520277987910887
base,0.02,2026-01,-0.0013374600780645673,-0.13374600780645673
base,0.02,2026-02,0.011066796410853064,1.1066796410853064
base,0.03,2020-02,0.0015704713879687304,0.15704713879687304
base,0.03,2020-03,-0.029354044422740366,-2.9354044422740366
base,0.03,2020-05,-0.0007041235934683865,-0.07041235934683865
base,0.03,2020-06,-0.0008742377513231148,-0.08742377513231148
base,0.03,2020-09,0.0008380483450427523,0.08380483450427523
base,0.03,2020-11,0.006097918045199213,0.6097918045199213
base,0.03,2020-12,0.011622367952421664,1.1622367952421664
base,0.03,2021-01,-0.01209383040944867,-1.209383040944867
base,0.03,2021-02,0.052992596043803575,5.2992596043803575
base,0.03,2021-04,0.053400886235792644,5.340088623579264
base,0.03,2021-05,-0.025413865125524127,-2.5413865125524127
base,0.03,2021-06,-0.0026710536398364404,-0.26710536398364404
base,0.03,2021-08,0.0011875740979758742,0.11875740979758742
base,0.03,2021-09,0.013788137225357655,1.3788137225357655
base,0.03,2021-10,-0.0004306383281676984,-0.04306383281676984
base,0.03,2021-11,0.0036551338736963146,0.36551338736963146
base,0.03,2021-12,0.022094453020899074,2.2094453020899074
base,0.03,2022-01,0.0070999132979612245,0.7099913297961225
base,0.03,2022-02,-0.004728626097316724,-0.4728626097316724
base,0.03,2022-04,-6.608725874501786e-05,-0.006608725874501786
base,0.03,2022-05,0.06359384498496534,6.359384498496534
base,0.03,2022-06,0.005830087593832856,0.5830087593832856
base,0.03,2022-09,-0.0006236363318917748,-0.06236363318917748
base,0.03,2022-10,0.0010902292251422363,0.10902292251422363
base,0.03,2022-11,0.005460930402838127,0.5460930402838127
base,0.03,2022-12,-0.0016951214863388797,-0.16951214863388797
base,0.03,2023-01,-0.0014011618708846818,-0.14011618708846818
base,0.03,2023-03,0.00150151095594242,0.150151095594242
base,0.03,2023-06,-0.0037472530752742372,-0.3747253075274237
base,0.03,2023-08,0.0071231881999671565,0.7123188199967156
base,0.03,2024-03,0.006959165165610903,0.6959165165610903
base,0.03,2024-04,0.03210536990814994,3.210536990814994
base,0.03,2024-06,0.002869539890243633,0.2869539890243633
base,0.03,2024-07,0.0030125652952799342,0.3012565295279934
base,0.03,2024-08,0.02310702308411483,2.310702308411483
base,0.03,2024-11,-0.0006965514427904607,-0.06965514427904607
base,0.03,2024-12,0.005855424924316344,0.5855424924316344
base,0.03,2025-01,0.004231853427274057,0.4231853427274057
base,0.03,2025-02,-0.029297193071090355,-2.9297193071090355
base,0.03,2025-03,0.010780650062028663,1.0780650062028663
base,0.03,2025-04,-0.008781073350911162,-0.8781073350911162
base,0.03,2025-06,-0.00026126172739415754,-0.026126172739415754
base,0.03,2025-10,0.03946905456660299,3.946905456660299
base,0.03,2025-11,0.0017283637754079706,0.17283637754079706
base,0.03,2026-01,-0.002005833776320798,-0.20058337763207978
base,0.03,2026-02,0.016639603060110586,1.6639603060110586
base,0.05,2020-02,0.0026180811891935996,0.26180811891935996
base,0.05,2020-03,-0.04876212878352004,-4.876212878352004
base,0.05,2020-05,-0.0011733865177085967,-0.11733865177085967
base,0.05,2020-06,-0.001456789351031107,-0.1456789351031107
base,0.05,2020-09,0.0013967352907795494,0.13967352907795494
base,0.05,2020-11,0.010169195604013304,1.0169195604013304
base,0.05,2020-12,0.019413186864317034,1.9413186864317034
base,0.05,2021-01,-0.020091068298725312,-2.009106829872531
base,0.05,2021-02,0.08972865406747177,8.972865406747177
base,0.05,2021-04,0.09044773364803649,9.04477336480365
base,0.05,2021-05,-0.042389274098886154,-4.238927409888616
base,0.05,2021-06,-0.004458072930681345,-0.4458072930681345
base,0.05,2021-08,0.0019796635253594985,0.19796635253594985
base,0.05,2021-09,0.023059763228106434,2.3059763228106434
base,0.05,2021-10,-0.000717730546946127,-0.0717730546946127
base,0.05,2021-11,0.006097381142835534,0.6097381142835534
base,0.05,2021-12,0.03703586298692718,3.703586298692718
base,0.05,2022-01,0.011845870475662101,1.1845870475662101
base,0.05,2022-02,-0.007875540754996857,-0.7875540754996857
base,0.05,2022-04,-0.00011014543124177045,-0.011014543124177045
base,0.05,2022-05,0.10803397499869938,10.803397499869938
base,0.05,2022-06,0.009725898035832126,0.9725898035832126
base,0.05,2022-09,-0.0010403105454872552,-0.10403105454872552
base,0.05,2022-10,0.0018170487085704679,0.18170487085704679
base,0.05,2022-11,0.008985628469796003,0.8985628469796003
base,0.05,2022-12,-0.0028243461995013375,-0.28243461995013375
base,0.05,2023-01,-0.0023347572607715916,-0.23347572607715916
base,0.05,2023-03,0.002503178842222731,0.2503178842222731
base,0.05,2023-06,-0.006239009111909,-0.6239009111909
base,0.05,2023-08,0.01189615562024593,1.189615562024593
base,0.05,2024-03,0.011620878830211456,1.1620878830211456
base,0.05,2024-04,0.054034332444790056,5.403433244479006
base,0.05,2024-06,0.004786098014032625,0.4786098014032625
base,0.05,2024-07,0.005024530245883563,0.5024530245883563
base,0.05,2024-08,0.0387579004980203,3.8757900498020303
base,0.05,2024-11,-0.0011609190713174344,-0.11609190713174344
base,0.05,2024-12,0.009768361224946842,0.9768361224946842
base,0.05,2025-01,0.007059463430745705,0.7059463430745705
base,0.05,2025-02,-0.048410808626518254,-4.841080862651825
base,0.05,2025-03,0.018018005867027176,1.8018005867027176
base,0.05,2025-04,-0.014607782824395565,-1.4607782824395565
base,0.05,2025-06,-0.00043552475604169416,-0.043552475604169416
base,0.05,2025-10,0.06645255523039428,6.645255523039428
base,0.05,2025-11,0.0028816800788820096,0.28816800788820096
base,0.05,2026-01,-0.0033418683564019336,-0.33418683564019336
base,0.05,2026-02,0.02786455233172669,2.786455233172669
stress,0.005,2020-02,0.0002433997947866029,0.02433997947866029
stress,0.005,2020-03,-0.005363451607864667,-0.5363451607864667
stress,0.005,2020-05,-0.00015325807854627005,-0.015325807854627005
stress,0.005,2020-06,-0.00017259647260525757,-0.017259647260525757
stress,0.005,2020-09,6.751804119775606e-05,0.006751804119775606
stress,0.005,2020-11,0.0008974229109517395,0.08974229109517395
stress,0.005,2020-12,0.0018847323986115327,0.18847323986115327
stress,0.005,2021-01,-0.0022733286754567095,-0.22733286754567095
stress,0.005,2021-02,0.008215471340631497,0.8215471340631497
stress,0.005,2021-04,0.008333321641702751,0.8333321641702751
stress,0.005,2021-05,-0.005310113085402968,-0.5310113085402968
stress,0.005,2021-06,-0.0005159196034071334,-0.05159196034071334
stress,0.005,2021-08,0.00017967985135092235,0.017967985135092235
stress,0.005,2021-09,0.0021144330626075014,0.21144330626075014
stress,0.005,2021-10,-8.070281922256672e-05,-0.008070281922256672
stress,0.005,2021-11,0.0005268403907110475,0.05268403907110475
stress,0.005,2021-12,0.003535035267628661,0.3535035267628661
stress,0.005,2022-01,0.0010994565008792812,0.10994565008792812
stress,0.005,2022-02,-0.0008869434967434531,-0.08869434967434531
stress,0.005,2022-04,-2.0005035829995244e-05,-0.0020005035829995244
stress,0.005,2022-05,0.009930473685713537,0.9930473685713537
stress,0.005,2022-06,0.0008254285920734628,0.08254285920734628
stress,0.005,2022-09,-0.00013972363973469015,-0.013972363973469015
stress,0.005,2022-10,0.000172521754952637,0.0172521754952637
stress,0.005,2022-11,0.0006263389471277137,0.06263389471277137
stress,0.005,2022-12,-0.00033633989607861903,-0.0336339896078619
stress,0.005,2023-01,-0.000251358404144697,-0.0251358404144697
stress,0.005,2023-03,0.00021390691448486265,0.021390691448486265
stress,0.005,2023-06,-0.0006966902482802295,-0.06966902482802295
stress,0.005,2023-08,0.0011109153893176238,0.11109153893176238
stress,0.005,2024-03,0.00107483273006026,0.107483273006026
stress,0.005,2024-04,0.005145120067453046,0.5145120067453046
stress,0.005,2024-06,0.0004323140093542843,0.04323140093542843
stress,0.005,2024-07,0.0004381085888938152,0.04381085888938152
stress,0.005,2024-08,0.0036271008969366303,0.36271008969366303
stress,0.005,2024-11,-0.00012497737493344374,-0.012497737493344374
stress,0.005,2024-12,0.0009016933935666049,0.0901693393566605
stress,0.005,2025-01,0.000658776392776117,0.0658776392776117
stress,0.005,2025-02,-0.005074105826227471,-0.5074105826227471
stress,0.005,2025-03,0.0016444664384223096,0.16444664384223096
stress,0.005,2025-04,-0.0015194070225615919,-0.1519407022561592
stress,0.005,2025-06,-7.049251561774827e-05,-0.0070492515617748275
stress,0.005,2025-10,0.0063982218262970125,0.6398221826297013
stress,0.005,2025-11,0.000260629192877726,0.0260629192877726
stress,0.005,2026-01,-0.00043310182681510767,-0.04331018268151077
stress,0.005,2026-02,0.002618759510703006,0.2618759510703006
stress,0.01,2020-02,0.0004868264268038658,0.04868264268038658
stress,0.01,2020-03,-0.010714768717725698,-1.0714768717725698
stress,0.01,2020-05,-0.00030650122621300735,-0.030650122621300735
stress,0.01,2020-06,-0.0003451735632055142,-0.03451735632055142
stress,0.01,2020-09,0.00013502245949048586,0.013502245949048586
stress,0.01,2020-11,0.0017949437359139342,0.17949437359139342
stress,0.01,2020-12,0.0037714513265065808,0.3771451326506581
stress,0.01,2021-01,-0.004542340414217971,-0.45423404142179713
stress,0.01,2021-02,0.016491894078005442,1.6491894078005442
stress,0.01,2021-04,0.016730221589449368,1.6730221589449368
stress,0.01,2021-05,-0.010612279132348856,-1.0612279132348856
stress,0.01,2021-06,-0.001032096130247906,-0.10320961302479059
stress,0.01,2021-08,0.00035937493681248434,0.035937493681248434
stress,0.01,2021-09,0.004232105898109406,0.4232105898109406
stress,0.01,2021-10,-0.00016140563844513345,-0.016140563844513345
stress,0.01,2021-11,0.0010538727479343368,0.10538727479343368
stress,0.01,2021-12,0.007079764486701112,0.7079764486701112
stress,0.01,2022-01,0.00219938162737332,0.21993816273733202
stress,0.01,2022-02,-0.0017734625941046023,-0.17734625941046023
stress,0.01,2022-04,-4.0010071659879465e-05,-0.0040010071659879465
stress,0.01,2022-05,0.019951120884577067,1.9951120884577067
stress,0.01,2022-06,0.001651068967249314,0.1651068967249314
stress,0.01,2022-09,-0.0002794864980105727,-0.027948649801057268
stress,0.01,2022-10,0.00034504350990505195,0.034504350990505195
stress,0.01,2022-11,0.0012465151671434693,0.12465151671434693
stress,0.01,2022-12,-0.0006726092271163164,-0.06726092271163164
stress,0.01,2023-01,-0.0005026868698668752,-0.050268686986687516
stress,0.01,2023-03,0.00042783427077219827,0.04278342707721983
stress,0.01,2023-06,-0.0013929767136251492,-0.13929767136251492
stress,0.01,2023-08,0.002222888013300617,0.22228880133006168
stress,0.01,2024-03,0.0021506122152803453,0.21506122152803453
stress,0.01,2024-04,0.010314634683125767,1.0314634683125767
stress,0.01,2024-06,0.0008647712794365159,0.08647712794365159
stress,0.01,2024-07,0.0008763453421654077,0.08763453421654077
stress,0.01,2024-08,0.007265009848966164,0.7265009848966164
stress,0.01,2024-11,-0.0002499547498668875,-0.024995474986688748
stress,0.01,2024-12,0.0018037337511300766,0.18037337511300766
stress,0.01,2025-01,0.0013178214219862205,0.13178214219862205
stress,0.01,2025-02,-0.01012567824731947,-1.012567824731947
stress,0.01,2025-03,0.0032909649720571643,0.32909649720571643
stress,0.01,2025-04,-0.0030373149519176135,-0.30373149519176135
stress,0.01,2025-06,-0.00014098739977164154,-0.014098739977164154
stress,0.01,2025-10,0.012828326187730887,1.2828326187730887
stress,0.01,2025-11,0.0005213020757337539,0.05213020757337539
stress,0.01,2026-01,-0.0008660753425607792,-0.08660753425607792
stress,0.01,2026-02,0.005243365371773612,0.5243365371773612
stress,0.015,2020-02,0.0007302798960522328,0.07302798960522328
stress,0.015,2020-03,-0.016053840636007233,-1.6053840636007233
stress,0.015,2020-05,-0.0004597294438563049,-0.04597294438563049
stress,0.015,2020-06,-0.0005177312728643635,-0.05177312728643635
stress,0.015,2020-09,0.0002025132517171624,0.02025132517171624
stress,0.015,2020-11,0.0026925612377037833,0.26925612377037833
stress,0.015,2020-12,0.005660156727940624,0.5660156727940624
stress,0.015,2021-01,-0.006807041448883444,-0.6807041448883444
stress,0.015,2021-02,0.02482966593851188,2.482966593851188
stress,0.015,2021-04,0.025191138838700944,2.5191138838700944
stress,0.015,2021-05,-0.01590634230435395,-1.5906342304353949
stress,0.015,2021-06,-0.0015485290220251802,-0.15485290220251802
stress,0.015,2021-08,0.0005390852563844639,0.05390852563844639
stress,0.015,2021-09,0.006353020323518699,0.6353020323518699
stress,0.015,2021-10,-0.00024210845766758915,-0.024210845766758915
stress,0.015,2021-11,0.0015810970995142615,0.15810970995142615
stress,0.015,2021-12,0.010634206572088134,1.0634206572088134
stress,0.015,2022-01,0.0032997752614345455,0.32997752614345455
stress,0.015,2022-02,-0.00265955716728139,-0.265955716728139
stress,0.015,2022-04,-6.001510748987471e-05,-0.006001510748987471
stress,0.015,2022-05,0.030062677960113193,3.0062677960113193
stress,0.015,2022-06,0.0024769208017654254,0.24769208017654254
stress,0.015,2022-09,-0.0004192885604386021,-0.04192885604386021
stress,0.015,2022-10,0.0005175652648576889,0.051756526485768894
stress,0.015,2022-11,0.0018605185341613595,0.18605185341613595
stress,0.015,2022-12,-0.0010088079979773124,-0.10088079979773124
stress,0.015,2023-01,-0.0007539853971670896,-0.07539853971670896
stress,0.015,2023-03,0.0006417820663264795,0.06417820663264795
stress,0.015,2023-06,-0.002088859584323255,-0.2088859584323255
stress,0.015,2023-08,0.003335918715863695,0.3335918715863695
stress,0.015,2024-03,0.0032273391292647613,0.32273391292647613
stress,0.015,2024-04,0.015508649852086442,1.5508649852086442
stress,0.015,2024-06,0.0012973718440802973,0.12973718440802973
stress,0.015,2024-07,0.0013147102716815073,0.13147102716815073
stress,0.015,2024-08,0.01091375153654095,1.091375153654095
stress,0.015,2024-11,-0.0003749321248003312,-0.03749321248003312
stress,0.015,2024-12,0.002706120978411608,0.2706120978411608
stress,0.015,2025-01,0.0019771351495254663,0.19771351495254663
stress,0.015,2025-02,-0.015154803751734391,-1.5154803751734391
stress,0.015,2025-03,0.004939497406652338,0.4939497406652338
stress,0.015,2025-04,-0.004553724077518639,-0.45537240775186394
stress,0.015,2025-06,-0.00021148465185216736,-0.021148465185216736
stress,0.015,2025-10,0.019290430285796134,1.9290430285796134
stress,0.015,2025-11,0.0007820186521372285,0.07820186521372285
stress,0.015,2026-01,-0.0012989205662934378,-0.12989205662934378
stress,0.015,2026-02,0.007873828277487727,0.7873828277487727
stress,0.02,2020-02,0.0009737602025317038,0.09737602025317038
stress,0.02,2020-03,-0.021380557950468337,-2.1380557950468337
stress,0.02,2020-05,-0.0006129427323335879,-0.06129427323335879
stress,0.02,2020-06,-0.0006902696026459543,-0.06902696026459543
stress,0.02,2020-09,0.00026999041471920115,0.026999041471920115
stress,0.02,2020-11,0.003590274177181163,0.3590274177181163
stress,0.02,2020-12,0.0075508485448805285,0.7550848544880528
stress,0.02,2021-01,-0.009067438007304585,-0.9067438007304585
stress,0.02,2021-02,0.033229186815404654,3.3229186815404654
stress,0.02,2021-04,0.033716515077417686,3.3716515077417686
stress,0.02,2021-05,-0.021192147937761585,-2.1192147937761585
stress,0.02,2021-06,-0.002065217720338519,-0.2065217720338519
stress,0.02,2021-08,0.0007188108100668611,0.07188108100668611
stress,0.02,2021-09,0.008477178147801023,0.8477178147801023
stress,0.02,2021-10,-0.0003228112768901559,-0.03228112768901559
stress,0.02,2021-11,0.0021085134732778954,0.21085134732778954
stress,0.02,2021-12,0.014198380459517601,1.41983804595176
stress,0.02,2022-01,0.00440063728490081,0.440063728490081
stress,0.02,2022-02,-0.003545227091840686,-0.3545227091840686
stress,0.02,2022-04,-8.002014331975893e-05,-0.008002014331975893
stress,0.02,2022-05,0.04026588653097596,4.026588653097596
stress,0.02,2022-06,0.003302983771655832,0.3302983771655832
stress,0.02,2022-09,-0.0005591298126315092,-0.05591298126315092
stress,0.02,2022-10,0.0006900870198103259,0.0690087019810326
stress,0.02,2022-11,0.002468339002115405,0.2468339002115405
stress,0.02,2022-12,-0.0013449362135290466,-0.13449362135290466
stress,0.02,2023-01,-0.0010052539860450072,-0.10052539860450072
stress,0.02,2023-03,0.0008557502986132892,0.08557502986132892
stress,0.02,2023-06,-0.002784339048594764,-0.2784339048594764
stress,0.02,2023-08,0.004450008341474687,0.4450008341474687
stress,0.02,2024-03,0.004305014145991493,0.43050141459914926
stress,0.02,2024-04,0.02072727199893154,2.072727199893154
stress,0.02,2024-06,0.0017301157371256703,0.17301157371256703
stress,0.02,2024-07,0.0017532033892950771,0.1753203389295077
stress,0.02,2024-08,0.014573350675364471,1.4573350675364471
stress,0.02,2024-11,-0.000499909499733775,-0.049990949973377496
stress,0.02,2024-12,0.0036088549811097437,0.36088549811097437
stress,0.02,2025-01,0.0026367176372961154,0.26367176372961154
stress,0.02,2025-02,-0.020161568545704278,-2.016156854570428
stress,0.02,2025-03,0.006590065549006097,0.6590065549006097
stress,0.02,2025-04,-0.006068634690587937,-0.6068634690587937
stress,0.02,2025-06,-0.00028198427124903613,-0.028198427124903613
stress,0.02,2025-10,0.025784651612476006,2.5784651612476006
stress,0.02,2025-11,0.0010427789256577391,0.10427789256577391
stress,0.02,2026-01,-0.0017316375170716158,-0.17316375170716158
stress,0.02,2026-02,0.010510158936968494,1.0510158936968494
stress,0.03,2020-02,0.0014608013271837361,0.1460801327183736
stress,0.03,2020-03,-0.031996497512857935,-3.1996497512857935
stress,0.03,2020-05,-0.0009193245252169246,-0.09193245252169246
stress,0.03,2020-06,-0.001035288126832512,-0.1035288126832512
stress,0.03,2020-09,0.00040490384040747784,0.040490384040747784
stress,0.03,2020-11,0.005385981402812545,0.5385981402812545
stress,0.03,2020-12,0.011338191181720969,1.133819118172097
stress,0.03,2021-01,-0.013575342583092898,-1.3575342583092898
stress,0.03,2021-02,0.05021508607716041,5.021508607716041
stress,0.03,2021-04,0.05096242482275226,5.096242482275226
stress,0.03,2021-05,-0.03173837382806344,-3.1738373828063438
stress,0.03,2021-06,-0.0030993603034747963,-0.30993603034747963
stress,0.03,2021-08,0.0010783076197631303,0.10783076197631303
stress,0.03,2021-09,0.012735231188464535,1.2735231188464535
stress,0.03,2021-10,-0.0004842169153352893,-0.04842169153352893
stress,0.03,2021-11,0.0031639223985859832,0.3163922398585983
stress,0.03,2021-12,0.021355999487692845,2.1355999487692845
stress,0.03,2022-01,0.006603766026838098,0.6603766026838098
stress,0.03,2022-02,-0.005315292499205704,-0.5315292499205704
stress,0.03,2022-04,-0.0001200302149796384,-0.01200302149796384
stress,0.03,2022-05,0.06095025109451546,6.095025109451546
stress,0.03,2022-06,0.004955741820690696,0.49557418206906956
stress,0.03,2022-09,-0.0008389298287672098,-0.08389298287672098
stress,0.03,2022-10,0.0010351305297153779,0.10351305297153779
stress,0.03,2022-11,0.0036653914568656187,0.3665391456865619
stress,0.03,2022-12,-0.0020169809981754883,-0.20169809981754883
stress,0.03,2023-01,-0.0015077013485339519,-0.1507701348533952
stress,0.03,2023-03,0.0012837480632357234,0.12837480632357234
stress,0.03,2023-06,-0.004174088510404017,-0.4174088510404017
stress,0.03,2023-08,0.006681367742449096,0.6681367742449096
stress,0.03,2024-03,0.006463211185466333,0.6463211185466333
stress,0.03,2024-04,0.03123876503129064,3.123876503129064
stress,0.03,2024-06,0.0025960336438035636,0.25960336438035636
stress,0.03,2024-07,0.0026305742361922846,0.26305742361922846
stress,0.03,2024-08,0.021925220345796914,2.1925220345796914
stress,0.03,2024-11,-0.0007498642496006624,-0.07498642496006624
stress,0.03,2024-12,0.005415362935436763,0.5415362935436763
stress,0.03,2025-01,0.003956689141177305,0.39566891411773053
stress,0.03,2025-02,-0.03010835942071466,-3.010835942071466
stress,0.03,2025-03,0.009897316189445338,0.9897316189445338
stress,0.03,2025-04,-0.00909396155286557,-0.909396155286557
stress,0.03,2025-06,-0.00042299060955297563,-0.04229906095529756
stress,0.03,2025-10,0.03886991737443579,3.886991737443579
stress,0.03,2025-11,0.0015644305783297785,0.15644305783297785
stress,0.03,2026-01,-0.0025966866760119833,-0.25966866760119833
stress,0.03,2026-02,0.015800466428031568,1.5800466428031568
stress,0.05,2020-02,0.0024352056232588293,0.24352056232588293
stress,0.05,2020-03,-0.053075448972289885,-5.307544897228988
stress,0.05,2020-05,-0.0015319089986849388,-0.15319089986849388
stress,0.05,2020-06,-0.0017250926634877484,-0.17250926634877484
stress,0.05,2020-09,0.0006745670020542605,0.06745670020542605
stress,0.05,2020-11,0.008978486366155725,0.8978486366155725
stress,0.05,2020-12,0.018936710634162024,1.8936710634162024
stress,0.05,2021-01,-0.022539771517623874,-2.2539771517623874
stress,0.05,2021-02,0.08494571063151546,8.494571063151547
stress,0.05,2021-04,0.08624748865589793,8.624748865589794
stress,0.05,2021-05,-0.05272506126858423,-5.272506126858422
stress,0.05,2021-06,-0.005170690589712756,-0.5170690589712756
stress,0.05,2021-08,0.001797484048481346,0.1797484048481346
stress,0.05,2021-09,0.021290336750961814,2.1290336750961814
stress,0.05,2021-10,-0.0008070281922254452,-0.08070281922254452
stress,0.05,2021-11,0.005277045738024233,0.5277045738024233
stress,0.05,2021-12,0.03578885465515502,3.5788854655155022
stress,0.05,2022-01,0.011015638971895836,1.1015638971895836
stress,0.05,2022-02,-0.00885032209612302,-0.885032209612302
stress,0.05,2022-04,-0.00020005035829939732,-0.020005035829939732
stress,0.05,2022-05,0.10345201996330422,10.345201996330422
stress,0.05,2022-06,0.008263777266308114,0.8263777266308114
stress,0.05,2022-09,-0.0013989995053156346,-0.13989995053156346
stress,0.05,2022-10,0.0017252175495257038,0.17252175495257038
stress,0.05,2022-11,0.005984868457197479,0.5984868457197479
stress,0.05,2022-12,-0.0033602241180138437,-0.33602241180138437
stress,0.05,2023-01,-0.0025122368124451677,-0.25122368124451677
stress,0.05,2023-03,0.0021399887216213553,0.21399887216213553
stress,0.05,2023-06,-0.006948754831135218,-0.6948754831135218
stress,0.05,2023-08,0.011156830838493947,1.1156830838493947
stress,0.05,2024-03,0.010791012194062866,1.0791012194062866
stress,0.05,2024-04,0.05256176443221938,5.256176443221938
stress,0.05,2024-06,0.004329590887465651,0.4329590887465651
stress,0.05,2024-07,0.004386854707737031,0.4386854707737031
stress,0.05,2024-08,0.03676034050433041,3.6760340504330413
stress,0.05,2024-11,-0.0012497737493344374,-0.12497737493344374
stress,0.05,2024-12,0.009032535997318902,0.9032535997318902
stress,0.05,2025-01,0.006599859996181179,0.6599859996181179
stress,0.05,2025-02,-0.049737374571623416,-4.973737457162342
stress,0.05,2025-03,0.016536325579404876,1.6536325579404876
stress,0.05,2025-04,-0.01512664613691117,-1.512664613691117
stress,0.05,2025-06,-0.0007050316671212142,-0.07050316671212142
stress,0.05,2025-10,0.06543105762594914,6.543105762594914
stress,0.05,2025-11,0.0026082584061390968,0.2608258406139097
stress,0.05,2026-01,-0.004325246557252305,-0.43252465572523047
stress,0.05,2026-02,0.026451967307798308,2.6451967307798308
cluster_stress,0.005,2020-02,0.000252570140248487,0.0252570140248487
cluster_stress,0.005,2020-03,-0.00567130672982219,-0.567130672982219
cluster_stress,0.005,2020-05,-0.00018914215640497556,-0.018914215640497556
cluster_stress,0.005,2020-06,-0.00019945197177650975,-0.019945197177650975
cluster_stress,0.005,2020-09,4.327533056569521e-06,0.00043275330565695214
cluster_stress,0.005,2020-11,0.000868776102584734,0.0868776102584734
cluster_stress,0.005,2020-12,0.001855237081706429,0.1855237081706429
cluster_stress,0.005,2021-01,-0.0024325505410442982,-0.24325505410442982
cluster_stress,0.005,2021-02,0.007874744093938624,0.7874744093938624
cluster_stress,0.005,2021-04,0.008127585620125055,0.8127585620125055
cluster_stress,0.005,2021-05,-0.006235823600007184,-0.6235823600007184
cluster_stress,0.005,2021-06,-0.0005611651447368082,-0.05611651447368082
cluster_stress,0.005,2021-08,0.00016147752226425283,0.016147752226425283
cluster_stress,0.005,2021-09,0.0019594159641309616,0.19594159641309616
cluster_stress,0.005,2021-10,-8.963258375049854e-05,-0.008963258375049854
cluster_stress,0.005,2021-11,0.0004632628410652373,0.04632628410652373
cluster_stress,0.005,2021-12,0.0034321669035610736,0.34321669035610736
cluster_stress,0.005,2022-01,0.0010736566808171588,0.10736566808171588
cluster_stress,0.005,2022-02,-0.0009762987783173971,-0.09762987783173971
cluster_stress,0.005,2022-04,-1.1014543124132636e-05,-0.0011014543124132636
cluster_stress,0.005,2022-05,0.009632225216293033,0.9632225216293033
cluster_stress,0.005,2022-06,0.0006985840697080192,0.06985840697080192
cluster_stress,0.005,2022-09,-0.00013043814502811113,-0.013043814502811113
cluster_stress,0.005,2022-10,0.00016333863904804957,0.016333863904804957
cluster_stress,0.005,2022-11,0.0003987641099765238,0.03987641099765238
cluster_stress,0.005,2022-12,-0.0003900501139049162,-0.03900501139049162
cluster_stress,0.005,2023-01,-0.00026912560642766703,-0.026912560642766703
cluster_stress,0.005,2023-03,0.00020480618753082602,0.020480618753082602
cluster_stress,0.005,2023-06,-0.0007500312557852107,-0.07500312557852107
cluster_stress,0.005,2023-08,0.0010376516080090603,0.10376516080090603
cluster_stress,0.005,2024-03,0.0009925878449354997,0.09925878449354997
cluster_stress,0.005,2024-04,0.005004162861954153,0.5004162861954153
cluster_stress,0.005,2024-06,0.00038681411533580956,0.038681411533580956
cluster_stress,0.005,2024-07,0.00037457468683288475,0.037457468683288475
cluster_stress,0.005,2024-08,0.0034709605901435125,0.34709605901435125
cluster_stress,0.005,2024-11,-0.00012497737493344374,-0.012497737493344374
cluster_stress,0.005,2024-12,0.0008476318248911152,0.08476318248911152
cluster_stress,0.005,2025-01,0.0006130417069989402,0.06130417069989402
cluster_stress,0.005,2025-02,-0.0052034331849458715,-0.5203433184945871
cluster_stress,0.005,2025-03,0.001517750833145648,0.1517750833145648
cluster_stress,0.005,2025-04,-0.0015625573940313275,-0.15625573940313275
cluster_stress,0.005,2025-06,-9.74519972701815e-05,-0.00974519972701815
cluster_stress,0.005,2025-10,0.00630118488383169,0.630118488383169
cluster_stress,0.005,2025-11,0.00023333243974521523,0.023333243974521523
cluster_stress,0.005,2026-01,-0.0005317407076699254,-0.05317407076699254
cluster_stress,0.005,2026-02,0.0024895693032875865,0.24895693032875865
cluster_stress,0.01,2020-02,0.0005051686655923593,0.05051686655923593
cluster_stress,0.01,2020-03,-0.011327149521483948,-1.1327149521483948
cluster_stress,0.01,2020-05,-0.0003782601608549596,-0.03782601608549596
cluster_stress,0.01,2020-06,-0.0003988778989340025,-0.03988778989340025
cluster_stress,0.01,2020-09,8.638445679665097e-06,0.0008638445679665097
cluster_stress,0.01,2020-11,0.0017376272851972185,0.17376272851972185
cluster_stress,0.01,2020-12,0.0037123967494139265,0.37123967494139265
cluster_stress,0.01,2021-01,-0.00486008192628451,-0.48600819262845096
cluster_stress,0.01,2021-02,0.01580505367352658,1.5805053673526581
cluster_stress,0.01,2021-04,0.01631547942574163,1.631547942574163
cluster_stress,0.01,2021-05,-0.012453056446829258,-1.2453056446829258
cluster_stress,0.01,2021-06,-0.0011225343832481638,-0.11225343832481638
cluster_stress,0.01,2021-08,0.0003229671759128472,0.03229671759128472
cluster_stress,0.01,2021-09,0.003921468851800114,0.3921468851800114
cluster_stress,0.01,2021-10,-0.00017926516750088606,-0.017926516750088606
cluster_stress,0.01,2021-11,0.0009266628899688989,0.09266628899688989
cluster_stress,0.01,2021-12,0.00687337828690926,0.687337828690926
cluster_stress,0.01,2022-01,0.0021477010827044563,0.21477010827044563
cluster_stress,0.01,2022-02,-0.0019520188767194746,-0.19520188767194746
cluster_stress,0.01,2022-04,-2.2029086248376295e-05,-0.0022029086248376295
cluster_stress,0.01,2022-05,0.019348934232300996,1.9348934232300996
cluster_stress,0.01,2022-06,0.0013971973431470275,0.13971973431470275
cluster_stress,0.01,2022-09,-0.00026092325816196027,-0.026092325816196027
cluster_stress,0.01,2022-10,0.0003266772780963212,0.03266772780963212
cluster_stress,0.01,2022-11,0.0007911768952972853,0.07911768952972853
cluster_stress,0.01,2022-12,-0.0007799970987681926,-0.07799970987681926
cluster_stress,0.01,2023-01,-0.0005382166464603655,-0.05382166464603655
cluster_stress,0.01,2023-03,0.00040963037821062365,0.040963037821062365
cluster_stress,0.01,2023-06,-0.0014995944353726198,-0.14995944353726198
cluster_stress,0.01,2023-08,0.0020762227900248398,0.20762227900248398
cluster_stress,0.01,2024-03,0.001985971498572825,0.1985971498572825
cluster_stress,0.01,2024-04,0.01003138638860901,1.003138638860901
cluster_stress,0.01,2024-06,0.0007737416916395734,0.07737416916395734
cluster_stress,0.01,2024-07,0.0007492333607557189,0.07492333607557189
cluster_stress,0.01,2024-08,0.006951667297558473,0.6951667297558473
cluster_stress,0.01,2024-11,-0.0002499547498668875,-0.024995474986688748
cluster_stress,0.01,2024-12,0.0016955147388031389,0.16955147388031389
cluster_stress,0.01,2025-01,0.0012263056869259437,0.12263056869259437
cluster_stress,0.01,2025-02,-0.010383090653967031,-1.038309065396703
cluster_stress,0.01,2025-03,0.0030371383288334552,0.3037138328833455
cluster_stress,0.01,2025-04,-0.003123514894840085,-0.3123514894840085
cluster_stress,0.01,2025-06,-0.00019490333307059515,-0.019490333307059515
cluster_stress,0.01,2025-10,0.01263315485955574,1.263315485955574
cluster_stress,0.01,2025-11,0.0004666995847435462,0.04666995847435462
cluster_stress,0.01,2026-01,-0.0010632664886077725,-0.10632664886077725
cluster_stress,0.01,2026-02,0.004984375600460389,0.4984375600460389
cluster_stress,0.015,2020-02,0.0007577955760316168,0.07577955760316168
cluster_stress,0.015,2020-03,-0.016967430091600844,-1.6967430091600844
cluster_stress,0.015,2020-05,-0.000567354015250987,-0.056735401525098705
cluster_stress,0.015,2020-06,-0.0005982777831446962,-0.059827778314469615
cluster_stress,0.015,2020-09,1.2932737056159382e-05,0.0012932737056159382
cluster_stress,0.015,2020-11,0.002606552380038707,0.2606552380038707
cluster_stress,0.015,2020-12,0.005571478952081099,0.5571478952081099
cluster_stress,0.015,2021-01,-0.007282602323832821,-0.7282602323832821
cluster_stress,0.015,2021-02,0.023791268973210267,2.3791268973210267
cluster_stress,0.015,2021-04,0.024564084791718566,2.4564084791718566
cluster_stress,0.015,2021-05,-0.01865157922398919,-1.865157922398919
cluster_stress,0.015,2021-06,-0.0016841071507855965,-0.16841071507855965
cluster_stress,0.015,2021-08,0.000484468960945339,0.0484468960945339
cluster_stress,0.015,2021-09,0.005886159233574384,0.5886159233574384
cluster_stress,0.015,2021-10,-0.0002688977512513846,-0.02688977512513846
cluster_stress,0.015,2021-11,0.0013902001510965878,0.13902001510965878
cluster_stress,0.015,2021-12,0.010323650711799637,1.0323650711799637
cluster_stress,0.015,2022-01,0.0032221330138881843,0.32221330138881843
cluster_stress,0.015,2022-02,-0.0029271602873311986,-0.29271602873311986
cluster_stress,0.015,2022-04,-3.304362937250893e-05,-0.003304362937250893
cluster_stress,0.015,2022-05,0.02915078916218028,2.915078916218028
cluster_stress,0.015,2022-06,0.0020958394526100488,0.20958394526100488
cluster_stress,0.015,2022-09,-0.00039145532472850686,-0.039145532472850686
cluster_stress,0.015,2022-10,0.0004900159171443708,0.049001591714437076
cluster_stress,0.015,2022-11,0.0011772324478911411,0.11772324478911411
cluster_stress,0.015,2022-12,-0.0011698409687789235,-0.11698409687789235
cluster_stress,0.015,2023-01,-0.0008072731200978733,-0.08072731200978733
cluster_stress,0.015,2023-03,0.0006144725695196307,0.06144725695196307
cluster_stress,0.015,2023-06,-0.0022486897734662614,-0.22486897734662614
cluster_stress,0.015,2023-08,0.0031157142273352534,0.31157142273352534
cluster_stress,0.015,2024-03,0.0029801514679137497,0.298015146791375
cluster_stress,0.015,2024-04,0.015081767907885624,1.5081767907885624
cluster_stress,0.015,2024-06,0.0011607827522692737,0.11607827522692737
cluster_stress,0.015,2024-07,0.0011239760193559878,0.11239760193559878
cluster_stress,0.015,2024-08,0.010442140392663779,1.044214039266378
cluster_stress,0.015,2024-11,-0.0003749321248003312,-0.03749321248003312
cluster_stress,0.015,2024-12,0.002543648594844461,0.2543648594844461
cluster_stress,0.015,2025-01,0.001839791981629313,0.1839791981629313
cluster_stress,0.015,2025-02,-0.01553906669574412,-1.553906669574412
cluster_stress,0.015,2025-03,0.004558163630644874,0.45581636306448736
cluster_stress,0.015,2025-04,-0.004682872880461875,-0.46828728804618747
cluster_stress,0.015,2025-06,-0.0002923540067681918,-0.02923540067681918
cluster_stress,0.015,2025-10,0.018996019989581336,1.8996019989581336
cluster_stress,0.015,2025-11,0.0007001014374981018,0.07001014374981018
cluster_stress,0.015,2026-01,-0.0015945774031652649,-0.1594577403165265
cluster_stress,0.015,2026-02,0.007484427771614621,0.7484427771614621
cluster_stress,0.02,2020-02,0.0010104508715662597,0.10104508715662597
cluster_stress,0.02,2020-03,-0.022592051554763737,-2.2592051554763737
cluster_stress,0.02,2020-05,-0.0007564237214940928,-0.07564237214940928
cluster_stress,0.02,2020-06,-0.0007976516260805866,-0.07976516260805866
cluster_stress,0.02,2020-09,1.7210406371592768e-05,0.0017210406371592768
cluster_stress,0.02,2020-11,0.003475550217546086,0.3475550217546086
cluster_stress,0.02,2020-12,0.007432483636563125,0.7432483636563125
cluster_stress,0.02,2021-01,-0.0097001198934622,-0.97001198934622
cluster_stress,0.02,2021-02,0.03183373191683314,3.183373191683314
cluster_stress,0.02,2021-04,0.03287380747410462,3.287380747410462
cluster_stress,0.02,2021-05,-0.024831274291600702,-2.4831274291600702
cluster_stress,0.02,2021-06,-0.0022458828827679467,-0.22458828827679467
cluster_stress,0.02,2021-08,0.0006459828773617282,0.06459828773617282
cluster_stress,0.02,2021-09,0.00785348767130345,0.785348767130345
cluster_stress,0.02,2021-10,-0.00035853033500188314,-0.035853033500188314
cluster_stress,0.02,2021-11,0.0018538746288117025,0.18538746288117025
cluster_stress,0.02,2021-12,0.013783000755564156,1.3783000755564156
cluster_stress,0.02,2022-01,0.00429695228249094,0.429695228249094
cluster_stress,0.02,2022-02,-0.0039017230026577865,-0.39017230026577865
cluster_stress,0.02,2022-04,-4.405817249664157e-05,-0.004405817249664157
cluster_stress,0.02,2022-05,0.039038456603496696,3.9038456603496696
cluster_stress,0.02,2022-06,0.0027945100303332637,0.2794510030333264
cluster_stress,0.02,2022-09,-0.0005220343300540442,-0.05220343300540442
cluster_stress,0.02,2022-10,0.0006533545561924203,0.06533545561924203
cluster_stress,0.02,2022-11,0.0015569249453939449,0.1556924945393945
cluster_stress,0.02,2022-12,-0.0015595817381263144,-0.15595817381263144
cluster_stress,0.02,2023-01,-0.0010762950273404126,-0.10762950273404126
cluster_stress,0.02,2023-03,0.0008193327589385291,0.08193327589385291
cluster_stress,0.02,2023-06,-0.002997317504678687,-0.2997317504678687
cluster_stress,0.02,2023-08,0.004156126601641663,0.4156126601641663
cluster_stress,0.02,2024-03,0.003975128260208738,0.3975128260208738
cluster_stress,0.02,2024-04,0.020155405121524694,2.0155405121524694
cluster_stress,0.02,2024-06,0.0015479373205828928,0.15479373205828928
cluster_stress,0.02,2024-07,0.001498802660207188,0.1498802660207188
cluster_stress,0.02,2024-08,0.013942400168853064,1.3942400168853064
cluster_stress,0.02,2024-11,-0.000499909499733775,-0.049990949973377496
cluster_stress,0.02,2024-12,0.0033920332461234715,0.33920332461234715
cluster_stress,0.02,2025-01,0.002453500632958683,0.24535006329586828
cluster_stress,0.02,2025-02,-0.020671455279295814,-2.0671455279295814
cluster_stress,0.02,2025-03,0.006080827882543716,0.6080827882543716
cluster_stress,0.02,2025-04,-0.006240631730778157,-0.6240631730778157
cluster_stress,0.02,2025-06,-0.0003898040177293671,-0.03898040177293671
cluster_stress,0.02,2025-10,0.025389890596982267,2.5389890596982267
cluster_stress,0.02,2025-11,0.0009335380005117688,0.09335380005117688
cluster_stress,0.02,2026-01,-0.0021256735116849113,-0.21256735116849113
cluster_stress,0.02,2026-02,0.009989734707843256,0.9989734707843256
cluster_stress,0.03,2020-02,0.001515846617920813,0.1515846617920813
cluster_stress,0.03,2020-03,-0.03379393658463048,-3.379393658463048
cluster_stress,0.03,2020-05,-0.0011344906971256785,-0.11344906971256785
cluster_stress,0.03,2020-06,-0.0011963211948151642,-0.11963211948151642
cluster_stress,0.03,2020-09,2.571587556787769e-05,0.002571587556787769
cluster_stress,0.03,2020-11,0.005213759433521981,0.5213759433521981
cluster_stress,0.03,2020-12,0.011160260227887076,1.1160260227887076
cluster_stress,0.03,2021-01,-0.014520179146357948,-1.4520179146357948
cluster_stress,0.03,2021-02,0.048088776911238806,4.808877691123881
cluster_stress,0.03,2021-04,0.049678239789772816,4.967823978977282
cluster_stress,0.03,2021-05,-0.03713371911242347,-3.713371911242347
cluster_stress,0.03,2021-06,-0.0033700409825948574,-0.33700409825948574
cluster_stress,0.03,2021-08,0.0009690471043475313,0.09690471043475313
cluster_stress,0.03,2021-09,0.011796060918268791,1.1796060918268791
cluster_stress,0.03,2021-10,-0.0005377955025027692,-0.05377955025027692
cluster_stress,0.03,2021-11,0.0027816352513718723,0.27816352513718723
cluster_stress,0.03,2021-12,0.020729000086857408,2.0729000086857408
cluster_stress,0.03,2022-01,0.006447752063915235,0.6447752063915235
cluster_stress,0.03,2022-02,-0.0058491123193621375,-0.5849112319362137
cluster_stress,0.03,2022-04,-6.608725874501786e-05,-0.006608725874501786
cluster_stress,0.03,2022-05,0.059073917974047374,5.907391797404737
cluster_stress,0.03,2022-06,0.004191935119197465,0.4191935119197465
cluster_stress,0.03,2022-09,-0.0007833330982983666,-0.07833330982983666
cluster_stress,0.03,2022-10,0.0009800318342887415,0.09800318342887415
cluster_stress,0.03,2022-11,0.002297197914852722,0.22971979148527222
cluster_stress,0.03,2022-12,-0.0023387540315893407,-0.23387540315893407
cluster_stress,0.03,2023-01,-0.0016142351426402524,-0.16142351426402524
cluster_stress,0.03,2023-03,0.0012291071220194016,0.12291071220194016
cluster_stress,0.03,2023-06,-0.0044931710844645645,-0.44931710844645645
cluster_stress,0.03,2023-08,0.006239716890089841,0.6239716890089841
cluster_stress,0.03,2024-03,0.005967474343895773,0.5967474343895773
cluster_stress,0.03,2024-04,0.030372839315761402,3.03728393157614
cluster_stress,0.03,2024-06,0.0023225870737153542,0.23225870737153542
cluster_stress,0.03,2024-07,0.0022487078789210635,0.22487078789210635
cluster_stress,0.03,2024-08,0.020972361052777888,2.097236105277789
cluster_stress,0.03,2024-11,-0.0007498642496006624,-0.07498642496006624
cluster_stress,0.03,2024-12,0.005089554346824121,0.5089554346824121
cluster_stress,0.03,2025-01,0.003681585172912172,0.3681585172912172
cluster_stress,0.03,2025-02,-0.030865844354943883,-3.0865844354943883
cluster_stress,0.03,2025-03,0.00913107781437672,0.913107781437672
cluster_stress,0.03,2025-04,-0.009351353554220787,-0.9351353554220787
cluster_stress,0.03,2025-06,-0.0005847020489098131,-0.058470204890981314
cluster_stress,0.03,2025-10,0.038271090841441646,3.8271090841441646
cluster_stress,0.03,2025-11,0.0014005152673259857,0.14005152673259857
cluster_stress,0.03,2026-01,-0.0031872215519380687,-0.31872215519380687
cluster_stress,0.03,2026-02,0.015016148494892745,1.5016148494892745
cluster_stress,0.05,2020-02,0.002526978731774543,0.2526978731774543
cluster_stress,0.05,2020-03,-0.05600568863744915,-5.600568863744915
cluster_stress,0.05,2020-05,-0.0018903349541926628,-0.18903349541926628
cluster_stress,0.05,2020-06,-0.001993347910552168,-0.1993347910552168
cluster_stress,0.05,2020-09,4.252731347920147e-05,0.004252731347920147
cluster_stress,0.05,2020-11,0.008690999121467868,0.8690999121467868
cluster_stress,0.05,2020-12,0.01863888062055996,1.863888062055996
cluster_stress,0.05,2021-01,-0.02410062182107786,-2.410062182107786
cluster_stress,0.05,2021-02,0.08128907208609881,8.128907208609881
cluster_stress,0.05,2021-04,0.08403863259481303,8.403863259481303
cluster_stress,0.05,2021-05,-0.06150768580613164,-6.150768580613164
cluster_stress,0.05,2021-06,-0.005620767932932869,-0.5620767932932869
cluster_stress,0.05,2021-08,0.0016153211349281271,0.1615321134928127
cluster_stress,0.05,2021-09,0.019712887831137227,1.9712887831137227
cluster_stress,0.05,2021-10,-0.0008963258375046523,-0.08963258375046523
cluster_stress,0.05,2021-11,0.004638803285494264,0.4638803285494264
cluster_stress,0.05,2021-12,0.034730661305272026,3.4730661305272026
cluster_stress,0.05,2022-01,0.010753991221515324,1.0753991221515324
cluster_stress,0.05,2022-02,-0.00973694632148392,-0.9736946321483919
cluster_stress,0.05,2022-04,-0.00011014543124177045,-0.011014543124177045
cluster_stress,0.05,2022-05,0.10020442452330425,10.020442452330425
cluster_stress,0.05,2022-06,0.006987110727643353,0.6987110727643353
cluster_stress,0.05,2022-09,-0.0013064932544404328,-0.13064932544404328
cluster_stress,0.05,2022-10,0.0016333863904811619,0.16333863904811619
cluster_stress,0.05,2022-11,0.003701140547037074,0.3701140547037074
cluster_stress,0.05,2022-12,-0.003895862034912545,-0.3895862034912545
cluster_stress,0.05,2023-01,-0.0026897005764989768,-0.2689700576498977
cluster_stress,0.05,2023-03,0.002048871714534828,0.20488717145348279
cluster_stress,0.05,2023-06,-0.007479277274476059,-0.7479277274476059
cluster_stress,0.05,2023-08,0.010417978751281698,1.0417978751281698
cluster_stress,0.05,2024-03,0.009961750733116226,0.9961750733116226
cluster_stress,0.05,2024-04,0.051091116711929896,5.10911167119299
cluster_stress,0.05,2024-06,0.003873249700332204,0.3873249700332204
cluster_stress,0.05,2024-07,0.003749525995593972,0.3749525995593972
cluster_stress,0.05,2024-08,0.035150618447426174,3.5150618447426174
cluster_stress,0.05,2024-11,-0.0012497737493344374,-0.12497737493344374
cluster_stress,0.05,2024-12,0.008487599627709619,0.8487599627709619
cluster_stress,0.05,2025-01,0.006140424374089681,0.6140424374089681
cluster_stress,0.05,2025-02,-0.05097567237410283,-5.097567237410283
cluster_stress,0.05,2025-03,0.015251295455997349,1.525129545599735
cluster_stress,0.05,2025-04,-0.015553624496215446,-1.5553624496215446
cluster_stress,0.05,2025-06,-0.000974490130568717,-0.0974490130568717
cluster_stress,0.05,2025-10,0.06441044028253651,6.441044028253651
cluster_stress,0.05,2025-11,0.0023348864341794506,0.23348864341794506
cluster_stress,0.05,2026-01,-0.005307742614079514,-0.5307742614079514
cluster_stress,0.05,2026-02,0.02513242567973517,2.513242567973517
