symbol,sumOpenInterest,sumOpenInterestValue,timestamp,timestamp_dt,sample_position
BTCUSDT,91690.57800000,6253416617.35140000,1775559600000,2026-04-07 11:00:00+00:00,earliest
BTCUSDT,91156.64900000,6226855999.20060000,1775560500000,2026-04-07 11:15:00+00:00,earliest
BTCUSDT,91251.74800000,6236221428.50786300,1775561400000,2026-04-07 11:30:00+00:00,earliest
BTCUSDT,91086.27400000,6228014876.12260000,1775562300000,2026-04-07 11:45:00+00:00,earliest
BTCUSDT,91057.85300000,6220421852.44766900,1775563200000,2026-04-07 12:00:00+00:00,earliest
BTCUSDT,105902.76000000,8563072149.42034400,1778147100000,2026-05-07 09:45:00+00:00,latest
BTCUSDT,105862.47400000,8563331513.37831300,1778148000000,2026-05-07 10:00:00+00:00,latest
BTCUSDT,105875.20600000,8559925222.35918700,1778148900000,2026-05-07 10:15:00+00:00,latest
BTCUSDT,105712.03500000,8517578080.86900000,1778149800000,2026-05-07 10:30:00+00:00,latest
BTCUSDT,105727.18800000,8547577961.66534500,1778150700000,2026-05-07 10:45:00+00:00,latest
ETHUSDT,2214373.63300000,4624311338.47450400,1775559600000,2026-04-07 11:00:00+00:00,earliest
ETHUSDT,2211360.66000000,4617343171.68660000,1775560500000,2026-04-07 11:15:00+00:00,earliest
ETHUSDT,2211608.40300000,4624296242.00076000,1775561400000,2026-04-07 11:30:00+00:00,earliest
ETHUSDT,2208997.13000000,4614572914.59870000,1775562300000,2026-04-07 11:45:00+00:00,earliest
ETHUSDT,2208849.59200000,4613168075.29574100,1775563200000,2026-04-07 12:00:00+00:00,earliest
ETHUSDT,2306252.56700000,5367815292.73228700,1778147100000,2026-05-07 09:45:00+00:00,latest
ETHUSDT,2308065.48300000,5373178072.60263300,1778148000000,2026-05-07 10:00:00+00:00,latest
ETHUSDT,2307717.70100000,5364680354.83361000,1778148900000,2026-05-07 10:15:00+00:00,latest
ETHUSDT,2306824.11700000,5345763662.82474800,1778149800000,2026-05-07 10:30:00+00:00,latest
ETHUSDT,2311984.60000000,5379809012.28188100,1778150700000,2026-05-07 10:45:00+00:00,latest
SOLUSDT,9613781.49000000,762565147.78680000,1775559600000,2026-04-07 11:00:00+00:00,earliest
SOLUSDT,9626867.26000000,764180723.09880000,1775560500000,2026-04-07 11:15:00+00:00,earliest
SOLUSDT,9569678.64000000,758443675.69496240,1775561400000,2026-04-07 11:30:00+00:00,earliest
SOLUSDT,9605009.01000000,761293014.13260000,1775562300000,2026-04-07 11:45:00+00:00,earliest
SOLUSDT,9610182.39000000,760742037.99240000,1775563200000,2026-04-07 12:00:00+00:00,earliest
SOLUSDT,10793410.54000000,963603679.75553830,1778147100000,2026-05-07 09:45:00+00:00,latest
SOLUSDT,10792876.60000000,964883168.04000000,1778148000000,2026-05-07 10:00:00+00:00,latest
SOLUSDT,10791326.45000000,961616194.52374180,1778148900000,2026-05-07 10:15:00+00:00,latest
SOLUSDT,10765903.73000000,955258637.96290000,1778149800000,2026-05-07 10:30:00+00:00,latest
SOLUSDT,10759340.29000000,958872406.64480000,1778150700000,2026-05-07 10:45:00+00:00,latest
BNBUSDT,518814.25000000,310182711.56381330,1775559600000,2026-04-07 11:00:00+00:00,earliest
BNBUSDT,518391.93000000,309852548.67053530,1775560500000,2026-04-07 11:15:00+00:00,earliest
BNBUSDT,518752.80000000,309876985.08000000,1775561400000,2026-04-07 11:30:00+00:00,earliest
BNBUSDT,518359.50000000,310040088.00145054,1775562300000,2026-04-07 11:45:00+00:00,earliest
BNBUSDT,517687.74000000,309167879.99394816,1775563200000,2026-04-07 12:00:00+00:00,earliest
BNBUSDT,593560.01000000,384911795.28480000,1778147100000,2026-05-07 09:45:00+00:00,latest
BNBUSDT,593002.27000000,385024513.86560000,1778148000000,2026-05-07 10:00:00+00:00,latest
BNBUSDT,593073.03000000,384554483.38230000,1778148900000,2026-05-07 10:15:00+00:00,latest
BNBUSDT,592813.18000000,383550127.46000000,1778149800000,2026-05-07 10:30:00+00:00,latest
BNBUSDT,593020.18000000,384668469.95880000,1778150700000,2026-05-07 10:45:00+00:00,latest
XRPUSDT,264411698.10000000,345427442.39784000,1775559600000,2026-04-07 11:00:00+00:00,earliest
XRPUSDT,264741946.80000000,346097147.05164000,1775560500000,2026-04-07 11:15:00+00:00,earliest
XRPUSDT,264676815.90000000,345482647.79427000,1775561400000,2026-04-07 11:30:00+00:00,earliest
XRPUSDT,264830842.40000000,345577766.24776000,1775562300000,2026-04-07 11:45:00+00:00,earliest
XRPUSDT,265125193.20000000,346086847.27400640,1775563200000,2026-04-07 12:00:00+00:00,earliest
XRPUSDT,266386442.40000000,375673502.26769780,1778147100000,2026-05-07 09:45:00+00:00,latest
XRPUSDT,266416534.80000000,375878129.36125470,1778148000000,2026-05-07 10:00:00+00:00,latest
XRPUSDT,266112424.00000000,375492419.37465050,1778148900000,2026-05-07 10:15:00+00:00,latest
XRPUSDT,266236944.10000000,374568756.65429000,1778149800000,2026-05-07 10:30:00+00:00,latest
XRPUSDT,266022729.40000000,375038843.90812000,1778150700000,2026-05-07 10:45:00+00:00,latest
ADAUSDT,311218928.00000000,75318544.03272560,1775559600000,2026-04-07 11:00:00+00:00,earliest
ADAUSDT,312469153.00000000,75742522.68720000,1775560500000,2026-04-07 11:15:00+00:00,earliest
ADAUSDT,312518337.00000000,75536241.46072324,1775561400000,2026-04-07 11:30:00+00:00,earliest
ADAUSDT,312644992.00000000,75737689.67746432,1775562300000,2026-04-07 11:45:00+00:00,earliest
ADAUSDT,312343199.00000000,75600384.96573332,1775563200000,2026-04-07 12:00:00+00:00,earliest
ADAUSDT,404312199.00000000,107830063.47330000,1778147100000,2026-05-07 09:45:00+00:00,latest
ADAUSDT,404112873.00000000,107817314.51640000,1778148000000,2026-05-07 10:00:00+00:00,latest
ADAUSDT,403786529.00000000,107730245.93720000,1778148900000,2026-05-07 10:15:00+00:00,latest
ADAUSDT,402835564.00000000,107113976.46760000,1778149800000,2026-05-07 10:30:00+00:00,latest
ADAUSDT,403117745.00000000,107833996.78750000,1778150700000,2026-05-07 10:45:00+00:00,latest
AVAXUSDT,8193720.00000000,70588897.80000000,1775559600000,2026-04-07 11:00:00+00:00,earliest
AVAXUSDT,8221652.00000000,70790808.41016260,1775560500000,2026-04-07 11:15:00+00:00,earliest
AVAXUSDT,8230155.00000000,70754642.53500000,1775561400000,2026-04-07 11:30:00+00:00,earliest
AVAXUSDT,8255081.00000000,71183950.95650214,1775562300000,2026-04-07 11:45:00+00:00,earliest
AVAXUSDT,8265056.00000000,71153867.10400000,1775563200000,2026-04-07 12:00:00+00:00,earliest
AVAXUSDT,8991313.00000000,86060191.88456295,1778147100000,2026-05-07 09:45:00+00:00,latest
AVAXUSDT,8992827.00000000,86009918.20733637,1778148000000,2026-05-07 10:00:00+00:00,latest
AVAXUSDT,8991952.00000000,85981045.02400000,1778148900000,2026-05-07 10:15:00+00:00,latest
AVAXUSDT,8978351.00000000,85527771.62600000,1778149800000,2026-05-07 10:30:00+00:00,latest
AVAXUSDT,8986884.00000000,86049414.30000000,1778150700000,2026-05-07 10:45:00+00:00,latest
LINKUSDT,9172304.86000000,79799035.68012820,1775559600000,2026-04-07 11:00:00+00:00,earliest
LINKUSDT,9164179.06000000,79691701.10576000,1775560500000,2026-04-07 11:15:00+00:00,earliest
LINKUSDT,9157205.63000000,79633653.93697470,1775561400000,2026-04-07 11:30:00+00:00,earliest
LINKUSDT,9155860.24000000,79563732.93633145,1775562300000,2026-04-07 11:45:00+00:00,earliest
LINKUSDT,9148055.29000000,79368527.69604000,1775563200000,2026-04-07 12:00:00+00:00,earliest
LINKUSDT,9878495.80000000,98676294.54620000,1778147100000,2026-05-07 09:45:00+00:00,latest
LINKUSDT,9875212.01000000,98761995.31201000,1778148000000,2026-05-07 10:00:00+00:00,latest
LINKUSDT,9877353.10000000,98690635.70920238,1778148900000,2026-05-07 10:15:00+00:00,latest
LINKUSDT,9865094.25000000,98286091.16370140,1778149800000,2026-05-07 10:30:00+00:00,latest
LINKUSDT,9897619.89000000,98995554.38852829,1778150700000,2026-05-07 10:45:00+00:00,latest
LTCUSDT,1160682.55900000,61585816.58054000,1775559600000,2026-04-07 11:00:00+00:00,earliest
LTCUSDT,1160981.34000000,61648109.15400000,1775560500000,2026-04-07 11:15:00+00:00,earliest
LTCUSDT,1161177.61700000,61704978.56738000,1775561400000,2026-04-07 11:30:00+00:00,earliest
LTCUSDT,1162382.82600000,61850390.17146000,1775562300000,2026-04-07 11:45:00+00:00,earliest
LTCUSDT,1161447.26900000,61764718.18644125,1775563200000,2026-04-07 12:00:00+00:00,earliest
LTCUSDT,1268318.23400000,72011577.93537790,1778147100000,2026-05-07 09:45:00+00:00,latest
LTCUSDT,1269055.82000000,72069680.01780000,1778148000000,2026-05-07 10:00:00+00:00,latest
LTCUSDT,1268891.43600000,72123789.22224000,1778148900000,2026-05-07 10:15:00+00:00,latest
LTCUSDT,1268773.91400000,71888729.96724000,1778149800000,2026-05-07 10:30:00+00:00,latest
LTCUSDT,1269544.65100000,72237103.08343758,1778150700000,2026-05-07 10:45:00+00:00,latest
