window,exit_model,friction_case,horizon_bars,total_trades_next_open,average_return_pct_next_open,cumulative_return_units_next_open,sharpe_like_next_open,max_drawdown_units_next_open,total_trades_next_close,average_return_pct_next_close,cumulative_return_units_next_close,sharpe_like_next_close,max_drawdown_units_next_close,cum_return_delta_close_minus_open,avg_return_delta_close_minus_open_pct
2023,pure_horizon_12,base,12,22,4.752292393735781,1.0455043266218718,4.590338671219256,-0.003921150592113579,22,0.5223868610661312,0.11492510943454887,1.0066942453642196,-0.12616638701270783,-0.9305792171873228,-4.229905532669649
2023,pure_horizon_12,stress,12,22,4.567512438929473,1.0048527365644842,4.416269911188452,-0.007517832099108626,22,0.34183470000951555,0.07520363400209343,0.6594103841117892,-0.13937844050542542,-0.9296491025623908,-4.225677738919957
2023,pure_horizon_6,base,6,22,4.540291135106862,0.9988640497235097,4.81535405943236,-0.0007802853206962668,22,0.33395404703729314,0.07346989034820449,0.6722926970724684,-0.14055491917653543,-0.9253941593753052,-4.206337088069569
2023,pure_horizon_6,stress,6,22,4.355723075717425,0.9582590766578334,4.624226293285409,-0.002579805774908628,22,0.15359022471950554,0.03378984943829122,0.3095063426550486,-0.15354816649509104,-0.9244692272195422,-4.202132850997919
2023,scaled_exit_6_12,base,12,22,4.6462917644213215,1.0221841881726907,4.730900449336328,0.0,22,0.4281704540517122,0.09419749989137668,0.8669076931460213,-0.13336065309462164,-0.927986688281314,-4.218121310369609
2023,scaled_exit_6_12,stress,12,22,4.461617757323451,0.981555906611159,4.547408678402563,-0.001476759866557431,22,0.24771246236451064,0.05449674172019234,0.5020399904996737,-0.1464633035002582,-0.9270591648909666,-4.2139052949589395
2024,pure_horizon_12,base,12,82,4.675592710370133,3.8339860225035096,9.318037635847736,-0.11423516296035308,82,4.313134385155564,3.5367701958275624,9.039235006609468,-0.16167209523116988,-0.29721582667594726,-0.3624583252145692
2024,pure_horizon_12,stress,12,82,4.490889416954827,3.6825293219029582,8.958894931944192,-0.13181687454104862,82,4.128793369107926,3.3856105626684996,8.661560258315031,-0.17591290665063397,-0.29691875923445865,-0.36209604784690086
2024,pure_horizon_6,base,6,82,2.9105982307707055,2.3866905492319783,5.417019907368693,-0.39117343487982653,82,2.5212828141399592,2.0674519075947666,5.875551516956917,-0.2337842896456952,-0.3192386416372117,-0.3893154166307462
2024,pure_horizon_6,stress,6,82,2.7276590506604013,2.236680421541529,5.081624253027209,-0.401584258838379,82,2.3387327550803185,1.917760859165861,5.455593055844826,-0.24615272452282766,-0.318919562375668,-0.38892629558008274
2024,scaled_exit_6_12,base,12,82,3.7930954705704205,3.1103382858677446,7.812302218744866,-0.15979584282395576,82,3.417208599647762,2.8021110517111647,8.276379068286532,-0.1280372808229293,-0.30822723415657993,-0.3758868709226584
2024,scaled_exit_6_12,stress,12,82,3.6092742338076143,2.9596048717222434,7.441139350291626,-0.17043792885915682,82,3.233763062094122,2.6516857109171803,7.839915354482156,-0.14051140991462407,-0.3079191608050631,-0.37551117171349224
2025,pure_horizon_12,base,12,80,1.2801969112502036,1.0241575290001628,1.3595045044394818,-0.944053721552629,80,1.3837646687713538,1.1070117350170832,1.4371826221781678,-0.9334014276455203,0.0828542060169204,0.10356775752115022
2025,pure_horizon_12,stress,12,80,1.098887318480545,0.879109854784436,1.168130415372734,-1.0439269587490945,80,1.202351559950442,0.9618812479603537,1.2500157510955876,-0.999033234410046,0.08277139317591764,0.10346424146989697
2025,pure_horizon_6,base,6,80,1.2403615986471903,0.9922892789177522,1.4161010922879838,-0.7912168863651294,80,1.3118317939973612,1.049465435197889,1.5274267322062025,-0.808997288304232,0.057176156280136725,0.07147019535017085
2025,pure_horizon_6,stress,6,80,1.0590918213023277,0.8472734570418622,1.2103580268190963,-0.887642283392948,80,1.130490582138689,0.9043924657109512,1.3175996722884982,-0.8225910977081299,0.05711900866908903,0.07139876083636132
2025,scaled_exit_6_12,base,12,80,1.2602792549486972,1.0082234039589577,1.4369473882407928,-0.861085140638439,80,1.3477982313843575,1.078238585107486,1.5307771986640142,-0.8422639867219566,0.07001518114852834,0.08751897643566031
2025,scaled_exit_6_12,stress,12,80,1.0789895698914365,0.8631916559131492,1.2314750607329163,-0.9610413049937034,80,1.1664210710445653,0.9331368568356523,1.3261014615264273,-0.8558245460358569,0.06994520092250311,0.08743150115312881
2026_ytd,pure_horizon_12,base,12,26,2.5264178136764355,0.6568686315558733,3.2074010422420964,-0.10561209588720508,26,1.8608699049893545,0.48382617529723215,2.5218753289987865,-0.1486297837672378,-0.17304245625864112,-0.665547908687081
2026_ytd,pure_horizon_12,stress,12,26,2.343862622180911,0.6094042817670369,2.9786161451334174,-0.12530984036794973,26,1.6789799291273129,0.4365347815731013,2.277652160484054,-0.1718851327366606,-0.17286950019393554,-0.664882693053598
2026_ytd,pure_horizon_6,base,6,26,3.3744678369515557,0.8773616376074045,3.7883930563498565,-0.037229439463896626,26,2.712169899892369,0.7051641739720159,3.0592134568678,-0.09180022714224016,-0.17219746363538857,-0.6622979370591868
2026_ytd,pure_horizon_6,stress,6,26,3.1910650188222576,0.8296769048937869,3.58607762957296,-0.049794331061080124,26,2.5294290490474767,0.6576515527523439,2.855943989191409,-0.10611087554622044,-0.172025352141443,-0.6616359697747809
2026_ytd,scaled_exit_6_12,base,12,26,2.9504428253139956,0.7671151345816388,3.568524938194501,-0.05356087789557649,26,2.2865199024408622,0.5944951746346241,2.853309704780517,-0.09860723944389695,-0.17261995994701473,-0.6639229228731334
2026_ytd,scaled_exit_6_12,stress,12,26,2.767463820501585,0.7195405933304122,3.350562933519214,-0.07020737945582288,26,2.1042044890873948,0.5470931671627226,2.6284284850133917,-0.1238458935257527,-0.1724474261676896,-0.6632593314141904
full_available,pure_horizon_12,base,12,966,3.181322578672935,30.731576109980548,11.043008143711004,-2.6618495810947396,966,2.7844798476507884,26.898075328306614,10.058192264355494,-1.9696567879279945,-3.8335007816739335,-0.39684273102214673
full_available,pure_horizon_12,stress,12,966,2.9981128093740277,28.96176973855311,10.417462584576988,-2.702396268843116,966,2.6016667229589228,25.132100543783192,9.407231047902139,-1.9874914183421737,-3.8296691947699166,-0.3964460864151049
full_available,pure_horizon_6,base,6,966,2.6254462378021866,25.361810657169123,10.393789426029533,-2.622387471945485,966,2.2297430237153324,21.539317609090112,9.374145276782645,-2.4883763711482008,-3.8224930480790107,-0.39570321408685416
full_available,pure_horizon_6,stress,6,966,2.4427920673225403,23.597371370335736,9.68036159862571,-2.643564908951868,966,2.0474843588946965,19.778698906922767,8.616517085073346,-2.50749284130021,-3.8186724634129696,-0.3953077084278438
full_available,scaled_exit_6_12,base,12,966,2.90338440823756,28.046693383574834,11.243288530925463,-2.2236928843372334,966,2.507111435683061,24.21869646869837,10.25560000798144,-2.184699759736074,-3.827996914876465,-0.39627297255449934
full_available,scaled_exit_6_12,stress,12,966,2.720452438348284,26.279570554444426,10.545428900222442,-2.264677510032362,966,2.324575540926809,22.455399725352976,9.51843163061086,-2.2023194545387828,-3.8241708290914502,-0.39587689742147525
last_3_years,pure_horizon_12,base,12,204,3.189137855275447,6.505841224761912,6.966931238005625,-0.9440537215526277,204,2.5682467850383333,5.2392234414782,5.752226464784968,-0.9334014276455198,-1.2666177832837127,-0.6208910702371138
last_3_years,pure_horizon_12,stress,12,204,3.005920274601721,6.132077360187511,6.573247485053051,-1.0439269587490938,204,2.38564978545459,4.866725562327364,5.348601069474966,-0.9990332344100441,-1.2653517978601467,-0.6202704891471309
last_3_years,pure_horizon_6,base,6,204,2.5443107245861105,5.190393878155666,5.813762001807197,-0.7912168863651297,204,1.9031686728069614,3.8824640925262015,4.764218277374773,-0.8089972883042316,-1.3079297856294643,-0.6411420517791491
last_3_years,pure_horizon_6,stress,6,204,2.3617376491127247,4.817944804189958,5.401980947544966,-0.8876422833929452,204,1.7212364192947849,3.511322295361361,4.313096667736503,-0.8225910977081301,-1.306622508828597,-0.6405012298179398
last_3_years,scaled_exit_6_12,base,12,204,2.8667242899307785,5.848117551458788,6.673948545250281,-0.8610851406384397,204,2.235707728922648,4.5608437670022015,5.53102561871067,-0.842263986721957,-1.2872737844565867,-0.6310165610081304
last_3_years,scaled_exit_6_12,stress,12,204,2.6838289618572224,5.475011082188734,6.254405826320123,-0.9610413049937043,204,2.053443102374687,4.189023928844362,5.08519498880652,-0.8558245460358571,-1.2859871533443723,-0.6303858594825353
