funding_time,funding_rate
2025-05-04 00:00:00.001000+00:00,-5.602e-05
2025-05-04 08:00:00.001000+00:00,-0.00016607
2025-05-04 16:00:00.002000+00:00,-0.00020554
2025-05-05 00:00:00+00:00,-0.00018839
2025-05-05 08:00:00+00:00,3.843e-05
2025-05-05 16:00:00.006000+00:00,-0.0001519
2025-05-06 00:00:00.002000+00:00,-0.00012103
2025-05-06 08:00:00.005000+00:00,-7.74e-06
2025-05-06 16:00:00+00:00,5.227e-05
2025-05-07 00:00:00.002000+00:00,7.72e-05
2025-05-07 08:00:00+00:00,-1.63e-06
2025-05-07 16:00:00.006000+00:00,-0.00016988
2025-05-08 00:00:00+00:00,3.14e-05
2025-05-08 08:00:00.001000+00:00,0.0001
2025-05-08 16:00:00.002000+00:00,0.0001
2025-05-09 00:00:00.001000+00:00,0.0001
2025-05-09 08:00:00.006000+00:00,0.0001
2025-05-09 16:00:00+00:00,0.0001
2025-05-10 00:00:00.001000+00:00,0.0001
2025-05-10 08:00:00+00:00,0.0001
2025-05-10 16:00:00.001000+00:00,0.0001
2025-05-11 00:00:00+00:00,0.0001
2025-05-11 08:00:00.001000+00:00,0.0001
2025-05-11 16:00:00.001000+00:00,0.0001
2025-05-12 00:00:00.004000+00:00,0.0001
2025-05-12 08:00:00+00:00,0.0001
2025-05-12 16:00:00+00:00,0.0001
2025-05-13 00:00:00+00:00,0.0001
2025-05-13 08:00:00.008000+00:00,9.081e-05
2025-05-13 16:00:00.001000+00:00,0.0001
2025-05-14 00:00:00.007000+00:00,0.0001
2025-05-14 08:00:00+00:00,0.0001
2025-05-14 16:00:00.002000+00:00,0.0001
2025-05-15 00:00:00+00:00,0.0001
2025-05-15 08:00:00.003000+00:00,7.085e-05
2025-05-15 16:00:00+00:00,3.698e-05
2025-05-16 00:00:00.001000+00:00,2.132e-05
2025-05-16 08:00:00+00:00,3.938e-05
2025-05-16 16:00:00+00:00,5.752e-05
2025-05-17 00:00:00+00:00,4.895e-05
2025-05-17 08:00:00.001000+00:00,2.919e-05
2025-05-17 16:00:00.004000+00:00,3.576e-05
2025-05-18 00:00:00+00:00,6.38e-06
2025-05-18 08:00:00+00:00,-5.436e-05
2025-05-18 16:00:00+00:00,-5.244e-05
2025-05-19 00:00:00+00:00,-3.598e-05
2025-05-19 08:00:00.006000+00:00,5.7e-07
2025-05-19 16:00:00.010000+00:00,-2.011e-05
2025-05-20 00:00:00+00:00,0.0001
2025-05-20 08:00:00.002000+00:00,3.254e-05
2025-05-20 16:00:00+00:00,3.244e-05
2025-05-21 00:00:00+00:00,8.089e-05
2025-05-21 08:00:00.001000+00:00,0.0001
2025-05-21 16:00:00.004000+00:00,6.244e-05
2025-05-22 00:00:00.001000+00:00,8.662e-05
2025-05-22 08:00:00+00:00,0.0001
2025-05-22 16:00:00.002000+00:00,0.0001
2025-05-23 00:00:00.006000+00:00,0.0001
2025-05-23 08:00:00+00:00,0.0001
2025-05-23 16:00:00.007000+00:00,0.0001
2025-05-24 00:00:00.010000+00:00,0.0001
2025-05-24 08:00:00+00:00,-5.367e-05
2025-05-24 16:00:00.003000+00:00,-7.4e-05
2025-05-25 00:00:00.004000+00:00,-6.709e-05
2025-05-25 08:00:00+00:00,-3.129e-05
2025-05-25 16:00:00+00:00,-9.897e-05
2025-05-26 00:00:00+00:00,-7.407e-05
2025-05-26 08:00:00+00:00,-1.411e-05
2025-05-26 16:00:00.002000+00:00,5.253e-05
2025-05-27 00:00:00.003000+00:00,-5.915e-05
2025-05-27 08:00:00.001000+00:00,4.806e-05
2025-05-27 16:00:00.005000+00:00,7.756e-05
2025-05-28 00:00:00.002000+00:00,3.645e-05
2025-05-28 08:00:00.003000+00:00,2.512e-05
2025-05-28 16:00:00.002000+00:00,-4.014e-05
2025-05-29 00:00:00+00:00,7.11e-06
2025-05-29 08:00:00.006000+00:00,0.0001
2025-05-29 16:00:00+00:00,-3.08e-05
2025-05-30 00:00:00.003000+00:00,-7.683e-05
2025-05-30 08:00:00.003000+00:00,-0.00025091
2025-05-30 16:00:00+00:00,-8.61e-05
2025-05-31 00:00:00+00:00,-0.00012519
2025-05-31 08:00:00+00:00,-0.00017394
2025-05-31 16:00:00+00:00,-9.842e-05
2025-06-01 00:00:00.001000+00:00,-4.205e-05
2025-06-01 08:00:00.002000+00:00,-3.631e-05
2025-06-01 16:00:00+00:00,-4.566e-05
2025-06-02 00:00:00.001000+00:00,-6.084e-05
2025-06-02 08:00:00+00:00,-2.796e-05
2025-06-02 16:00:00+00:00,5.462e-05
2025-06-03 00:00:00+00:00,7.78e-05
2025-06-03 08:00:00+00:00,8.97e-05
2025-06-03 16:00:00.001000+00:00,7.066e-05
2025-06-04 00:00:00+00:00,3.16e-06
2025-06-04 08:00:00+00:00,3.47e-06
2025-06-04 16:00:00+00:00,-3.378e-05
2025-06-05 00:00:00.016000+00:00,-3.792e-05
2025-06-05 08:00:00+00:00,-3.28e-05
2025-06-05 16:00:00+00:00,-1.419e-05
2025-06-06 00:00:00.002000+00:00,-0.00018426
2025-06-06 08:00:00+00:00,-0.000184
2025-06-06 16:00:00.006000+00:00,-4.184e-05
2025-06-07 00:00:00+00:00,-5.348e-05
2025-06-07 08:00:00+00:00,2.024e-05
2025-06-07 16:00:00.002000+00:00,8.637e-05
2025-06-08 00:00:00+00:00,2.89e-05
2025-06-08 08:00:00+00:00,-3.957e-05
2025-06-08 16:00:00+00:00,3.98e-05
2025-06-09 00:00:00+00:00,0.0001
2025-06-09 08:00:00.001000+00:00,-7.676e-05
2025-06-09 16:00:00.001000+00:00,2.877e-05
2025-06-10 00:00:00+00:00,0.0001
2025-06-10 08:00:00.001000+00:00,0.0001
2025-06-10 16:00:00.003000+00:00,0.0001
2025-06-11 00:00:00+00:00,0.0001
2025-06-11 08:00:00+00:00,0.0001
2025-06-11 16:00:00.010000+00:00,0.0001
2025-06-12 00:00:00.002000+00:00,0.0001
2025-06-12 08:00:00.003000+00:00,6.008e-05
2025-06-12 16:00:00.001000+00:00,-2.708e-05
2025-06-13 00:00:00+00:00,-1.067e-05
2025-06-13 08:00:00.001000+00:00,-0.00017593
2025-06-13 16:00:00.004000+00:00,-7.489e-05
2025-06-14 00:00:00+00:00,3.129e-05
2025-06-14 08:00:00+00:00,-1.538e-05
2025-06-14 16:00:00+00:00,-3.025e-05
2025-06-15 00:00:00.005000+00:00,5.438e-05
2025-06-15 08:00:00.009000+00:00,-9.264e-05
2025-06-15 16:00:00+00:00,2.42e-05
2025-06-16 00:00:00+00:00,-2.71e-05
2025-06-16 08:00:00+00:00,8.404e-05
2025-06-16 16:00:00.003000+00:00,3.242e-05
2025-06-17 00:00:00+00:00,6.771e-05
2025-06-17 08:00:00.006000+00:00,8.167e-05
2025-06-17 16:00:00.001000+00:00,-9.539e-05
2025-06-18 00:00:00.001000+00:00,-2.812e-05
2025-06-18 08:00:00.001000+00:00,3.537e-05
2025-06-18 16:00:00.001000+00:00,-0.00015652
2025-06-19 00:00:00.005000+00:00,1.013e-05
2025-06-19 08:00:00.003000+00:00,-0.00015597
2025-06-19 16:00:00+00:00,-0.00020285
2025-06-20 00:00:00+00:00,4.512e-05
2025-06-20 08:00:00.002000+00:00,8.85e-05
2025-06-20 16:00:00.001000+00:00,-3.063e-05
2025-06-21 00:00:00.002000+00:00,-2.015e-05
2025-06-21 08:00:00.005000+00:00,4.25e-06
2025-06-21 16:00:00+00:00,-2.46e-05
2025-06-22 00:00:00.005000+00:00,4.91e-06
2025-06-22 08:00:00+00:00,2.452e-05
2025-06-22 16:00:00.003000+00:00,2.262e-05
2025-06-23 00:00:00+00:00,-1.023e-05
2025-06-23 08:00:00.004000+00:00,-7.795e-05
2025-06-23 16:00:00.013000+00:00,3.124e-05
2025-06-24 00:00:00.003000+00:00,3.476e-05
2025-06-24 08:00:00+00:00,1.328e-05
2025-06-24 16:00:00+00:00,9.91e-06
2025-06-25 00:00:00.005000+00:00,4.774e-05
2025-06-25 08:00:00+00:00,0.0001
2025-06-25 16:00:00.005000+00:00,5.24e-06
2025-06-26 00:00:00+00:00,6.96e-05
2025-06-26 08:00:00.006000+00:00,-8.86e-06
2025-06-26 16:00:00.007000+00:00,7.578e-05
2025-06-27 00:00:00+00:00,5.498e-05
2025-06-27 08:00:00+00:00,1.27e-05
2025-06-27 16:00:00.009000+00:00,-4.237e-05
2025-06-28 00:00:00.001000+00:00,6.51e-06
2025-06-28 08:00:00.002000+00:00,4.379e-05
2025-06-28 16:00:00+00:00,2.416e-05
2025-06-29 00:00:00.004000+00:00,4.474e-05
2025-06-29 08:00:00.001000+00:00,8.854e-05
2025-06-29 16:00:00.001000+00:00,3.383e-05
2025-06-30 00:00:00+00:00,0.0001
2025-06-30 08:00:00.005000+00:00,5.783e-05
2025-06-30 16:00:00.002000+00:00,6.213e-05
2025-07-01 00:00:00.007000+00:00,5.998e-05
2025-07-01 08:00:00.002000+00:00,-0.0001059
2025-07-01 16:00:00+00:00,1.31e-05
2025-07-02 00:00:00.001000+00:00,-9.383e-05
2025-07-02 08:00:00+00:00,-6.31e-05
2025-07-02 16:00:00.003000+00:00,0.0001
2025-07-03 00:00:00.006000+00:00,0.0001
2025-07-03 08:00:00.003000+00:00,0.0001
2025-07-03 16:00:00.003000+00:00,0.0001
2025-07-04 00:00:00.005000+00:00,0.0001
2025-07-04 08:00:00.003000+00:00,0.0001
2025-07-04 16:00:00.001000+00:00,-5.577e-05
2025-07-05 00:00:00.004000+00:00,-0.00013936
2025-07-05 08:00:00.009000+00:00,-0.00010665
2025-07-05 16:00:00.006000+00:00,-2.736e-05
2025-07-06 00:00:00.001000+00:00,-6.61e-05
2025-07-06 08:00:00.002000+00:00,-9.936e-05
2025-07-06 16:00:00.004000+00:00,3.339e-05
2025-07-07 00:00:00+00:00,9.604e-05
2025-07-07 08:00:00.007000+00:00,0.0001
2025-07-07 16:00:00+00:00,4.546e-05
2025-07-08 00:00:00.010000+00:00,4.471e-05
2025-07-08 08:00:00.003000+00:00,-7.32e-06
2025-07-08 16:00:00+00:00,7.188e-05
2025-07-09 00:00:00.002000+00:00,0.0001
2025-07-09 08:00:00.006000+00:00,0.0001
2025-07-09 16:00:00.001000+00:00,0.0001
2025-07-10 00:00:00.003000+00:00,0.0001
2025-07-10 08:00:00+00:00,0.0001
2025-07-10 16:00:00.004000+00:00,0.0001
2025-07-11 00:00:00.004000+00:00,0.0001
2025-07-11 08:00:00.007000+00:00,0.0001
2025-07-11 16:00:00.001000+00:00,0.0001
2025-07-12 00:00:00+00:00,0.0001
2025-07-12 08:00:00.001000+00:00,0.0001
2025-07-12 16:00:00.002000+00:00,0.0001
2025-07-13 00:00:00.006000+00:00,0.0001
2025-07-13 08:00:00.001000+00:00,7.013e-05
2025-07-13 16:00:00.003000+00:00,8.91e-05
2025-07-14 00:00:00+00:00,7.225e-05
2025-07-14 08:00:00+00:00,0.0001
2025-07-14 16:00:00+00:00,0.0001
2025-07-15 00:00:00.002000+00:00,4.688e-05
2025-07-15 08:00:00+00:00,8.674e-05
2025-07-15 16:00:00+00:00,6.731e-05
2025-07-16 00:00:00+00:00,0.0001
2025-07-16 08:00:00+00:00,0.0001
2025-07-16 16:00:00.008000+00:00,0.0001
2025-07-17 00:00:00.003000+00:00,0.0001
2025-07-17 08:00:00+00:00,0.0001
2025-07-17 16:00:00+00:00,0.0001
2025-07-18 00:00:00.004000+00:00,0.0001
2025-07-18 08:00:00+00:00,0.0001
2025-07-18 16:00:00+00:00,0.0001
2025-07-19 00:00:00.009000+00:00,0.0001
2025-07-19 08:00:00+00:00,0.0001
2025-07-19 16:00:00.002000+00:00,0.0001
2025-07-20 00:00:00+00:00,0.0001
2025-07-20 08:00:00+00:00,0.0001
2025-07-20 16:00:00+00:00,0.0001
2025-07-21 00:00:00.001000+00:00,0.0001
2025-07-21 08:00:00+00:00,0.0001
2025-07-21 16:00:00.001000+00:00,0.0001
2025-07-22 00:00:00+00:00,0.0001
2025-07-22 08:00:00.010000+00:00,0.0001
2025-07-22 16:00:00.007000+00:00,0.0001
2025-07-23 00:00:00+00:00,0.0001
2025-07-23 08:00:00.004000+00:00,0.0001
2025-07-23 16:00:00.002000+00:00,0.0001
2025-07-24 00:00:00+00:00,0.0001
2025-07-24 08:00:00.001000+00:00,7.045e-05
2025-07-24 16:00:00+00:00,0.0001
2025-07-25 00:00:00+00:00,0.0001
2025-07-25 08:00:00+00:00,1.297e-05
2025-07-25 16:00:00+00:00,0.0001
2025-07-26 00:00:00.001000+00:00,0.0001
2025-07-26 08:00:00.005000+00:00,0.0001
2025-07-26 16:00:00.001000+00:00,0.0001
2025-07-27 00:00:00.001000+00:00,0.0001
2025-07-27 08:00:00+00:00,0.0001
2025-07-27 16:00:00.008000+00:00,0.0001
2025-07-28 00:00:00.005000+00:00,0.0001
2025-07-28 08:00:00+00:00,0.0001
2025-07-28 16:00:00+00:00,0.0001
2025-07-29 00:00:00.001000+00:00,0.0001
2025-07-29 08:00:00+00:00,5.839e-05
2025-07-29 16:00:00+00:00,4.066e-05
2025-07-30 00:00:00.011000+00:00,-1.345e-05
2025-07-30 08:00:00+00:00,-5.16e-06
2025-07-30 16:00:00.008000+00:00,4.371e-05
2025-07-31 00:00:00+00:00,3.826e-05
2025-07-31 08:00:00.009000+00:00,7.595e-05
2025-07-31 16:00:00+00:00,-2.256e-05
2025-08-01 00:00:00.001000+00:00,-5.463e-05
2025-08-01 08:00:00.003000+00:00,5.662e-05
2025-08-01 16:00:00+00:00,2.547e-05
2025-08-02 00:00:00.004000+00:00,0.0001
2025-08-02 08:00:00+00:00,0.0001
2025-08-02 16:00:00+00:00,6.685e-05
2025-08-03 00:00:00+00:00,0.0001
2025-08-03 08:00:00+00:00,8.227e-05
2025-08-03 16:00:00.003000+00:00,5.055e-05
2025-08-04 00:00:00.004000+00:00,3.25e-06
2025-08-04 08:00:00+00:00,-1.958e-05
2025-08-04 16:00:00.002000+00:00,2.688e-05
2025-08-05 00:00:00+00:00,6.07e-05
2025-08-05 08:00:00+00:00,3.299e-05
2025-08-05 16:00:00+00:00,0.0001
2025-08-06 00:00:00.005000+00:00,9.59e-06
2025-08-06 08:00:00+00:00,0.0001
2025-08-06 16:00:00+00:00,6.205e-05
2025-08-07 00:00:00.003000+00:00,9.385e-05
2025-08-07 08:00:00.002000+00:00,0.0001
2025-08-07 16:00:00.002000+00:00,0.0001
2025-08-08 00:00:00.002000+00:00,0.0001
2025-08-08 08:00:00.004000+00:00,0.0001
2025-08-08 16:00:00+00:00,0.0001
2025-08-09 00:00:00.005000+00:00,0.0001
2025-08-09 08:00:00+00:00,0.0001
2025-08-09 16:00:00.007000+00:00,0.0001
2025-08-10 00:00:00.003000+00:00,0.0001
2025-08-10 08:00:00.005000+00:00,0.0001
2025-08-10 16:00:00.002000+00:00,0.0001
2025-08-11 00:00:00+00:00,0.0001
2025-08-11 08:00:00+00:00,0.0001
2025-08-11 16:00:00+00:00,2.384e-05
2025-08-12 00:00:00+00:00,-2.2e-07
2025-08-12 08:00:00.001000+00:00,4.313e-05
2025-08-12 16:00:00.005000+00:00,0.0001
2025-08-13 00:00:00+00:00,0.0001
2025-08-13 08:00:00.002000+00:00,0.0001
2025-08-13 16:00:00.006000+00:00,0.0001
2025-08-14 00:00:00.002000+00:00,0.0001
2025-08-14 08:00:00.003000+00:00,0.0001
2025-08-14 16:00:00+00:00,0.0001
2025-08-15 00:00:00+00:00,2.695e-05
2025-08-15 08:00:00+00:00,0.0001
2025-08-15 16:00:00+00:00,0.0001
2025-08-16 00:00:00.004000+00:00,-0.0001413
2025-08-16 08:00:00+00:00,1.004e-05
2025-08-16 16:00:00.002000+00:00,7.213e-05
2025-08-17 00:00:00+00:00,8.594e-05
2025-08-17 08:00:00.001000+00:00,0.0001
2025-08-17 16:00:00.007000+00:00,0.0001
2025-08-18 00:00:00+00:00,0.0001
2025-08-18 08:00:00.001000+00:00,-0.00016208
2025-08-18 16:00:00.002000+00:00,-7.532e-05
2025-08-19 00:00:00+00:00,7.399e-05
2025-08-19 08:00:00.001000+00:00,-9.655e-05
2025-08-19 16:00:00+00:00,1.44e-05
2025-08-20 00:00:00+00:00,4.597e-05
2025-08-20 08:00:00+00:00,-8.58e-06
2025-08-20 16:00:00+00:00,0.0001
2025-08-21 00:00:00.006000+00:00,0.0001
2025-08-21 08:00:00+00:00,0.0001
2025-08-21 16:00:00.003000+00:00,0.0001
2025-08-22 00:00:00.010000+00:00,0.0001
2025-08-22 08:00:00.007000+00:00,0.0001
2025-08-22 16:00:00.001000+00:00,0.0001
2025-08-23 00:00:00.004000+00:00,0.0001
2025-08-23 08:00:00.006000+00:00,0.0001
2025-08-23 16:00:00+00:00,0.0001
2025-08-24 00:00:00.001000+00:00,0.0001
2025-08-24 08:00:00.002000+00:00,0.0001
2025-08-24 16:00:00.001000+00:00,0.0001
2025-08-25 00:00:00+00:00,0.0001
2025-08-25 08:00:00.002000+00:00,0.0001
2025-08-25 16:00:00.002000+00:00,-7.257e-05
2025-08-26 00:00:00+00:00,-8.551e-05
2025-08-26 08:00:00+00:00,-1.087e-05
2025-08-26 16:00:00+00:00,6.382e-05
2025-08-27 00:00:00.003000+00:00,0.0001
2025-08-27 08:00:00+00:00,0.0001
2025-08-27 16:00:00.009000+00:00,0.0001
2025-08-28 00:00:00+00:00,0.0001
2025-08-28 08:00:00.005000+00:00,0.0001
2025-08-28 16:00:00.004000+00:00,7.493e-05
2025-08-29 00:00:00+00:00,0.0001
2025-08-29 08:00:00+00:00,0.0001
2025-08-29 16:00:00.005000+00:00,2.413e-05
2025-08-30 00:00:00+00:00,7.189e-05
2025-08-30 08:00:00.002000+00:00,0.0001
2025-08-30 16:00:00.003000+00:00,5.072e-05
2025-08-31 00:00:00.016000+00:00,8.643e-05
2025-08-31 08:00:00+00:00,0.0001
2025-08-31 16:00:00.001000+00:00,0.0001
2025-09-01 00:00:00+00:00,-9.98e-06
2025-09-01 08:00:00+00:00,-7.953e-05
2025-09-01 16:00:00.001000+00:00,0.0001
2025-09-02 00:00:00+00:00,-0.00010841
2025-09-02 08:00:00.005000+00:00,0.0001
2025-09-02 16:00:00.007000+00:00,0.0001
2025-09-03 00:00:00.006000+00:00,0.0001
2025-09-03 08:00:00.002000+00:00,0.0001
2025-09-03 16:00:00.002000+00:00,0.0001
2025-09-04 00:00:00.002000+00:00,0.0001
2025-09-04 08:00:00+00:00,0.0001
2025-09-04 16:00:00+00:00,0.0001
2025-09-05 00:00:00.001000+00:00,3.477e-05
2025-09-05 08:00:00.006000+00:00,4.504e-05
2025-09-05 16:00:00+00:00,0.0001
2025-09-06 00:00:00+00:00,0.0001
2025-09-06 08:00:00.005000+00:00,5.766e-05
2025-09-06 16:00:00+00:00,0.0001
2025-09-07 00:00:00+00:00,0.0001
2025-09-07 08:00:00+00:00,0.0001
2025-09-07 16:00:00+00:00,0.0001
2025-09-08 00:00:00.007000+00:00,0.0001
2025-09-08 08:00:00+00:00,0.0001
2025-09-08 16:00:00+00:00,0.0001
2025-09-09 00:00:00+00:00,0.0001
2025-09-09 08:00:00+00:00,0.0001
2025-09-09 16:00:00+00:00,0.0001
2025-09-10 00:00:00+00:00,0.0001
2025-09-10 08:00:00.002000+00:00,0.0001
2025-09-10 16:00:00+00:00,0.0001
2025-09-11 00:00:00+00:00,0.0001
2025-09-11 08:00:00+00:00,0.0001
2025-09-11 16:00:00.001000+00:00,9.879e-05
2025-09-12 00:00:00.002000+00:00,4.899e-05
2025-09-12 08:00:00.001000+00:00,6.657e-05
2025-09-12 16:00:00.005000+00:00,-1.437e-05
2025-09-13 00:00:00.005000+00:00,7.266e-05
2025-09-13 08:00:00.002000+00:00,0.0001
2025-09-13 16:00:00+00:00,0.0001
2025-09-14 00:00:00.006000+00:00,-9.514e-05
2025-09-14 08:00:00+00:00,4.558e-05
2025-09-14 16:00:00.001000+00:00,4.187e-05
2025-09-15 00:00:00.006000+00:00,0.0001
2025-09-15 08:00:00.002000+00:00,-4.093e-05
2025-09-15 16:00:00.001000+00:00,-2.835e-05
2025-09-16 00:00:00.001000+00:00,0.0001
2025-09-16 08:00:00+00:00,0.0001
2025-09-16 16:00:00+00:00,0.0001
2025-09-17 00:00:00.001000+00:00,1e-05
2025-09-17 08:00:00+00:00,1.351e-05
2025-09-17 16:00:00.003000+00:00,-9.96e-06
2025-09-18 00:00:00.006000+00:00,0.0001
2025-09-18 08:00:00.002000+00:00,0.0001
2025-09-18 16:00:00+00:00,0.0001
2025-09-19 00:00:00+00:00,0.0001
2025-09-19 08:00:00.005000+00:00,0.0001
2025-09-19 16:00:00+00:00,0.0001
2025-09-20 00:00:00+00:00,0.0001
2025-09-20 08:00:00+00:00,3.5e-07
2025-09-20 16:00:00.002000+00:00,-4.382e-05
2025-09-21 00:00:00+00:00,-5.963e-05
2025-09-21 08:00:00+00:00,0.0001
2025-09-21 16:00:00+00:00,7.117e-05
2025-09-22 00:00:00.005000+00:00,1.599e-05
2025-09-22 08:00:00.003000+00:00,-2.971e-05
2025-09-22 16:00:00+00:00,0.0001
2025-09-23 00:00:00+00:00,0.0001
2025-09-23 08:00:00.001000+00:00,0.0001
2025-09-23 16:00:00+00:00,0.0001
2025-09-24 00:00:00.003000+00:00,-2.64e-05
2025-09-24 08:00:00.001000+00:00,2.535e-05
2025-09-24 16:00:00.002000+00:00,7.734e-05
2025-09-25 00:00:00+00:00,-2.175e-05
2025-09-25 08:00:00.001000+00:00,1.37e-06
2025-09-25 16:00:00+00:00,9.259e-05
2025-09-26 00:00:00+00:00,2.414e-05
2025-09-26 08:00:00+00:00,9.031e-05
2025-09-26 16:00:00.008000+00:00,2.573e-05
2025-09-27 00:00:00+00:00,-2.83e-06
2025-09-27 08:00:00.010000+00:00,0.0001
2025-09-27 16:00:00.003000+00:00,7.09e-06
2025-09-28 00:00:00+00:00,0.0001
2025-09-28 08:00:00+00:00,0.0001
2025-09-28 16:00:00+00:00,0.0001
2025-09-29 00:00:00+00:00,0.0001
2025-09-29 08:00:00.002000+00:00,4.536e-05
2025-09-29 16:00:00.001000+00:00,5.735e-05
2025-09-30 00:00:00.002000+00:00,9.104e-05
2025-09-30 08:00:00.005000+00:00,-2.524e-05
2025-09-30 16:00:00+00:00,-6.12e-06
2025-10-01 00:00:00+00:00,0.0001
2025-10-01 08:00:00+00:00,0.0001
2025-10-01 16:00:00+00:00,1.998e-05
2025-10-02 00:00:00+00:00,9.717e-05
2025-10-02 08:00:00.013000+00:00,-1.316e-05
2025-10-02 16:00:00+00:00,-8.954e-05
2025-10-03 00:00:00.006000+00:00,0.0001
2025-10-03 08:00:00.006000+00:00,0.0001
2025-10-03 16:00:00+00:00,-5.156e-05
2025-10-04 00:00:00.001000+00:00,0.0001
2025-10-04 08:00:00+00:00,0.0001
2025-10-04 16:00:00+00:00,-0.00014455
2025-10-05 00:00:00+00:00,-0.00016766
2025-10-05 08:00:00.003000+00:00,0.0001
2025-10-05 16:00:00.009000+00:00,-9.755e-05
2025-10-06 00:00:00.004000+00:00,-0.00018863
2025-10-06 08:00:00.002000+00:00,0.0001
2025-10-06 16:00:00.004000+00:00,0.0001
2025-10-07 00:00:00+00:00,0.0001
2025-10-07 08:00:00.003000+00:00,0.0001
2025-10-07 16:00:00+00:00,-0.0001604
2025-10-08 00:00:00+00:00,4.142e-05
2025-10-08 08:00:00.006000+00:00,-3.537e-05
2025-10-08 16:00:00.002000+00:00,-1.182e-05
2025-10-09 00:00:00.001000+00:00,0.0001
2025-10-09 08:00:00+00:00,0.0001
2025-10-09 16:00:00+00:00,6.446e-05
2025-10-10 00:00:00.005000+00:00,0.0001
2025-10-10 08:00:00.002000+00:00,0.0001
2025-10-10 16:00:00.014000+00:00,0.0001
2025-10-11 00:00:00+00:00,0.0001
2025-10-11 08:00:00.003000+00:00,-0.00026718
2025-10-11 16:00:00+00:00,-0.00027333
2025-10-12 00:00:00.004000+00:00,-9.953e-05
2025-10-12 08:00:00.002000+00:00,-0.00023162
2025-10-12 16:00:00+00:00,-0.00053536
2025-10-13 00:00:00.003000+00:00,-0.0006628
2025-10-13 08:00:00.002000+00:00,-0.00051614
2025-10-13 16:00:00.003000+00:00,-0.00014938
2025-10-14 00:00:00+00:00,2.897e-05
2025-10-14 08:00:00+00:00,-0.00015632
2025-10-14 16:00:00+00:00,-0.00029769
2025-10-15 00:00:00.006000+00:00,2.027e-05
2025-10-15 08:00:00.002000+00:00,-8.911e-05
2025-10-15 16:00:00+00:00,-0.00026345
2025-10-16 00:00:00+00:00,-0.0002052
2025-10-16 08:00:00.003000+00:00,-0.00020345
2025-10-16 16:00:00.002000+00:00,-4.769e-05
2025-10-17 00:00:00.001000+00:00,-0.0002588
2025-10-17 08:00:00.005000+00:00,7.469e-05
2025-10-17 16:00:00.003000+00:00,-2.137e-05
2025-10-18 00:00:00+00:00,7.571e-05
2025-10-18 08:00:00.002000+00:00,3.564e-05
2025-10-18 16:00:00.001000+00:00,5.427e-05
2025-10-19 00:00:00.001000+00:00,3.651e-05
2025-10-19 08:00:00.001000+00:00,5.833e-05
2025-10-19 16:00:00.001000+00:00,5.545e-05
2025-10-20 00:00:00.004000+00:00,-4.892e-05
2025-10-20 08:00:00.001000+00:00,7.537e-05
2025-10-20 16:00:00+00:00,-0.00017217
2025-10-21 00:00:00.009000+00:00,0.0001
2025-10-21 08:00:00+00:00,-0.00012126
2025-10-21 16:00:00+00:00,7.501e-05
2025-10-22 00:00:00.004000+00:00,0.0001
2025-10-22 08:00:00+00:00,-8.648e-05
2025-10-22 16:00:00+00:00,3.38e-06
2025-10-23 00:00:00+00:00,-9.38e-06
2025-10-23 08:00:00.001000+00:00,-8.649e-05
2025-10-23 16:00:00.004000+00:00,0.0001
2025-10-24 00:00:00+00:00,0.0001
2025-10-24 08:00:00+00:00,0.0001
2025-10-24 16:00:00.009000+00:00,-2.149e-05
2025-10-25 00:00:00+00:00,0.0001
2025-10-25 08:00:00.001000+00:00,0.0001
2025-10-25 16:00:00.001000+00:00,-1.14e-06
2025-10-26 00:00:00.001000+00:00,0.0001
2025-10-26 08:00:00.001000+00:00,4.657e-05
2025-10-26 16:00:00+00:00,2.498e-05
2025-10-27 00:00:00+00:00,9.672e-05
2025-10-27 08:00:00.005000+00:00,-6.474e-05
2025-10-27 16:00:00+00:00,6.498e-05
2025-10-28 00:00:00+00:00,-0.0001436
2025-10-28 08:00:00+00:00,-6.008e-05
2025-10-28 16:00:00.004000+00:00,-7.477e-05
2025-10-29 00:00:00.004000+00:00,-0.00015923
2025-10-29 08:00:00.005000+00:00,-1.607e-05
2025-10-29 16:00:00+00:00,-1.011e-05
2025-10-30 00:00:00.004000+00:00,7.321e-05
2025-10-30 08:00:00.008000+00:00,-6.709e-05
2025-10-30 16:00:00.001000+00:00,-0.00039812
2025-10-31 00:00:00+00:00,-0.00032409
2025-10-31 08:00:00.008000+00:00,-0.00017287
2025-10-31 16:00:00.007000+00:00,-0.00016495
2025-11-01 00:00:00.001000+00:00,-5.841e-05
2025-11-01 08:00:00+00:00,-4.186e-05
2025-11-01 16:00:00+00:00,8.591e-05
2025-11-02 00:00:00.007000+00:00,5.762e-05
2025-11-02 08:00:00+00:00,2.421e-05
2025-11-02 16:00:00.001000+00:00,-6.52e-05
2025-11-03 00:00:00+00:00,-0.00022845
2025-11-03 08:00:00.010000+00:00,-0.00045881
2025-11-03 16:00:00+00:00,-0.00022582
2025-11-04 00:00:00.002000+00:00,-0.00032402
2025-11-04 08:00:00.004000+00:00,3.225e-05
2025-11-04 16:00:00+00:00,4.729e-05
2025-11-05 00:00:00+00:00,4.429e-05
2025-11-05 08:00:00+00:00,3.148e-05
2025-11-05 16:00:00.004000+00:00,-7.199e-05
2025-11-06 00:00:00.001000+00:00,9.319e-05
2025-11-06 08:00:00+00:00,-1.947e-05
2025-11-06 16:00:00.001000+00:00,-7.415e-05
2025-11-07 00:00:00.005000+00:00,-1.097e-05
2025-11-07 08:00:00.003000+00:00,8.768e-05
2025-11-07 16:00:00.005000+00:00,2.819e-05
2025-11-08 00:00:00.011000+00:00,0.0001
2025-11-08 08:00:00.015000+00:00,0.0001
2025-11-08 16:00:00.001000+00:00,2.92e-06
2025-11-09 00:00:00.004000+00:00,-2.506e-05
2025-11-09 08:00:00+00:00,-7.441e-05
2025-11-09 16:00:00.005000+00:00,-9.611e-05
2025-11-10 00:00:00+00:00,6.986e-05
2025-11-10 08:00:00+00:00,-5.556e-05
2025-11-10 16:00:00.003000+00:00,-0.00011515
2025-11-11 00:00:00.007000+00:00,4.93e-06
2025-11-11 08:00:00+00:00,-6.623e-05
2025-11-11 16:00:00.009000+00:00,-0.00013108
2025-11-12 00:00:00+00:00,-3.555e-05
2025-11-12 08:00:00.002000+00:00,-0.00027446
2025-11-12 16:00:00+00:00,-7.449e-05
2025-11-13 00:00:00.002000+00:00,-0.00041211
2025-11-13 08:00:00+00:00,4.726e-05
2025-11-13 16:00:00.001000+00:00,7.101e-05
2025-11-14 00:00:00+00:00,-0.00051425
2025-11-14 08:00:00+00:00,-0.00014474
2025-11-14 16:00:00.001000+00:00,-0.00021089
2025-11-15 00:00:00.005000+00:00,-0.00035835
2025-11-15 08:00:00+00:00,-0.00020236
2025-11-15 16:00:00.001000+00:00,-2.679e-05
2025-11-16 00:00:00.001000+00:00,-8.437e-05
2025-11-16 08:00:00+00:00,-7.318e-05
2025-11-16 16:00:00+00:00,-0.00021347
2025-11-17 00:00:00.003000+00:00,-0.00015899
2025-11-17 08:00:00.003000+00:00,2.233e-05
2025-11-17 16:00:00+00:00,2.362e-05
2025-11-18 00:00:00.002000+00:00,-0.00031184
2025-11-18 08:00:00.004000+00:00,0.0001
2025-11-18 16:00:00+00:00,8.149e-05
2025-11-19 00:00:00+00:00,0.0001
2025-11-19 08:00:00+00:00,-0.00036276
2025-11-19 16:00:00.008000+00:00,4.941e-05
2025-11-20 00:00:00+00:00,0.0001
2025-11-20 08:00:00+00:00,0.0001
2025-11-20 16:00:00+00:00,0.0001
2025-11-21 00:00:00.001000+00:00,-0.00012666
2025-11-21 08:00:00+00:00,-0.00025188
2025-11-21 16:00:00.001000+00:00,-6.584e-05
2025-11-22 00:00:00.004000+00:00,-0.00026411
2025-11-22 08:00:00+00:00,-0.00019033
2025-11-22 16:00:00+00:00,-0.00030168
2025-11-23 00:00:00+00:00,-7.921e-05
2025-11-23 08:00:00.008000+00:00,-4.784e-05
2025-11-23 16:00:00.003000+00:00,-0.00030629
2025-11-24 00:00:00.004000+00:00,-0.00013773
2025-11-24 08:00:00+00:00,9.762e-05
2025-11-24 16:00:00.006000+00:00,1.047e-05
2025-11-25 00:00:00+00:00,9.583e-05
2025-11-25 08:00:00.009000+00:00,-0.00023848
2025-11-25 16:00:00.007000+00:00,-0.00026325
2025-11-26 00:00:00.001000+00:00,0.0001
2025-11-26 08:00:00.001000+00:00,-0.00015033
2025-11-26 16:00:00+00:00,-0.00022828
2025-11-27 00:00:00.013000+00:00,0.0001
2025-11-27 08:00:00+00:00,-0.00042724
2025-11-27 16:00:00.004000+00:00,-0.00013988
2025-11-28 00:00:00.008000+00:00,-0.00018374
2025-11-28 08:00:00+00:00,-0.00013977
2025-11-28 16:00:00.008000+00:00,-0.00023493
2025-11-29 00:00:00+00:00,-0.00035723
2025-11-29 08:00:00.005000+00:00,-0.00022956
2025-11-29 16:00:00.001000+00:00,6.718e-05
2025-11-30 00:00:00.003000+00:00,-0.00023187
2025-11-30 08:00:00+00:00,-0.00017582
2025-11-30 16:00:00.004000+00:00,-0.0002221
2025-12-01 00:00:00+00:00,-0.00022615
2025-12-01 08:00:00.004000+00:00,-0.00029747
2025-12-01 16:00:00+00:00,-7.768e-05
2025-12-02 00:00:00.004000+00:00,-0.00031049
2025-12-02 08:00:00+00:00,-0.00015567
2025-12-02 16:00:00+00:00,8.49e-06
2025-12-03 00:00:00+00:00,0.0001
2025-12-03 08:00:00+00:00,0.0001
2025-12-03 16:00:00.005000+00:00,2.826e-05
2025-12-04 00:00:00.012000+00:00,0.0001
2025-12-04 08:00:00+00:00,-2.219e-05
2025-12-04 16:00:00.011000+00:00,5.795e-05
2025-12-05 00:00:00+00:00,-3.53e-05
2025-12-05 08:00:00+00:00,1.52e-06
2025-12-05 16:00:00.010000+00:00,-0.00048547
2025-12-06 00:00:00.001000+00:00,-0.00031245
2025-12-06 08:00:00.001000+00:00,-0.00029315
2025-12-06 16:00:00.008000+00:00,-0.00018505
2025-12-07 00:00:00+00:00,-0.0001627
2025-12-07 08:00:00.004000+00:00,-1.474e-05
2025-12-07 16:00:00+00:00,-6.954e-05
2025-12-08 00:00:00+00:00,-2.728e-05
2025-12-08 08:00:00+00:00,4.09e-05
2025-12-08 16:00:00.001000+00:00,4.153e-05
2025-12-09 00:00:00.001000+00:00,8.315e-05
2025-12-09 08:00:00.001000+00:00,-2.959e-05
2025-12-09 16:00:00.007000+00:00,-3.152e-05
2025-12-10 00:00:00.007000+00:00,0.0001
2025-12-10 08:00:00.002000+00:00,0.0001
2025-12-10 16:00:00.012000+00:00,-3.527e-05
2025-12-11 00:00:00.001000+00:00,-3.851e-05
2025-12-11 08:00:00+00:00,-0.00043297
2025-12-11 16:00:00+00:00,-0.00026648
2025-12-12 00:00:00.005000+00:00,-6.569e-05
2025-12-12 08:00:00.007000+00:00,0.0001
2025-12-12 16:00:00.002000+00:00,1.966e-05
2025-12-13 00:00:00.001000+00:00,-7.446e-05
2025-12-13 08:00:00.006000+00:00,0.0001
2025-12-13 16:00:00+00:00,0.0001
2025-12-14 00:00:00+00:00,-2.531e-05
2025-12-14 08:00:00.003000+00:00,-6.531e-05
2025-12-14 16:00:00.005000+00:00,-0.0001637
2025-12-15 00:00:00+00:00,-0.00025413
2025-12-15 08:00:00+00:00,0.0001
2025-12-15 16:00:00+00:00,-0.00018294
2025-12-16 00:00:00.002000+00:00,-0.00027778
2025-12-16 08:00:00+00:00,-7.292e-05
2025-12-16 16:00:00.002000+00:00,-0.00012936
2025-12-17 00:00:00.004000+00:00,7.735e-05
2025-12-17 08:00:00+00:00,5.814e-05
2025-12-17 16:00:00+00:00,7.046e-05
2025-12-18 00:00:00.005000+00:00,-0.00016516
2025-12-18 08:00:00.007000+00:00,-0.00018937
2025-12-18 16:00:00.001000+00:00,-4.017e-05
2025-12-19 00:00:00+00:00,2.52e-06
2025-12-19 08:00:00.001000+00:00,8.92e-06
2025-12-19 16:00:00+00:00,8.514e-05
2025-12-20 00:00:00.005000+00:00,4.946e-05
2025-12-20 08:00:00+00:00,-4.413e-05
2025-12-20 16:00:00.002000+00:00,7.084e-05
2025-12-21 00:00:00+00:00,-9.783e-05
2025-12-21 08:00:00.009000+00:00,-2.829e-05
2025-12-21 16:00:00+00:00,-0.00019875
2025-12-22 00:00:00+00:00,2.22e-06
2025-12-22 08:00:00.005000+00:00,-4.666e-05
2025-12-22 16:00:00.009000+00:00,7.228e-05
2025-12-23 00:00:00+00:00,-0.00040648
2025-12-23 08:00:00+00:00,-0.00017327
2025-12-23 16:00:00.001000+00:00,-0.00030833
2025-12-24 00:00:00.001000+00:00,0.0001
2025-12-24 08:00:00.001000+00:00,-0.00022531
2025-12-24 16:00:00+00:00,1.332e-05
2025-12-25 00:00:00+00:00,6.002e-05
2025-12-25 08:00:00.001000+00:00,0.0001
2025-12-25 16:00:00.005000+00:00,7.241e-05
2025-12-26 00:00:00.004000+00:00,0.0001
2025-12-26 08:00:00.001000+00:00,0.0001
2025-12-26 16:00:00.007000+00:00,1.613e-05
2025-12-27 00:00:00+00:00,7.759e-05
2025-12-27 08:00:00+00:00,0.0001
2025-12-27 16:00:00.011000+00:00,0.0001
2025-12-28 00:00:00.008000+00:00,0.0001
2025-12-28 08:00:00+00:00,0.0001
2025-12-28 16:00:00+00:00,4.229e-05
2025-12-29 00:00:00.016000+00:00,-3.938e-05
2025-12-29 08:00:00.001000+00:00,0.0001
2025-12-29 16:00:00+00:00,-7.252e-05
2025-12-30 00:00:00.005000+00:00,-0.00019558
2025-12-30 08:00:00.001000+00:00,-1.846e-05
2025-12-30 16:00:00.003000+00:00,6.737e-05
2025-12-31 00:00:00.004000+00:00,-1.228e-05
2025-12-31 08:00:00.001000+00:00,0.0001
2025-12-31 16:00:00.001000+00:00,-4.85e-05
2026-01-01 00:00:00.008000+00:00,-0.00032128
2026-01-01 08:00:00.002000+00:00,-0.00017522
2026-01-01 16:00:00.001000+00:00,0.0001
2026-01-02 00:00:00.006000+00:00,0.0001
2026-01-02 08:00:00.007000+00:00,0.0001
2026-01-02 16:00:00+00:00,0.0001
2026-01-03 00:00:00.001000+00:00,6.28e-06
2026-01-03 08:00:00+00:00,0.0001
2026-01-03 16:00:00+00:00,0.0001
2026-01-04 00:00:00+00:00,2.393e-05
2026-01-04 08:00:00+00:00,-7.504e-05
2026-01-04 16:00:00.001000+00:00,-3.204e-05
2026-01-05 00:00:00+00:00,5.057e-05
2026-01-05 08:00:00+00:00,-3.513e-05
2026-01-05 16:00:00+00:00,2.317e-05
2026-01-06 00:00:00.010000+00:00,0.0001
2026-01-06 08:00:00+00:00,-2.719e-05
2026-01-06 16:00:00+00:00,8.095e-05
2026-01-07 00:00:00.001000+00:00,0.0001
2026-01-07 08:00:00.001000+00:00,-0.00022571
2026-01-07 16:00:00.001000+00:00,-0.00023088
2026-01-08 00:00:00.001000+00:00,3.646e-05
2026-01-08 08:00:00+00:00,-2.932e-05
2026-01-08 16:00:00+00:00,-4.638e-05
2026-01-09 00:00:00.003000+00:00,8.719e-05
2026-01-09 08:00:00+00:00,5.423e-05
2026-01-09 16:00:00.001000+00:00,2.423e-05
2026-01-10 00:00:00+00:00,7.392e-05
2026-01-10 08:00:00.002000+00:00,4.184e-05
2026-01-10 16:00:00.001000+00:00,0.0001
2026-01-11 00:00:00.003000+00:00,2.517e-05
2026-01-11 08:00:00.006000+00:00,6.14e-05
2026-01-11 16:00:00+00:00,3.998e-05
2026-01-12 00:00:00.005000+00:00,-8.889e-05
2026-01-12 08:00:00+00:00,0.0001
2026-01-12 16:00:00+00:00,-0.00020954
2026-01-13 00:00:00.007000+00:00,2.736e-05
2026-01-13 08:00:00.009000+00:00,6.528e-05
2026-01-13 16:00:00.002000+00:00,0.0001
2026-01-14 00:00:00+00:00,0.0001
2026-01-14 08:00:00.001000+00:00,0.0001
2026-01-14 16:00:00.004000+00:00,0.0001
2026-01-15 00:00:00+00:00,0.0001
2026-01-15 08:00:00.004000+00:00,3.052e-05
2026-01-15 16:00:00.002000+00:00,6.731e-05
2026-01-16 00:00:00+00:00,-8.092e-05
2026-01-16 08:00:00+00:00,-0.00010694
2026-01-16 16:00:00.001000+00:00,-8.5e-05
2026-01-17 00:00:00+00:00,-6.898e-05
2026-01-17 08:00:00+00:00,-6.19e-05
2026-01-17 16:00:00.002000+00:00,6.693e-05
2026-01-18 00:00:00.001000+00:00,5.9e-05
2026-01-18 08:00:00+00:00,-0.00015182
2026-01-18 16:00:00+00:00,-0.0001108
2026-01-19 00:00:00.007000+00:00,-2.658e-05
2026-01-19 08:00:00.007000+00:00,-0.00013154
2026-01-19 16:00:00.007000+00:00,-6.765e-05
2026-01-20 00:00:00.005000+00:00,6.924e-05
2026-01-20 08:00:00.001000+00:00,4.469e-05
2026-01-20 16:00:00.009000+00:00,-6.301e-05
2026-01-21 00:00:00.001000+00:00,-0.00010767
2026-01-21 08:00:00.011000+00:00,-4.449e-05
2026-01-21 16:00:00.011000+00:00,-0.00013232
2026-01-22 00:00:00.010000+00:00,-0.00016248
2026-01-22 08:00:00.003000+00:00,-0.00013554
2026-01-22 16:00:00.005000+00:00,-0.00013209
2026-01-23 00:00:00.005000+00:00,3.615e-05
2026-01-23 08:00:00+00:00,-5.667e-05
2026-01-23 16:00:00.011000+00:00,-2.167e-05
2026-01-24 00:00:00.011000+00:00,-0.00010217
2026-01-24 08:00:00.002000+00:00,-9.832e-05
2026-01-24 16:00:00.001000+00:00,-0.00010302
2026-01-25 00:00:00.002000+00:00,-0.00011989
2026-01-25 08:00:00.011000+00:00,-2.698e-05
2026-01-25 16:00:00.005000+00:00,1.641e-05
2026-01-26 00:00:00+00:00,-8.031e-05
2026-01-26 08:00:00.003000+00:00,-1.959e-05
2026-01-26 16:00:00+00:00,-6.103e-05
2026-01-27 00:00:00.002000+00:00,-2.8e-05
2026-01-27 08:00:00+00:00,-0.00017009
2026-01-27 16:00:00+00:00,-9.695e-05
2026-01-28 00:00:00+00:00,8.299e-05
2026-01-28 08:00:00+00:00,-0.00010146
2026-01-28 16:00:00+00:00,-4.468e-05
2026-01-29 00:00:00+00:00,-3.268e-05
2026-01-29 08:00:00.009000+00:00,-0.00010514
2026-01-29 16:00:00+00:00,-0.00040579
2026-01-30 00:00:00.008000+00:00,-0.00025243
2026-01-30 08:00:00+00:00,-0.00010311
2026-01-30 16:00:00.001000+00:00,-8.556e-05
2026-01-31 00:00:00+00:00,-4.705e-05
2026-01-31 08:00:00.001000+00:00,-0.00018237
2026-01-31 16:00:00.009000+00:00,-9.802e-05
2026-02-01 00:00:00.001000+00:00,-0.00027652
2026-02-01 08:00:00.004000+00:00,-2.716e-05
2026-02-01 16:00:00+00:00,-6.59e-06
2026-02-02 00:00:00+00:00,-0.00019592
2026-02-02 08:00:00.014000+00:00,-8.593e-05
2026-02-02 16:00:00+00:00,-7.085e-05
2026-02-03 00:00:00+00:00,-7.997e-05
2026-02-03 08:00:00.007000+00:00,-0.00020017
2026-02-03 16:00:00+00:00,-0.00013048
2026-02-04 00:00:00.002000+00:00,7.07e-06
2026-02-04 08:00:00.007000+00:00,2.75e-06
2026-02-04 16:00:00+00:00,-7.374e-05
2026-02-05 00:00:00.011000+00:00,2.379e-05
2026-02-05 08:00:00+00:00,8.64e-06
2026-02-05 16:00:00.007000+00:00,-4.897e-05
2026-02-06 00:00:00+00:00,-2.224e-05
2026-02-06 08:00:00.001000+00:00,-0.00011395
2026-02-06 16:00:00+00:00,-0.00010395
2026-02-07 00:00:00.003000+00:00,-0.00012259
2026-02-07 08:00:00+00:00,-3.046e-05
2026-02-07 16:00:00.010000+00:00,1.478e-05
2026-02-08 00:00:00.003000+00:00,8.17e-06
2026-02-08 08:00:00+00:00,-2.859e-05
2026-02-08 16:00:00+00:00,-0.00010932
2026-02-09 00:00:00.002000+00:00,-1.527e-05
2026-02-09 08:00:00.001000+00:00,-5.167e-05
2026-02-09 16:00:00.007000+00:00,-3.65e-05
2026-02-10 00:00:00+00:00,3.1e-05
2026-02-10 08:00:00.007000+00:00,-0.00010413
2026-02-10 16:00:00+00:00,-9.657e-05
2026-02-11 00:00:00+00:00,4.151e-05
2026-02-11 08:00:00.006000+00:00,-0.00020844
2026-02-11 16:00:00+00:00,-0.00017654
2026-02-12 00:00:00+00:00,-0.00016221
2026-02-12 08:00:00.001000+00:00,-2.035e-05
2026-02-12 16:00:00.001000+00:00,-4.439e-05
2026-02-13 00:00:00.007000+00:00,6.568e-05
2026-02-13 08:00:00.003000+00:00,-7.825e-05
2026-02-13 16:00:00.005000+00:00,2.44e-06
2026-02-14 00:00:00.002000+00:00,4.457e-05
2026-02-14 08:00:00.004000+00:00,1.984e-05
2026-02-14 16:00:00.002000+00:00,8.281e-05
2026-02-15 00:00:00+00:00,4.932e-05
2026-02-15 08:00:00.002000+00:00,7.451e-05
2026-02-15 16:00:00+00:00,-5.073e-05
2026-02-16 00:00:00.001000+00:00,-0.00012161
2026-02-16 08:00:00.003000+00:00,8.78e-06
2026-02-16 16:00:00+00:00,-9.667e-05
2026-02-17 00:00:00.008000+00:00,0.0001
2026-02-17 08:00:00.001000+00:00,-2.604e-05
2026-02-17 16:00:00.002000+00:00,2.971e-05
2026-02-18 00:00:00+00:00,0.0001
2026-02-18 08:00:00+00:00,-3.168e-05
2026-02-18 16:00:00.011000+00:00,-1.65e-06
2026-02-19 00:00:00.013000+00:00,-0.00018518
2026-02-19 08:00:00+00:00,-0.00012315
2026-02-19 16:00:00.003000+00:00,-0.00020288
2026-02-20 00:00:00+00:00,7.332e-05
2026-02-20 08:00:00+00:00,0.0001
2026-02-20 16:00:00+00:00,-1.021e-05
2026-02-21 00:00:00.004000+00:00,0.0001
2026-02-21 08:00:00+00:00,0.0001
2026-02-21 16:00:00.005000+00:00,0.0001
2026-02-22 00:00:00.001000+00:00,-4.892e-05
2026-02-22 08:00:00.004000+00:00,-0.00019539
2026-02-22 16:00:00+00:00,-8.429e-05
2026-02-23 00:00:00.001000+00:00,-0.00025411
2026-02-23 08:00:00+00:00,-0.00024751
2026-02-23 16:00:00+00:00,5.861e-05
2026-02-24 00:00:00.007000+00:00,-7.179e-05
2026-02-24 08:00:00+00:00,-0.0001454
2026-02-24 16:00:00.001000+00:00,-0.00019095
2026-02-25 00:00:00.001000+00:00,-5.472e-05
2026-02-25 08:00:00.007000+00:00,-5.8e-07
2026-02-25 16:00:00+00:00,0.0001
2026-02-26 00:00:00+00:00,0.0001
2026-02-26 08:00:00.006000+00:00,9.521e-05
2026-02-26 16:00:00.002000+00:00,1.331e-05
2026-02-27 00:00:00.007000+00:00,7.697e-05
2026-02-27 08:00:00+00:00,0.0001
2026-02-27 16:00:00.001000+00:00,-0.00011331
2026-02-28 00:00:00+00:00,-0.00011378
2026-02-28 08:00:00+00:00,-3.551e-05
2026-02-28 16:00:00.004000+00:00,-7.364e-05
2026-03-01 00:00:00.005000+00:00,0.0001
2026-03-01 08:00:00+00:00,0.0001
2026-03-01 16:00:00.002000+00:00,7.448e-05
2026-03-02 00:00:00.001000+00:00,3.66e-06
2026-03-02 08:00:00.007000+00:00,0.0001
2026-03-02 16:00:00+00:00,3.843e-05
2026-03-03 00:00:00+00:00,2.09e-05
2026-03-03 08:00:00+00:00,-3.858e-05
2026-03-03 16:00:00.007000+00:00,-0.00011151
2026-03-04 00:00:00.001000+00:00,8.14e-05
2026-03-04 08:00:00.005000+00:00,8.291e-05
2026-03-04 16:00:00+00:00,0.0001
2026-03-05 00:00:00+00:00,0.0001
2026-03-05 08:00:00+00:00,1.206e-05
2026-03-05 16:00:00.004000+00:00,1.535e-05
2026-03-06 00:00:00.001000+00:00,7.637e-05
2026-03-06 08:00:00.001000+00:00,-6.713e-05
2026-03-06 16:00:00.004000+00:00,-0.00022904
2026-03-07 00:00:00.001000+00:00,-9.55e-06
2026-03-07 08:00:00.012000+00:00,-6.226e-05
2026-03-07 16:00:00.001000+00:00,-0.00014645
2026-03-08 00:00:00.001000+00:00,-0.00013545
2026-03-08 08:00:00+00:00,-0.0001422
2026-03-08 16:00:00.002000+00:00,2.183e-05
2026-03-09 00:00:00+00:00,-0.00016421
2026-03-09 08:00:00.004000+00:00,0.0001
2026-03-09 16:00:00.003000+00:00,0.0001
2026-03-10 00:00:00.012000+00:00,0.0001
2026-03-10 08:00:00.002000+00:00,0.0001
2026-03-10 16:00:00.001000+00:00,0.0001
2026-03-11 00:00:00+00:00,0.0001
2026-03-11 08:00:00.007000+00:00,4.794e-05
2026-03-11 16:00:00.010000+00:00,5.721e-05
2026-03-12 00:00:00+00:00,3.407e-05
2026-03-12 08:00:00+00:00,-1.745e-05
2026-03-12 16:00:00+00:00,-4.792e-05
2026-03-13 00:00:00.006000+00:00,0.0001
2026-03-13 08:00:00.001000+00:00,0.0001
2026-03-13 16:00:00+00:00,5.978e-05
2026-03-14 00:00:00.001000+00:00,-3.892e-05
2026-03-14 08:00:00+00:00,6.986e-05
2026-03-14 16:00:00.007000+00:00,-0.00017038
2026-03-15 00:00:00+00:00,-0.00012817
2026-03-15 08:00:00+00:00,6.67e-05
2026-03-15 16:00:00+00:00,0.0001
2026-03-16 00:00:00+00:00,6.667e-05
2026-03-16 08:00:00.010000+00:00,0.0001
2026-03-16 16:00:00+00:00,6.928e-05
2026-03-17 00:00:00+00:00,6.745e-05
2026-03-17 08:00:00.002000+00:00,-9.192e-05
2026-03-17 16:00:00.011000+00:00,-7.364e-05
2026-03-18 00:00:00.002000+00:00,0.0001
2026-03-18 08:00:00.002000+00:00,2.14e-06
2026-03-18 16:00:00.005000+00:00,-0.00018495
2026-03-19 00:00:00+00:00,-5.21e-05
2026-03-19 08:00:00.003000+00:00,4.224e-05
2026-03-19 16:00:00.003000+00:00,3.639e-05
2026-03-20 00:00:00.002000+00:00,-6.435e-05
2026-03-20 08:00:00+00:00,5.319e-05
2026-03-20 16:00:00+00:00,7.169e-05
2026-03-21 00:00:00+00:00,-1.362e-05
2026-03-21 08:00:00+00:00,9.8e-06
2026-03-21 16:00:00.014000+00:00,0.0001
2026-03-22 00:00:00.012000+00:00,5.271e-05
2026-03-22 08:00:00.007000+00:00,-6.941e-05
2026-03-22 16:00:00.002000+00:00,-0.00024677
2026-03-23 00:00:00+00:00,-1.936e-05
2026-03-23 08:00:00.003000+00:00,4.707e-05
2026-03-23 16:00:00.002000+00:00,0.0001
2026-03-24 00:00:00+00:00,2.947e-05
2026-03-24 08:00:00+00:00,7.594e-05
2026-03-24 16:00:00.003000+00:00,4.978e-05
2026-03-25 00:00:00+00:00,0.0001
2026-03-25 08:00:00+00:00,0.0001
2026-03-25 16:00:00.013000+00:00,0.0001
2026-03-26 00:00:00.001000+00:00,0.0001
2026-03-26 08:00:00.001000+00:00,-2.701e-05
2026-03-26 16:00:00+00:00,-3.088e-05
2026-03-27 00:00:00.006000+00:00,-0.00019598
2026-03-27 08:00:00+00:00,-6.933e-05
2026-03-27 16:00:00+00:00,-9.949e-05
2026-03-28 00:00:00.005000+00:00,-6.645e-05
2026-03-28 08:00:00.005000+00:00,-0.00012344
2026-03-28 16:00:00+00:00,3.463e-05
2026-03-29 00:00:00.003000+00:00,-8.91e-06
2026-03-29 08:00:00.001000+00:00,1.594e-05
2026-03-29 16:00:00+00:00,-2.535e-05
2026-03-30 00:00:00+00:00,-2.78e-06
2026-03-30 08:00:00.005000+00:00,8.233e-05
2026-03-30 16:00:00+00:00,0.0001
2026-03-31 00:00:00+00:00,8.3e-06
2026-03-31 08:00:00+00:00,5.857e-05
2026-03-31 16:00:00+00:00,5.153e-05
2026-04-01 00:00:00+00:00,4.414e-05
2026-04-01 08:00:00+00:00,0.0001
2026-04-01 16:00:00+00:00,5.184e-05
2026-04-02 00:00:00.003000+00:00,-3.318e-05
2026-04-02 08:00:00.001000+00:00,-0.00021589
2026-04-02 16:00:00.001000+00:00,-7.622e-05
2026-04-03 00:00:00+00:00,-6.291e-05
2026-04-03 08:00:00.008000+00:00,0.0001
2026-04-03 16:00:00.008000+00:00,0.0001
2026-04-04 00:00:00+00:00,0.0001
2026-04-04 08:00:00.003000+00:00,-3.734e-05
2026-04-04 16:00:00+00:00,-2.07e-05
2026-04-05 00:00:00.008000+00:00,0.0001
2026-04-05 08:00:00+00:00,0.0001
2026-04-05 16:00:00.001000+00:00,-7.541e-05
2026-04-06 00:00:00.004000+00:00,7.568e-05
2026-04-06 08:00:00.001000+00:00,0.0001
2026-04-06 16:00:00.003000+00:00,0.0001
2026-04-07 00:00:00+00:00,2.909e-05
2026-04-07 08:00:00+00:00,-0.00039068
2026-04-07 16:00:00+00:00,-0.00033297
2026-04-08 00:00:00+00:00,0.0001
2026-04-08 08:00:00+00:00,0.0001
2026-04-08 16:00:00.006000+00:00,0.0001
2026-04-09 00:00:00+00:00,0.0001
2026-04-09 08:00:00.010000+00:00,0.0001
2026-04-09 16:00:00.001000+00:00,0.0001
2026-04-10 00:00:00+00:00,0.0001
2026-04-10 08:00:00.005000+00:00,4.899e-05
2026-04-10 16:00:00+00:00,6.798e-05
2026-04-11 00:00:00+00:00,9.138e-05
2026-04-11 08:00:00+00:00,-0.00012922
2026-04-11 16:00:00.003000+00:00,-6.367e-05
2026-04-12 00:00:00+00:00,0.0001
2026-04-12 08:00:00+00:00,-0.00010747
2026-04-12 16:00:00+00:00,-2.044e-05
2026-04-13 00:00:00.011000+00:00,2.741e-05
2026-04-13 08:00:00.006000+00:00,3.448e-05
2026-04-13 16:00:00+00:00,9.669e-05
2026-04-14 00:00:00.005000+00:00,0.0001
2026-04-14 08:00:00.003000+00:00,0.0001
2026-04-14 16:00:00.001000+00:00,-2.119e-05
2026-04-15 00:00:00+00:00,-7.68e-05
2026-04-15 08:00:00+00:00,8.944e-05
2026-04-15 16:00:00+00:00,0.0001
2026-04-16 00:00:00.013000+00:00,0.0001
2026-04-16 08:00:00+00:00,9.049e-05
2026-04-16 16:00:00+00:00,4.125e-05
2026-04-17 00:00:00.001000+00:00,0.0001
2026-04-17 08:00:00.011000+00:00,1.607e-05
2026-04-17 16:00:00.001000+00:00,0.0001
2026-04-18 00:00:00.001000+00:00,2.286e-05
2026-04-18 08:00:00.006000+00:00,1.69e-06
2026-04-18 16:00:00+00:00,-0.00014487
2026-04-19 00:00:00.002000+00:00,-1.7e-05
2026-04-19 08:00:00.010000+00:00,-5.152e-05
2026-04-19 16:00:00.001000+00:00,-6.607e-05
2026-04-20 00:00:00+00:00,-0.00012451
2026-04-20 08:00:00+00:00,6.762e-05
2026-04-20 16:00:00.001000+00:00,3.814e-05
2026-04-21 00:00:00+00:00,0.0001
2026-04-21 08:00:00.004000+00:00,5.977e-05
2026-04-21 16:00:00.004000+00:00,0.0001
2026-04-22 00:00:00.004000+00:00,7.63e-05
2026-04-22 08:00:00+00:00,0.0001
2026-04-22 16:00:00+00:00,6.902e-05
2026-04-23 00:00:00+00:00,1.153e-05
2026-04-23 08:00:00+00:00,-0.00010462
2026-04-23 16:00:00.004000+00:00,2.475e-05
2026-04-24 00:00:00.006000+00:00,1.636e-05
2026-04-24 08:00:00+00:00,7.408e-05
2026-04-24 16:00:00+00:00,0.0001
2026-04-25 00:00:00+00:00,0.0001
2026-04-25 08:00:00.002000+00:00,9.159e-05
2026-04-25 16:00:00.002000+00:00,7.239e-05
2026-04-26 00:00:00.003000+00:00,-0.00011823
2026-04-26 08:00:00.007000+00:00,7.142e-05
2026-04-26 16:00:00.004000+00:00,0.0001
2026-04-27 00:00:00.004000+00:00,4.208e-05
2026-04-27 08:00:00+00:00,-0.00018166
2026-04-27 16:00:00.002000+00:00,-0.00018323
2026-04-28 00:00:00.001000+00:00,-1.531e-05
2026-04-28 08:00:00+00:00,3.606e-05
2026-04-28 16:00:00.004000+00:00,3.877e-05
2026-04-29 00:00:00.006000+00:00,3.18e-06
2026-04-29 08:00:00.011000+00:00,0.0001
2026-04-29 16:00:00.003000+00:00,-3.289e-05
2026-04-30 00:00:00.002000+00:00,-8.624e-05
2026-04-30 08:00:00+00:00,-4.42e-06
2026-04-30 16:00:00+00:00,-1.738e-05
2026-05-01 00:00:00+00:00,5.137e-05
2026-05-01 08:00:00.005000+00:00,-6.777e-05
2026-05-01 16:00:00+00:00,0.0001
2026-05-02 00:00:00.006000+00:00,-8.26e-05
2026-05-02 08:00:00+00:00,-8.057e-05
2026-05-02 16:00:00.010000+00:00,8.7e-07
2026-05-03 00:00:00.005000+00:00,0.0001
2026-05-03 08:00:00.003000+00:00,-0.00020803
2026-05-03 16:00:00+00:00,1.803e-05
2026-05-04 00:00:00+00:00,6.46e-05
