timeframe,event_type,direction,param_name,param_value,horizon,symbols_with_event,total_occurrences,avg_forward_return,median_of_symbol_medians,weighted_win_rate,mean_std_forward_return,best_symbol_avg_return,worst_symbol_avg_return
1h,large_return_atr,up,return_atr_abs,2.0,1,9,712,0.0019194538642945608,0.0003692818064641168,0.5168539325842697,0.011609802012656413,0.0031860447248379204,0.0008647241090279803
1h,combo_volume_return,up,ret_atr_and_vol_z,1.5_2,1,9,864,0.001556662983396775,0.0005635390250775529,0.5289351851851852,0.010862412681497105,0.003645445967041602,-0.0008521299707727174
1h,combo_volume_return,up,ret_atr_and_vol_z,1.5_1.5,1,9,1016,0.0015100434045376705,0.00042829931359400497,0.5206692913385826,0.01095921950708429,0.003035330565799126,-0.00023763589789797874
1h,large_return_pct,up,return_pct_abs,0.02,1,9,830,0.001380202136795691,-0.0001275424989826135,0.4987951807228916,0.012961194762167925,0.0030319957086949994,0.0006663227379275605
15m,large_return_pct,up,return_pct_abs,0.02,1,9,373,0.0012530140299574788,9.584511429516773e-05,0.4906166219839142,0.009885829279490851,0.002987708634960081,-0.0014515939223965894
1h,combo_volume_return,up,ret_atr_and_vol_z,1_2,1,9,1314,0.0009563401201812694,0.0002249887505625381,0.5091324200913242,0.010614244323148388,0.0021585548625286514,-0.0003448412274278926
1h,large_return_atr,up,return_atr_abs,1.5,1,9,1631,0.0009150477176621879,-0.00015940276163317613,0.4843654199877376,0.010350596879111825,0.0017619381338576008,-0.00027474837661382764
1h,combo_volume_return,up,ret_atr_and_vol_z,1_1.5,1,9,1682,0.000859175224799828,-1.0672173698933474e-05,0.4958382877526754,0.010631161056851891,0.001680315469975492,6.196324676128841e-05
1h,large_return_atr,up,return_atr_abs,1.0,1,9,4344,0.00046005181071102815,-0.0003391900142458715,0.47674953959484345,0.0090354802307161,0.0009894081500546011,0.00011374539372551025
1h,large_return_pct,up,return_pct_abs,0.01,1,9,4553,0.00020528207955173368,-0.0004587378274978904,0.4739732044805623,0.010094224441890011,0.00034106902771606474,1.3392004911841107e-06
1h,funding_extreme,negative,funding_z_abs,2.5,1,9,1856,0.00016354288051470406,0.00035273368606691946,0.5091594827586207,0.008497907921362586,0.001030801158752662,-0.0005231327846895738
1h,funding_extreme,negative,funding_z_abs,1.5,1,9,6554,0.00010908395507124504,8.300132802130378e-05,0.5019835215135795,0.00746170988011308,0.0006998026196167929,-0.0003164784912802095
1h,large_return_pct,up,return_pct_abs,0.005,1,9,13155,9.683674914661318e-05,-0.00038893626987518415,0.47852527556062335,0.008500370395096275,0.0003993119320524962,-8.325452623468906e-05
1h,volatility_expansion,all,atr_jump,2.0,1,9,737,8.866812195111785e-05,5.100479445085959e-05,0.4830393487109905,0.0107486249199251,0.0014476302630646563,-0.0008417433903490182
1h,volume_spike,all,volume_z,3.0,1,9,2523,8.194691759863769e-05,0.000510255354833733,0.5204122076892588,0.011594438029895064,0.0005382288606640147,-0.00025920402525605904
15m,large_return_atr,up,return_atr_abs,2.0,1,9,2570,7.811172530039959e-05,-0.0006254467476769499,0.43073929961089497,0.005935431879408478,0.0006629592692627389,-0.0004877060859413665
15m,large_return_pct,down,return_pct_abs,0.01,1,9,3219,7.417673338748174e-05,0.0005437988894414492,0.5271823547685617,0.015058669444032205,0.0006070869517906182,-0.0004906950967411088
1h,funding_extreme,negative,funding_z_abs,2.0,1,9,3492,6.70350275957574e-05,4.1980024631405044e-05,0.5008591065292096,0.00783152560616198,0.0007844727711637363,-0.0004657266735562545
15m,funding_extreme,negative,funding_z_abs,2.5,1,9,7448,4.739933726039802e-05,0.0,0.5020139634801289,0.0045312360711426535,0.00034205259324443375,-0.0001142961395610544
1h,volatility_expansion,all,atr_jump,1.2,1,9,18211,4.455634647556345e-05,7.955318541918999e-05,0.5010707813958597,0.00822888237086569,0.00020037614052331322,-0.0001753134122432328
15m,funding_extreme,negative,funding_z_abs,1.5,1,9,26258,3.8694181222583204e-05,1.878024961632363e-05,0.49672480767766014,0.004009584897548333,0.00022120626648434918,-7.730366241149575e-05
15m,volume_spike,all,volume_z,2.5,1,9,15911,3.76292594042693e-05,3.8617751957570334e-05,0.4989001319841619,0.008085482916776056,0.00021552211930389944,-0.00011087674459336606
15m,volatility_expansion,all,atr_jump,2.0,1,9,5289,2.8237547214895485e-05,9.810879933902505e-06,0.499149177538287,0.010563355568892797,0.0004310319311114423,-0.0003490225757501318
15m,funding_extreme,negative,funding_z_abs,2.0,1,9,13980,2.1446698288281362e-05,0.0,0.49721030042918457,0.004199006092627244,0.00022202492022686148,-9.461147923030387e-05
15m,volume_spike,all,volume_z,2.0,1,9,21408,1.554479674523085e-05,2.6778809813832183e-05,0.49813153961136025,0.0074664937745000555,0.0001598279978693436,-8.817303687325473e-05
15m,volatility_expansion,all,atr_jump,1.2,1,9,75712,1.5125025785813816e-05,0.0,0.49606403212172445,0.005202966919936084,4.3534628972817975e-05,-6.132928808322164e-06
15m,volume_spike,all,volume_z,3.0,1,9,12055,1.37275282633472e-05,3.7167330780629726e-05,0.4977187888842804,0.00881829378445574,0.00024159200697296837,-0.00013660508743029156
15m,volatility_expansion,all,atr_jump,1.5,1,9,28796,1.076514180997355e-05,0.0,0.49374913182386443,0.006540077655285602,7.8495441789004e-05,-6.734445340531435e-05
15m,volume_spike,all,volume_z,1.5,1,9,29866,4.765206220828511e-06,0.0,0.4992968593048952,0.006855092281135898,0.00012671703193929806,-8.660050127040685e-05
15m,large_return_atr,down,return_atr_abs,1.0,1,9,18984,-8.032637047032791e-06,0.00035700119000403596,0.5447218710493047,0.00717893856025389,0.00021175218451829466,-0.0001934807012953505
15m,combo_volume_return,down,ret_atr_and_vol_z,1_1.5,1,9,7479,-1.2132835495805534e-05,0.0004985638181564944,0.5548870169808798,0.010355334444507563,0.00046956850218179123,-0.0001868432855250107
15m,large_return_pct,down,return_pct_abs,0.005,1,9,18767,-2.2339361931217466e-05,0.00039184952978055243,0.5321042255022114,0.00803045002242527,0.00013579547474497586,-0.00014445797517800396
15m,combo_volume_return,up,ret_atr_and_vol_z,1.5_1.5,1,9,3753,-2.3075128020083214e-05,-0.0005734602592040172,0.4316546762589928,0.005547232316069113,0.0003424040150659569,-0.000287744345789817
15m,funding_extreme,positive,funding_z_abs,2.0,1,6,2426,-2.528079794581652e-05,-0.00020758352277841507,0.501648804616653,0.004781231259004526,0.0001931595015471851,-0.0019101085645542564
15m,large_return_atr,up,return_atr_abs,1.5,1,9,6258,-2.7512687315908957e-05,-0.000487867223074423,0.43512304250559286,0.005127678959612605,8.364429121177017e-05,-0.00014564216864555452
15m,large_return_pct,up,return_pct_abs,0.01,1,9,3476,-2.756418785608208e-05,-0.0007928638524236087,0.4487917146144994,0.007418938840542984,0.00034555947536522716,-0.0004046483129739262
15m,funding_flip,up,flip,neg_to_pos,1,8,35889,-3.2551970689121856e-05,-6.0666632746120275e-05,0.4820139875727939,0.003633142776249612,3.7504397184612875e-05,-0.0001064733891591755
15m,funding_flip,down,flip,pos_to_neg,1,8,35774,-3.495037959938463e-05,0.0,0.49097109632694136,0.003898205973704937,3.0884911927040904e-05,-6.997699844323961e-05
15m,funding_extreme,positive,funding_z_abs,1.5,1,7,7413,-3.766005449905404e-05,0.0,0.4966949952785647,0.003294326301951732,3.972729610810289e-05,-0.00019131639551580497
15m,combo_volume_return,down,ret_atr_and_vol_z,1_2,1,9,6067,-4.0521480173611403e-05,0.0004900759617740835,0.5518378111092798,0.01115410471664894,0.0004663843373060327,-0.00032638761539748056
1h,volatility_expansion,all,atr_jump,1.5,1,9,5430,-4.8057213408773425e-05,-0.0001371742112482588,0.49079189686924496,0.008869225639769768,0.00045678485789350906,-0.0009307899568269646
15m,combo_volume_return,up,ret_atr_and_vol_z,1_2,1,9,5325,-5.6386615965130246e-05,-0.00041679953775713985,0.4384976525821596,0.005223216123048429,0.0002783722049268299,-0.00043598417164718815
1h,funding_extreme,positive,funding_z_abs,2.0,1,6,602,-6.355181708779168e-05,-0.0010798887459256834,0.49169435215946844,0.009682975315445765,0.0008378279411547705,-0.00856692352070944
1h,volume_spike,all,volume_z,2.5,1,9,3482,-6.93891506962138e-05,0.0002644802962177284,0.5077541642734061,0.011281817909646483,0.0003455195395397984,-0.000397003437324735
15m,combo_volume_return,up,ret_atr_and_vol_z,1.5_2,1,9,3221,-7.193663222000471e-05,-0.0005835667600374572,0.4268860602297423,0.005542653815148801,0.0003159728634834812,-0.00036605600591885337
15m,combo_volume_return,up,ret_atr_and_vol_z,1_1.5,1,9,6709,-8.26258244986171e-05,-0.00040879935997928385,0.43747205246683557,0.005167470750660987,0.00021204879564899423,-0.0003244466158551237
15m,large_return_pct,up,return_pct_abs,0.005,1,9,18466,-8.280654346288195e-05,-0.0005492493592090808,0.44871656016462685,0.005360144617288877,0.00010888170750483108,-0.0002169837908591597
1h,funding_flip,down,flip,pos_to_neg,1,8,8918,-9.116074329514162e-05,0.0,0.48990805113254093,0.007272841950375994,0.0001189234933164506,-0.0002877748130410361
15m,funding_extreme,positive,funding_z_abs,2.5,1,4,1177,-9.18560191924956e-05,-0.00040207224935839836,0.49787595581988103,0.006845368275579396,0.0004042847852955345,-0.0019101085645542564
1h,large_return_pct,down,return_pct_abs,0.005,1,9,13052,-9.57363897564296e-05,0.00037989110397695924,0.5199969353355808,0.009264361967146147,5.764630948327354e-05,-0.00029044947749022924
1h,funding_flip,up,flip,neg_to_pos,1,8,8985,-9.845892514516234e-05,-5.6463160489628184e-05,0.4899276572064552,0.007178358829026226,0.00019249054156827977,-0.00034265676131545945
15m,large_return_atr,up,return_atr_abs,1.0,1,9,18683,-0.00010020960527379024,-0.0004319032536711509,0.43895519991436066,0.004255112703767348,3.7372953031569495e-05,-0.0002274618398371812
1h,volume_spike,all,volume_z,2.0,1,9,4842,-0.0001128015259048083,0.00011230593724287363,0.49876084262701365,0.01094105445839036,0.0003293481730787605,-0.0003376305469302367
1h,volume_spike,all,volume_z,1.5,1,9,7057,-0.0001422216445979865,0.0,0.49666997307637806,0.010983840676882219,5.169156107627743e-05,-0.0002949697926861447
1h,funding_extreme,positive,funding_z_abs,1.5,1,7,1845,-0.00018064297813154072,-0.0001996918419880367,0.4856368563685637,0.006440963211855625,0.00016566875020590223,-0.0006308469204198012
15m,large_return_atr,down,return_atr_abs,1.5,1,9,6259,-0.00019594585438778597,0.000341183026243308,0.5436970762102572,0.011006270316873991,0.00021036716141139368,-0.00048164986238437833
1h,funding_extreme,positive,funding_z_abs,2.5,1,4,289,-0.00024035364264632673,-0.003245771587234325,0.4740484429065744,0.014213718951666706,0.002206120972529788,-0.00856692352070944
15m,combo_volume_return,down,ret_atr_and_vol_z,1.5_1.5,1,9,4046,-0.00026210931386672634,0.0003496442385914067,0.5422639644092931,0.013218088210197446,0.00017251519869331667,-0.0006730285202785315
15m,combo_volume_return,down,ret_atr_and_vol_z,1.5_2,1,9,3516,-0.00030046259889802946,0.0003770959124141937,0.5420932878270762,0.01393558367159632,0.0001934644485285588,-0.0005557816468275891
1h,large_return_pct,down,return_pct_abs,0.01,1,9,4651,-0.0003496313420837184,0.000381898033225081,0.518168135884756,0.011721178695993617,4.009627110296228e-06,-0.0008375386621519128
1h,large_return_atr,down,return_atr_abs,1.0,1,9,4468,-0.0005780010264762739,0.00034738304770720596,0.5201432408236347,0.010472449339263216,1.578428820863827e-05,-0.000912366449595991
15m,large_return_atr,down,return_atr_abs,2.0,1,9,2438,-0.000621170054472669,0.00037412526703295423,0.5258408531583265,0.016380231056108027,-0.00015935842902580852,-0.001263483166813602
1h,large_return_pct,down,return_pct_abs,0.02,1,9,892,-0.0007010149707489903,0.0004816665663194275,0.5213004484304933,0.016693322816561648,0.0015883888947285773,-0.0029189266428568442
15m,large_return_pct,down,return_pct_abs,0.02,1,9,367,-0.0007518797428197561,0.0006268544443981394,0.4904632152588556,0.03762726935568453,0.0018805912156383113,-0.002643265999624611
1h,combo_volume_return,down,ret_atr_and_vol_z,1_1.5,1,9,1896,-0.0010556951684756945,0.0003583011877433817,0.5142405063291139,0.013011731661516793,-0.00045832130950277945,-0.0014300503663211637
1h,large_return_atr,down,return_atr_abs,1.5,1,9,1650,-0.0011137362570126665,0.00035961708795628766,0.5254545454545455,0.01354034942928494,-0.0005191705587993437,-0.0020516214427066253
1h,combo_volume_return,down,ret_atr_and_vol_z,1_2,1,9,1491,-0.0013170738200835009,0.0,0.5010060362173038,0.012592878447604415,-0.0005133234777405068,-0.002355338003983577
1h,combo_volume_return,down,ret_atr_and_vol_z,1.5_1.5,1,9,1110,-0.0013251636255163493,0.000269411067406633,0.5234234234234234,0.014900151592067827,-0.0008434364881321025,-0.0024836711069298944
1h,combo_volume_return,down,ret_atr_and_vol_z,1.5_2,1,9,958,-0.0014263996626028366,0.00030788657930203023,0.511482254697286,0.013859626509035832,0.0001318624384577862,-0.003278022660710932
1h,large_return_atr,down,return_atr_abs,2.0,1,9,723,-0.0020446946602080233,0.0006715086209582166,0.5311203319502075,0.015019965712562644,-0.0002579962974350898,-0.004894675682875606
15m,large_return_pct,down,return_pct_abs,0.02,3,9,367,0.004915319566088314,0.0017284539277624411,0.5722070844686649,0.03513556507177867,0.010977947741388383,-0.00018784127162047915
1h,large_return_atr,up,return_atr_abs,2.0,3,9,712,0.0017447791832503534,-0.00022930520522812525,0.5070224719101124,0.01650456788626954,0.004562051089847051,-0.0001006804773181339
1h,combo_volume_return,up,ret_atr_and_vol_z,1.5_1.5,3,9,1013,0.0013660250578964978,-0.0003125651177329214,0.5162882527147088,0.016289827627571387,0.003291719365277115,-0.00018067403782698406
1h,large_return_atr,up,return_atr_abs,1.5,3,9,1628,0.0013315165729688538,0.00016184480114722621,0.5116707616707616,0.015480678994684305,0.0025358278156903864,-3.670542134986145e-05
1h,large_return_pct,up,return_pct_abs,0.02,3,9,830,0.0011924775002085757,6.991035360615072e-05,0.5084337349397591,0.01988957012103695,0.002828674138603989,-0.0019082319590288026
1h,combo_volume_return,up,ret_atr_and_vol_z,1.5_2,3,9,861,0.0011673506878727236,-0.00012204051745168254,0.5145180023228804,0.01641526569958356,0.004067731714341783,-0.000871167453748787
1h,combo_volume_return,up,ret_atr_and_vol_z,1_2,3,9,1307,0.00048414127064489565,-0.00033900891174853953,0.49808722264728383,0.017015549784585925,0.0024840091662169613,-0.0008926228099225051
15m,large_return_pct,down,return_pct_abs,0.01,3,9,3219,0.00047188709779688484,0.0006875112974042974,0.5302889095992545,0.016787519050614978,0.0019395812010874,-0.00020979455756643274
1h,combo_volume_return,up,ret_atr_and_vol_z,1_1.5,3,9,1674,0.00043554261314081777,-0.00013848554155404535,0.4958183990442055,0.017010962576745177,0.00251223391583347,-0.0008083933637198645
1h,volume_spike,all,volume_z,3.0,3,9,2516,0.0003606351275030568,0.00016591143891375726,0.5095389507154213,0.01762640078209349,0.001108576284305593,-0.0008142401638770772
1h,large_return_atr,up,return_atr_abs,1.0,3,9,4335,0.00035269678289205094,-0.0003629764065335994,0.4918108419838524,0.01469792362160747,0.0013135308034624299,-0.0007090890061406355
1h,volume_spike,all,volume_z,2.5,3,9,3475,0.00031261503041904204,0.0004216626581474703,0.5102158273381295,0.017638417062511957,0.0013667326864772154,-0.0003719991190327972
1h,large_return_pct,up,return_pct_abs,0.01,3,9,4553,0.000269516743171431,-0.00032607008190899123,0.49132440149352075,0.016807479423847797,0.0012227389775691078,-0.0011082066725371198
15m,large_return_pct,up,return_pct_abs,0.02,3,9,373,0.0002416665729727749,0.0001418761913188904,0.5227882037533512,0.016693211308926214,0.0024009394876037676,-0.0029955086995978103
15m,combo_volume_return,up,ret_atr_and_vol_z,1.5_2,3,9,3221,0.00021692419732633134,-0.0003422909878657565,0.47407637379695744,0.009210826632511963,0.0010048660082362436,-0.0007285718495601895
15m,combo_volume_return,up,ret_atr_and_vol_z,1_2,3,9,5325,0.0002123157365335524,-0.0004263194414493854,0.4676056338028169,0.008986414118405027,0.0008551199670665125,-0.00038194101626515297
15m,combo_volume_return,up,ret_atr_and_vol_z,1.5_1.5,3,9,3753,0.00020142773564743322,-0.0002496007213733109,0.47428723687716495,0.009030823775790932,0.0009503154649976554,-0.0005082230045052021
1h,funding_extreme,negative,funding_z_abs,2.5,3,9,1856,0.00019348904030119072,0.00022926394162681163,0.5123922413793104,0.014610492585437753,0.002278563630972955,-0.0017922270916687461
1h,large_return_pct,down,return_pct_abs,0.005,3,9,13052,0.0001758540743910173,0.0005901311136499165,0.5244406987434876,0.015339632808065514,0.0004222426987264792,8.349593331709943e-05
1h,volume_spike,all,volume_z,2.0,3,9,4835,0.00016554704598627264,9.70887252249586e-05,0.49989658738366083,0.017311211066967834,0.0011620990565334006,-0.0006840535318241033
15m,volume_spike,all,volume_z,2.5,3,9,15910,0.00016052578898353507,4.7133682908206964e-05,0.5009428032683847,0.010332408470010164,0.0006898321542038907,-7.923922099105928e-05
1h,large_return_pct,up,return_pct_abs,0.005,3,9,13150,0.00015433710975810825,-0.00019823099023108526,0.49133079847908745,0.014425271711387596,0.0006815350580932186,-0.0004939130599515114
15m,funding_extreme,negative,funding_z_abs,2.5,3,9,7448,0.00015085319002873466,0.00023764258555147855,0.5153061224489796,0.007768880012566591,0.0009213761708000095,-0.0004050589306541329
1h,funding_extreme,negative,funding_z_abs,1.5,3,9,6554,0.0001398418453022431,0.0005336911605495764,0.5112908147696064,0.012792930907667251,0.001637290624812005,-0.0009100004169823707
15m,volume_spike,all,volume_z,3.0,3,9,12054,0.0001382220714506479,1.188622505399195e-05,0.5014932802389248,0.010859949809961793,0.000411065375195768,-3.0263662658788862e-05
15m,large_return_atr,up,return_atr_abs,2.0,3,9,2570,0.00013758420025917678,-0.0003295306473816706,0.47003891050583657,0.009063465871467842,0.00085106615315665,-0.0002864758143306158
15m,combo_volume_return,up,ret_atr_and_vol_z,1_1.5,3,9,6709,0.00012216785608847201,-0.0004472817468385015,0.4645997913250857,0.008686817893335778,0.0005530593797854355,-0.0004418465944794614
15m,funding_extreme,negative,funding_z_abs,1.5,3,9,26258,0.00011437386550088522,0.00022862368541387568,0.5089496534389519,0.006766926928089891,0.0006323617067665023,-0.00027955256675037734
15m,volume_spike,all,volume_z,2.0,3,9,21405,8.885446247939719e-05,4.048615778251552e-05,0.49918243401074514,0.00983863035651863,0.0005746538115729046,-0.0001255294488975923
15m,volatility_expansion,all,atr_jump,1.5,3,9,28778,7.331735718702683e-05,0.0,0.5015289457224269,0.008992834956086417,0.00026944030157084796,-0.00012697478199656594
15m,funding_extreme,negative,funding_z_abs,2.0,3,9,13980,6.28548505077663e-05,0.00011388309649185135,0.505937052932761,0.0071361205011671825,0.0006259586165829989,-0.00025286601894312753
15m,volume_spike,all,volume_z,1.5,3,9,29861,3.915991335597586e-05,1.5885720357045052e-05,0.49814138843307326,0.009331156938748744,0.00041103112752061507,-0.00011428778246748299
15m,large_return_atr,up,return_atr_abs,1.5,3,9,6258,3.2492652649354394e-05,-0.00023924610744019414,0.46899968040907636,0.008372657465948917,0.00045321959382792085,-0.0004314484333551075
15m,volatility_expansion,all,atr_jump,1.2,3,9,75694,1.6948646166761897e-05,6.71792260045212e-05,0.5035537823341348,0.00821402043286696,7.31992391510545e-05,-6.492506215871395e-05
1h,volatility_expansion,all,atr_jump,1.2,3,9,18210,3.5486014451827104e-06,0.0001349539779301745,0.5053816584294344,0.01376467101833013,0.0005117893363788837,-0.0008184830180032382
15m,large_return_pct,down,return_pct_abs,0.005,3,9,18762,-1.1750281246205308e-05,0.00037050759540591116,0.5178552393135061,0.010887594943004463,0.00018751638588801914,-0.0001848227609402674
15m,large_return_atr,up,return_atr_abs,1.0,3,9,18683,-4.1029010881344114e-05,-0.00033909554312028245,0.4640047101643205,0.007337477629498365,0.00012310589793217773,-0.00023511286808016496
15m,funding_extreme,positive,funding_z_abs,2.0,3,6,2426,-5.2460602653368245e-05,-0.0005945193984490116,0.4962901896125309,0.008602163059137446,0.0005829963709782476,-0.005460147508227485
1h,funding_extreme,negative,funding_z_abs,2.0,3,9,3492,-6.924587038808862e-05,0.00018092998009766603,0.5108820160366552,0.013290655096619183,0.001934919539109064,-0.001289501019531252
15m,funding_flip,up,flip,neg_to_pos,3,8,35877,-9.344749981218397e-05,-4.753651770253442e-05,0.48780555787830643,0.006232894929197277,8.732410144684655e-05,-0.00027264484249232254
15m,funding_flip,down,flip,pos_to_neg,3,8,35774,-9.388728915910858e-05,0.0,0.4959747302510203,0.006587532210578865,0.00013325521094879742,-0.00023043237593829921
15m,large_return_atr,down,return_atr_abs,1.0,3,9,18976,-0.00010679662238871497,0.00020050467639931568,0.5211319561551433,0.008881432977038863,0.00022936315956176837,-0.0005499980458936817
15m,funding_extreme,positive,funding_z_abs,1.5,3,7,7411,-0.00011129916814635965,0.0,0.49993253272163,0.005762204118398865,0.00011916301014863766,-0.0005106328966423284
1h,volume_spike,all,volume_z,1.5,3,9,7049,-0.0001202339201334746,-5.770476197597407e-05,0.49510568875017735,0.017495682053755676,0.0007567687880142606,-0.0008211593475404969
15m,large_return_pct,up,return_pct_abs,0.005,3,9,18466,-0.00012134318213054812,-0.00038114597890992474,0.4744936640311925,0.009342267965583361,-2.4940013017934578e-05,-0.000349600503439548
1h,funding_flip,down,flip,pos_to_neg,3,8,8918,-0.00017471397909073804,0.0,0.499887867234806,0.012428480395976757,0.0005708926042009397,-0.0005992565521508676
15m,volatility_expansion,all,atr_jump,2.0,3,9,5284,-0.0002143146652636698,-0.0003111687325822454,0.4835352006056018,0.012153123330122377,0.00045808193980694157,-0.0014260550059050315
15m,funding_extreme,positive,funding_z_abs,2.5,3,4,1177,-0.00022809612222767287,-0.0014967548302146638,0.4851316907391674,0.012864693152458716,0.0019566593390028513,-0.005460147508227485
1h,large_return_pct,down,return_pct_abs,0.01,3,9,4651,-0.00022836479789181544,0.000652484547756238,0.5149430230058052,0.017883630046229407,0.0006446828260254153,-0.0010363017854636669
15m,combo_volume_return,down,ret_atr_and_vol_z,1_1.5,3,9,7475,-0.0002351433239759252,0.00021434035594714018,0.522809364548495,0.011520421894797865,0.0005316960134347749,-0.0007301805581440195
15m,large_return_pct,up,return_pct_abs,0.01,3,9,3476,-0.00024071397062303131,-0.0010627214761282366,0.4574223245109321,0.012203911103908218,0.0003716917982160143,-0.0007383884328221003
1h,funding_flip,up,flip,neg_to_pos,3,8,8973,-0.0002486606619619765,-0.00014638048987403174,0.4880196143987518,0.012575682114527245,0.0007686549542138271,-0.0008960185532968375
15m,combo_volume_return,down,ret_atr_and_vol_z,1_2,3,9,6065,-0.0002652649324614418,0.0002647414564953543,0.5215169002473207,0.012022234383723698,0.00047054392642937606,-0.0008957328696796653
1h,volatility_expansion,all,atr_jump,2.0,3,9,737,-0.0002707693186821206,-0.00022587538007678987,0.47761194029850745,0.014947450851115648,0.0024485733335413745,-0.0019799735503550305
15m,large_return_atr,down,return_atr_abs,1.5,3,9,6256,-0.0003097595616419921,0.00012119188017989391,0.5123081841432225,0.01193688666141571,0.00034851553852494445,-0.0007558453847771688
1h,funding_extreme,positive,funding_z_abs,2.0,3,6,602,-0.00032702184968460787,-0.0020455530732846894,0.49335548172757476,0.01308487204271819,0.0021619971213572954,-0.022206821871530558
1h,volatility_expansion,all,atr_jump,1.5,3,9,5430,-0.0003706302400523832,-0.0004407130904315326,0.49429097605893185,0.013993919344758354,0.000786640514808229,-0.0025881394155881404
15m,combo_volume_return,down,ret_atr_and_vol_z,1.5_1.5,3,9,4043,-0.00047519930729126626,0.0,0.5127380657927282,0.013699573406865907,0.00034870724834062304,-0.0011278825534734743
15m,combo_volume_return,down,ret_atr_and_vol_z,1.5_2,3,9,3515,-0.000564941050968433,8.90034189359179e-05,0.5109530583214794,0.014223602922808205,0.00038754603961771954,-0.0013018293115316195
15m,large_return_atr,down,return_atr_abs,2.0,3,9,2438,-0.0005759153302685297,1.1650375129512724e-05,0.5041017227235439,0.016132835185584858,0.00047643508708364324,-0.001448436398694987
1h,funding_extreme,positive,funding_z_abs,1.5,3,7,1843,-0.0006112575610708723,-0.0004066866120295276,0.4801953336950624,0.010531107252671371,0.0005291640203274731,-0.0028981753306369143
1h,large_return_atr,down,return_atr_abs,1.0,3,9,4468,-0.0006312047677491001,0.00020788059940402004,0.5080572963294538,0.01590898147780396,6.804006626921634e-05,-0.001120727012433809
1h,large_return_pct,down,return_pct_abs,0.02,3,9,892,-0.0007807755310277821,0.0007523120180487064,0.5145739910313901,0.023479242675964556,0.001139128190899036,-0.0025698232474585855
1h,funding_extreme,positive,funding_z_abs,2.5,3,4,289,-0.0008957494543600142,-0.00462463657590334,0.47750865051903113,0.01812549911035338,0.0014345941191058476,-0.022206821871530558
1h,combo_volume_return,down,ret_atr_and_vol_z,1_1.5,3,9,1896,-0.0013993885378445164,-0.0002966967758949446,0.4868143459915612,0.01906072237298978,-0.0007762842038041755,-0.0017736109684384463
1h,large_return_atr,down,return_atr_abs,1.5,3,9,1650,-0.0014311461134410013,0.0001547233612274601,0.5042424242424243,0.01814460814217335,-0.0005708051190854632,-0.0024044130565285763
1h,combo_volume_return,down,ret_atr_and_vol_z,1_2,3,9,1491,-0.0016867647304705956,-0.0004941344877854581,0.48088531187122735,0.018849014119755213,-0.0007244630805081591,-0.0026393170031331404
1h,combo_volume_return,down,ret_atr_and_vol_z,1.5_1.5,3,9,1110,-0.0018979030447166694,-0.0007426202116468383,0.4864864864864865,0.020015517073049473,-0.0011482781578324444,-0.003292604377969195
1h,combo_volume_return,down,ret_atr_and_vol_z,1.5_2,3,9,958,-0.0021839542468734064,-0.000775467042650746,0.47494780793319413,0.019060650182835124,-0.0008348994502173808,-0.0036691093859759806
1h,large_return_atr,down,return_atr_abs,2.0,3,9,723,-0.0024186276658047325,-0.0008040751977499427,0.4785615491009682,0.02060977932533509,-0.0014235201738587665,-0.004105971978382847
15m,large_return_pct,down,return_pct_abs,0.02,6,9,367,0.004371292439237991,0.0026820836810108606,0.5694822888283378,0.04130977206441254,0.02025011020444223,-0.00046072113216721
1h,large_return_pct,up,return_pct_abs,0.02,6,9,830,0.002353988844113407,0.0003809317677614388,0.5144578313253012,0.024469248296391983,0.004428020090526448,-0.001313048704534052
1h,large_return_atr,up,return_atr_abs,1.5,6,9,1628,0.0015252897294490734,-0.00010120633831339765,0.49815724815724816,0.020425709715857575,0.004625750043996357,-0.00043384005513963554
15m,large_return_pct,up,return_pct_abs,0.02,6,9,373,0.0013943293043549227,0.0008797911962228344,0.5254691689008043,0.022017482053471874,0.004047439235880842,-0.00148594423919705
1h,large_return_atr,up,return_atr_abs,2.0,6,9,712,0.001359862047596335,0.0006038627632107829,0.49859550561797755,0.02221908698311018,0.004030573833726263,-0.0016828899973373287
1h,combo_volume_return,up,ret_atr_and_vol_z,1.5_1.5,6,9,1013,0.0013568218464341199,-1.8522688831401624e-05,0.5034550839091807,0.02155997502239855,0.004012422795284675,-0.000867043813028247
1h,combo_volume_return,up,ret_atr_and_vol_z,1.5_2,6,9,861,0.001142474770916036,-7.199424046089309e-05,0.4994192799070848,0.02162922983774574,0.0046308647717286135,-0.001987177090589586
15m,large_return_pct,down,return_pct_abs,0.01,6,9,3219,0.0007793275940137562,0.0012310674929024712,0.5383659521590556,0.020185733985302316,0.002247158019865198,-0.00020643339703530953
1h,large_return_atr,up,return_atr_abs,1.0,6,9,4335,0.0006952122283847263,0.00018690517072028623,0.5026528258362168,0.019658519985788006,0.002046116647821083,-0.0006126173179151881
1h,funding_extreme,negative,funding_z_abs,2.5,6,9,1856,0.0004985415103631374,0.0003772594134449081,0.5161637931034483,0.020719469614104858,0.004625950453342835,-0.003162545186961606
1h,volume_spike,all,volume_z,2.0,6,9,4834,0.0004731280975803989,0.0010140959334752342,0.5256516342573438,0.023789816515071824,0.0011443786361207864,-0.0004666613782288235
1h,combo_volume_return,up,ret_atr_and_vol_z,1_1.5,6,9,1674,0.00047129275569351303,9.127418765975115e-05,0.5041816009557945,0.02220514084235854,0.0033935789923393578,-0.0008338496982593518
15m,combo_volume_return,up,ret_atr_and_vol_z,1.5_2,6,9,3221,0.00045222721685767427,-0.00035365375614371253,0.47469729897547347,0.01280427836414512,0.0010604804613872582,-0.00028735353567663956
1h,funding_extreme,negative,funding_z_abs,1.5,6,9,6554,0.00044639057561844106,0.00046634540649792555,0.5154104363747329,0.018115439064465555,0.002695302838114314,-0.0017073426934816848
15m,combo_volume_return,up,ret_atr_and_vol_z,1_2,6,9,5325,0.0004213185998731157,-0.00037246317586875355,0.47173708920187796,0.012952969841441928,0.0011623861986844403,-0.0002011137107768276
1h,combo_volume_return,up,ret_atr_and_vol_z,1_2,6,9,1307,0.00040331980707104353,0.0006461626632532358,0.5080336648814078,0.022277733038094574,0.0025172374611985514,-0.0010084366464367409
15m,combo_volume_return,up,ret_atr_and_vol_z,1.5_1.5,6,9,3753,0.00039288227521665827,-0.0002484515178962088,0.478017585931255,0.012789519793051053,0.0010427123437621762,-0.00023394195786393708
1h,large_return_pct,up,return_pct_abs,0.01,6,9,4553,0.0003729046152310466,-9.902097756647743e-05,0.4937403909510213,0.022372661740670235,0.001813176321322735,-0.000795024911282012
1h,volume_spike,all,volume_z,2.5,6,9,3474,0.00036112381960014397,0.0007881255746748916,0.5270581462291307,0.024162443421986007,0.0008079719875693538,-0.0001459683341346486
1h,large_return_pct,up,return_pct_abs,0.005,6,9,13150,0.00030133064433742824,-8.82813070913202e-05,0.4991634980988593,0.02004243700469858,0.0012028006064512247,-0.00045065404421319933
15m,funding_extreme,negative,funding_z_abs,2.5,6,9,7448,0.00025573610370855526,0.00024303289746874235,0.5179914070891515,0.010643197331125032,0.001668676250467394,-0.0008675454207180538
1h,volume_spike,all,volume_z,3.0,6,9,2515,0.0002525379775810598,0.0008981267641776647,0.5240556660039761,0.02455648517589048,0.0009265026625761745,-0.0004860748025562671
15m,combo_volume_return,up,ret_atr_and_vol_z,1_1.5,6,9,6709,0.00023559717189404914,-0.00032950738645720623,0.4719034133253838,0.012637576858916819,0.000894190063638891,-0.00025989215279383055
15m,large_return_atr,up,return_atr_abs,2.0,6,9,2570,0.00021538213170731987,-0.0003863252296814612,0.47198443579766536,0.013233893147574062,0.0009484661595740487,-0.0006722106374088499
15m,large_return_atr,up,return_atr_abs,1.5,6,9,6257,0.000183889385615872,-0.000330554511179304,0.4778647914335944,0.01209703137139368,0.000599067963998,-0.00032539519249451926
15m,funding_extreme,negative,funding_z_abs,1.5,6,9,26258,0.00016823176966517965,0.0003532843117115547,0.5123010130246021,0.009276602108596627,0.0010703937820508546,-0.0005375992031572762
1h,volume_spike,all,volume_z,1.5,6,9,7048,0.0001364041231732121,0.0009449562957715152,0.520005675368899,0.023680881559807323,0.001094063355422825,-0.0008439166836121294
1h,volatility_expansion,all,atr_jump,2.0,6,9,737,0.00011485035244904324,0.0010501231875277295,0.5020352781546812,0.01715884590053425,0.006643094088503008,-0.005605047627415816
15m,volatility_expansion,all,atr_jump,1.5,6,9,28756,0.00010189192397913939,0.0,0.5031993323132563,0.01178742127594024,0.0005210993084339044,-0.00021470858178690124
15m,volume_spike,all,volume_z,2.5,6,9,15909,9.85240327381565e-05,0.0,0.4999057137469357,0.013739881390483958,0.0006339493665704576,-0.00013146834877398748
15m,large_return_pct,down,return_pct_abs,0.005,6,9,18762,7.92712636388457e-05,0.0004446420631392112,0.5216927832853641,0.014204006612593387,0.00044478962405959525,-0.00022758493228943968
15m,funding_extreme,negative,funding_z_abs,2.0,6,9,13980,7.814814043311021e-05,0.00010329511414108872,0.5085121602288984,0.00975562322197047,0.0010462078208080428,-0.0005430986278418982
15m,volume_spike,all,volume_z,3.0,6,9,12053,6.334256463639209e-05,-6.31995969668786e-06,0.49987554965568737,0.01439659961517891,0.000302932549615669,-0.00016750342438945432
15m,volume_spike,all,volume_z,2.0,6,9,21404,6.211557685737114e-05,0.0,0.49967295832554665,0.013247409790650602,0.0006045102375492198,-0.0002021032346917764
1h,large_return_pct,down,return_pct_abs,0.005,6,9,13052,3.442331184344384e-05,0.0005311170324915349,0.5072785779957095,0.021177009307792042,0.0009440173882926667,-0.0002537319851441655
15m,volatility_expansion,all,atr_jump,1.2,6,9,75667,2.6325236442521835e-05,0.00010854436116336519,0.5063634080907132,0.0111457103641634,0.00014199779345191386,-0.00012715036637322706
15m,large_return_atr,up,return_atr_abs,1.0,6,9,18681,1.497859452601725e-05,-0.00037817216785529517,0.47679460414324715,0.010536448556402166,0.0002472173052735302,-0.00022943012687905658
15m,large_return_pct,up,return_pct_abs,0.005,6,9,18466,-6.077685848992594e-06,-0.00025334628214335186,0.48754467670313006,0.013054456081921366,0.00023998221193133708,-0.0003530934424783687
15m,volume_spike,all,volume_z,1.5,6,9,29860,-4.149209950035863e-05,-5.7623820932439784e-05,0.49765572672471536,0.01263540004413409,0.00031583592443467485,-0.0003412094577130892
1h,funding_flip,down,flip,pos_to_neg,6,8,8918,-4.353045925099886e-05,0.0003765023794151112,0.511101143754205,0.017493037258172278,0.0015576311630073527,-0.00114116809391425
15m,funding_extreme,positive,funding_z_abs,2.0,6,6,2426,-6.352255566784769e-05,-0.00030420650764334534,0.5123660346248969,0.010763279520685487,0.0012012311764071232,-0.010749239741408215
1h,funding_extreme,negative,funding_z_abs,2.0,6,9,3492,-7.835048420728801e-05,-0.00023128958196111382,0.506872852233677,0.018900029450325338,0.004158624328088381,-0.003258021038711654
1h,volatility_expansion,all,atr_jump,1.2,6,9,18210,-0.00014277275356199394,-0.00017936866732815027,0.4970895112575508,0.01902063479858031,0.0007640831174401506,-0.0013470654241316635
15m,funding_flip,up,flip,neg_to_pos,6,8,35859,-0.000159917623225393,-5.1080869682057495e-05,0.4905323628656683,0.008770170640029325,0.00019481693091257822,-0.00045244245140547577
15m,funding_flip,down,flip,pos_to_neg,6,8,35774,-0.00016970282662761104,-2.1219613798612036e-05,0.49351484318219935,0.009000777683285041,0.00023650460251506026,-0.0004211560164142927
15m,funding_extreme,positive,funding_z_abs,1.5,6,7,7408,-0.00021168174869804697,-0.00017969874933554397,0.4973002159827214,0.007800743249077063,0.0001970790790053887,-0.0008624840704972756
15m,large_return_atr,down,return_atr_abs,1.0,6,9,18976,-0.0002805559762459117,0.0003719348913380216,0.5195510118043845,0.011569173569698464,0.0001267960945227419,-0.0008211774792776807
15m,volatility_expansion,all,atr_jump,2.0,6,9,5280,-0.00028861462347331537,-0.0004379881743192815,0.4810606060606061,0.014797102373858527,0.001032537309522008,-0.002136890550131643
15m,large_return_pct,up,return_pct_abs,0.01,6,9,3476,-0.0003085061816816745,-0.00040962261924182286,0.47612197928653627,0.017087721702697498,0.0005635342030758945,-0.001223237044078341
15m,funding_extreme,positive,funding_z_abs,2.5,6,4,1177,-0.00032105889208269617,-0.0011090626260298886,0.48343245539507224,0.015496060179575562,0.005089073961818616,-0.010749239741408215
1h,large_return_pct,down,return_pct_abs,0.01,6,9,4651,-0.0004153217125086613,0.00011815540791437762,0.5067727370457966,0.02397094205333662,0.0005545980276547525,-0.0012134637127491695
15m,large_return_atr,down,return_atr_abs,1.5,6,9,6256,-0.000599171981198542,4.801784892038974e-05,0.5134271099744245,0.014859642260983167,0.00011287701688500291,-0.001193539526406639
1h,funding_flip,up,flip,neg_to_pos,6,8,8955,-0.000614524442128704,-0.0005986476705075461,0.4796203238414294,0.018554449362285255,0.0014268177161481552,-0.0019879276433293724
15m,combo_volume_return,down,ret_atr_and_vol_z,1_1.5,6,9,7475,-0.0006205050321494889,0.0001906208812599841,0.5118394648829432,0.014486456152431767,0.00024489168849921853,-0.0013621829347184092
15m,combo_volume_return,down,ret_atr_and_vol_z,1_2,6,9,6065,-0.0006728038612262251,0.00018628912071538828,0.5131079967023907,0.01505851025207109,0.00012955888734915872,-0.0013791749496243743
15m,combo_volume_return,down,ret_atr_and_vol_z,1.5_1.5,6,9,4043,-0.0008593568896828036,3.087563295056661e-05,0.5080385852090032,0.016874718089885315,-5.944176000303518e-05,-0.0016948102515250928
15m,large_return_atr,down,return_atr_abs,2.0,6,9,2438,-0.0009070125185635178,0.0,0.5086136177194421,0.019641612382293748,0.000351624866497656,-0.002048498443822433
1h,volatility_expansion,all,atr_jump,1.5,6,9,5430,-0.0009476032295759291,-0.0006666656072209509,0.48747697974217313,0.018890810779810585,0.0007974138552776589,-0.004438079881267177
15m,combo_volume_return,down,ret_atr_and_vol_z,1.5_2,6,9,3515,-0.0009716555232444712,7.944851840069322e-05,0.505547652916074,0.017469348564905382,-0.0001285389185004727,-0.001843401422158438
1h,large_return_atr,down,return_atr_abs,1.0,6,9,4468,-0.001074537901323989,-0.0003992175336340331,0.5044762757385854,0.021678454932298717,0.0002558347692931197,-0.0023648173791826453
1h,funding_extreme,positive,funding_z_abs,2.0,6,6,602,-0.001153609195841942,-0.0056667167963784515,0.4750830564784053,0.014833282154649444,0.003453721721851585,-0.029844235446833345
1h,funding_extreme,positive,funding_z_abs,1.5,6,7,1840,-0.0015235180055071947,-0.0011262090402803793,0.46141304347826084,0.014408756728567059,0.0010290735617349527,-0.005221924470747507
1h,combo_volume_return,down,ret_atr_and_vol_z,1_1.5,6,9,1896,-0.0016642697927916254,0.00020594264821183206,0.5089662447257384,0.025188063829385692,0.0005679229851209928,-0.00342366787043797
1h,combo_volume_return,down,ret_atr_and_vol_z,1_2,6,9,1491,-0.0017826947631894804,0.0005137238591261806,0.5097250167672703,0.025468128173270998,0.0005156935482805757,-0.0037358685593465784
1h,large_return_atr,down,return_atr_abs,1.5,6,9,1650,-0.002199331454519373,-0.0006100805080416216,0.4909090909090909,0.02421704797306475,-0.000884953985744919,-0.004749216896239489
1h,combo_volume_return,down,ret_atr_and_vol_z,1.5_1.5,6,9,1110,-0.0023887768756857535,0.00016863335314765138,0.4981981981981982,0.026680293880378427,-5.781311082410768e-05,-0.005294074344017226
1h,funding_extreme,positive,funding_z_abs,2.5,6,4,289,-0.002416336867166593,-0.01538460337622971,0.43944636678200694,0.018500245391211513,-0.0002454293876968129,-0.029844235446833345
1h,large_return_pct,down,return_pct_abs,0.02,6,9,892,-0.002591180858624619,0.000523217789404784,0.49887892376681614,0.029648361117696323,0.0037071999126069084,-0.0067521343828463466
1h,combo_volume_return,down,ret_atr_and_vol_z,1.5_2,6,9,958,-0.0026216318364780094,-0.00027142013072189997,0.49164926931106473,0.026382394813676005,-0.0005810770316629972,-0.006067028715433684
1h,large_return_atr,down,return_atr_abs,2.0,6,9,723,-0.0028151486701092792,-0.00019364833462431896,0.48132780082987553,0.026016525343398576,-0.0004606392993127923,-0.006381379254168031
15m,large_return_pct,down,return_pct_abs,0.02,12,9,367,0.007544335383749957,0.0068953561460967094,0.5967302452316077,0.04249097525541991,0.014887338015708629,9.950129376683935e-05
1h,large_return_pct,up,return_pct_abs,0.02,12,9,830,0.0036125926739109145,0.0016630145552394282,0.5289156626506024,0.03170393968989252,0.010118555376118506,0.0019165216972100822
15m,large_return_pct,up,return_pct_abs,0.02,12,9,373,0.0017943273067476738,0.0031033229458738987,0.5281501340482574,0.024153840873264037,0.005084993845012024,-0.0030551360267543322
1h,funding_extreme,negative,funding_z_abs,1.5,12,9,6542,0.001272671087777377,0.0004287245444800636,0.5214001834301437,0.02557963122233933,0.006570504054428844,-0.0027238679973270517
1h,large_return_atr,up,return_atr_abs,1.5,12,9,1628,0.0011053664326865522,-0.0003433593299614346,0.49385749385749383,0.02684256671061168,0.004546552027830587,-0.0010715108963387924
1h,combo_volume_return,up,ret_atr_and_vol_z,1.5_1.5,12,9,1013,0.0009577821158724529,0.00018794017567458354,0.5014807502467917,0.027616934491338972,0.006845359035670864,-0.002420328967468589
1h,combo_volume_return,up,ret_atr_and_vol_z,1.5_2,12,9,861,0.0009059603910514272,0.0005303632988598039,0.5075493612078978,0.02727602076975708,0.007139094273628553,-0.002706864843124676
1h,funding_extreme,negative,funding_z_abs,2.5,12,9,1852,0.0008323128599047764,-0.0003644002446040462,0.49406047516198703,0.02855734199639825,0.01214185776920651,-0.010034545712090304
1h,volume_spike,all,volume_z,2.0,12,9,4834,0.0007132661940709476,0.0001278118609406853,0.5088953247827885,0.028691224443756103,0.003233926684823161,-0.0004545198392040275
15m,large_return_pct,down,return_pct_abs,0.01,12,9,3219,0.0005846595818007764,0.0017755681818181213,0.539919229574402,0.02416024593506773,0.0015992978465074424,-0.001057681329615819
1h,large_return_atr,up,return_atr_abs,2.0,12,9,712,0.0005670987385695345,-0.00034774720290298156,0.49297752808988765,0.027558561015247052,0.004069146420296162,-0.004057509441359206
1h,funding_extreme,negative,funding_z_abs,2.0,12,9,3480,0.0005148568524650936,0.0009431737797689355,0.5008620689655172,0.02684931583558036,0.011308304206119153,-0.006328385810821874
1h,volume_spike,all,volume_z,2.5,12,9,3474,0.00048207312891111373,0.0,0.5089234312032239,0.02851988840644185,0.0019337059238239962,-0.0006680961027949893
1h,funding_flip,down,flip,pos_to_neg,12,8,8886,0.00045030403539372425,0.0005206863869716694,0.5084402430790007,0.024646889490644537,0.0034032793239260864,-0.001387877648608062
1h,volume_spike,all,volume_z,1.5,12,9,7046,0.00041256395819550836,-7.907951445174088e-05,0.5056769798467216,0.0289148712072709,0.002549363311819302,-0.0018505159420727127
1h,large_return_atr,up,return_atr_abs,1.0,12,9,4335,0.0003881644290309981,-0.0004898985733928773,0.4966551326412918,0.02631152513265134,0.0032292372982368127,-0.0012685063145009094
15m,funding_extreme,negative,funding_z_abs,2.5,12,9,7448,0.0003367299410865995,0.00037405214304986334,0.5197368421052632,0.01492609375180479,0.0027295421718147943,-0.0017410186196280336
1h,large_return_pct,up,return_pct_abs,0.01,12,9,4553,0.0002933108117218185,-0.00013923265858478695,0.4974741928398858,0.03076241388122164,0.003070109300397589,-0.0013141910108815324
15m,funding_extreme,negative,funding_z_abs,1.5,12,9,26258,0.0002240591693808988,0.0006648159627702377,0.516299794348389,0.012960754417512921,0.0018494715138197225,-0.0010227219977778285
15m,volatility_expansion,all,atr_jump,1.5,12,9,28752,0.00014317544941847143,0.00029384919871966453,0.5158249860879243,0.01622395761040812,0.0006238254347306681,-0.0004616167527720349
1h,volume_spike,all,volume_z,3.0,12,9,2515,0.00013072926032155758,-9.08110722777078e-05,0.5069582504970179,0.02849373164689311,0.002162719296103516,-0.001591214472926198
1h,combo_volume_return,up,ret_atr_and_vol_z,1_1.5,12,9,1674,0.00012455593467744706,-0.0010329212023124645,0.490442054958184,0.027743909392947144,0.005802125299989104,-0.003201240958507789
15m,volatility_expansion,all,atr_jump,1.2,12,9,75646,8.70391859068766e-05,0.000253395454157479,0.5130608359992597,0.014937782557320731,0.0003348931522429757,-0.00016326170310428944
15m,large_return_pct,down,return_pct_abs,0.005,12,9,18761,5.461071751338204e-05,0.0007289009215389886,0.5231064442193913,0.01795360843235222,0.0003197575751816554,-0.0003737459516166895
15m,combo_volume_return,up,ret_atr_and_vol_z,1_2,12,9,5317,4.452357955925522e-05,-0.000683193441343044,0.4668045890539778,0.016537664094005887,0.0012588576762575946,-0.001262267644753126
15m,funding_extreme,negative,funding_z_abs,2.0,12,9,13980,3.545651676190338e-05,0.00032263690801070943,0.5125894134477825,0.013550986335844254,0.001860029335167131,-0.0010999247598695709
1h,large_return_pct,down,return_pct_abs,0.005,12,9,13052,3.41406754484571e-05,-0.0005365958360161738,0.4969353355807539,0.028608801575386873,0.0014094209490484264,-0.0003542822840801507
15m,volume_spike,all,volume_z,2.0,12,9,21387,2.4986742842889256e-05,-0.0002970693873525776,0.4907654182447281,0.016898473096212688,0.0005233884601156996,-0.0005534813590526448
15m,volume_spike,all,volume_z,2.5,12,9,15895,1.889333516566209e-05,-0.0002400573052157018,0.489084617804341,0.0173546969881543,0.0004858430922435855,-0.0004808404228349331
15m,large_return_pct,up,return_pct_abs,0.005,12,9,18459,-9.283972155306045e-06,-0.0002735978112176074,0.49119670621377104,0.017075038226240336,0.0004059125301066149,-0.0007105478174308959
1h,combo_volume_return,up,ret_atr_and_vol_z,1_2,12,9,1307,-2.8252756828217128e-05,-0.0009237875288683473,0.4912012241775057,0.02746115660225833,0.0053817298616107385,-0.00297409096593767
15m,large_return_atr,up,return_atr_abs,1.5,12,9,6248,-4.485059160578284e-05,-0.0006744604316545333,0.4753521126760563,0.015821185777544218,0.0007779515521395247,-0.000685258137855572
15m,volume_spike,all,volume_z,1.5,12,9,29840,-5.925723446748176e-05,-6.482488782294515e-05,0.4920911528150134,0.016383163378784715,0.00032535693551200424,-0.0005987182196209782
15m,combo_volume_return,up,ret_atr_and_vol_z,1_1.5,12,9,6700,-5.985599676320269e-05,-0.0007855671569836908,0.4677611940298507,0.016275023423269468,0.000941362056698763,-0.0010996480429502464
15m,combo_volume_return,up,ret_atr_and_vol_z,1.5_1.5,12,9,3744,-6.726035153065352e-05,-0.0005633241966984115,0.468482905982906,0.016674855761294953,0.0011562261621395793,-0.001111955548724205
15m,large_return_atr,up,return_atr_abs,1.0,12,9,18669,-7.176976642460069e-05,-0.0003979941096872164,0.4789222775724463,0.01418253198664918,0.0003352527151594644,-0.0006022018689003343
1h,large_return_pct,up,return_pct_abs,0.005,12,9,13150,-8.58662494750399e-05,-0.0003387992952974539,0.49498098859315587,0.028589905992047582,0.0013108340250730067,-0.0013233731468288697
15m,volume_spike,all,volume_z,3.0,12,9,12040,-8.959038791490772e-05,-0.0003875064838810838,0.48521594684385383,0.018005570642780983,0.0003590865887661832,-0.0005925364609136597
15m,large_return_atr,up,return_atr_abs,2.0,12,9,2562,-0.00016402617116596116,-0.000683193441343044,0.46916471506635443,0.01693375248291493,0.001153314681888934,-0.001425472629258209
15m,combo_volume_return,up,ret_atr_and_vol_z,1.5_2,12,9,3213,-0.00023552677343368047,-0.0009355703860787212,0.4612511671335201,0.016594424456362195,0.0010501614791933415,-0.0019207050991937125
15m,funding_extreme,positive,funding_z_abs,2.0,12,6,2426,-0.0002478241949461607,-0.002047232506054847,0.4987633965375103,0.012427507565960805,0.002263204625252113,-0.020543227820195305
15m,funding_flip,up,flip,neg_to_pos,12,8,35823,-0.0002642035568186585,-0.00013777277055557202,0.48806632610334144,0.012572818505150074,0.0005825589600786078,-0.0008242870383937909
15m,funding_flip,down,flip,pos_to_neg,12,8,35774,-0.00029632858710033287,-3.28687877991507e-05,0.4958349639402918,0.012510227513274892,0.00044117106281106887,-0.000704556851442499
15m,large_return_atr,down,return_atr_abs,1.0,12,9,18960,-0.00037226799287098055,0.0003185243217881384,0.5152426160337553,0.015019490532414097,0.0001339964002970011,-0.000866978563297364
15m,volatility_expansion,all,atr_jump,2.0,12,9,5280,-0.0004213634036658516,6.468514505653111e-05,0.4956439393939394,0.01903610573073243,0.0016177969475173475,-0.0023308494147519037
1h,large_return_pct,down,return_pct_abs,0.01,12,9,4651,-0.00045506866373026984,-0.0011522396658506517,0.49516233068157384,0.03134816063153287,0.0012229165941236653,-0.001837230235280285
15m,funding_extreme,positive,funding_z_abs,1.5,12,7,7402,-0.0004708470132913626,-0.0004659066414374746,0.4887868143744934,0.010408230982531127,0.0004382923725441,-0.0021125454850597723
1h,large_return_pct,down,return_pct_abs,0.02,12,9,892,-0.0005635069168964508,0.00022699580336804637,0.5056053811659192,0.034832774529259716,0.007491212507561003,-0.004624405955058863
15m,combo_volume_return,down,ret_atr_and_vol_z,1_1.5,12,9,7471,-0.000724105012355171,0.0002993902886482269,0.5071610226208004,0.017810469162475098,-0.0001640136895016222,-0.0013638097623633468
15m,combo_volume_return,down,ret_atr_and_vol_z,1_2,12,9,6061,-0.0007569946751921237,0.0001291104421402567,0.5030523016003959,0.018175347943325385,-0.00018730217133005318,-0.0012944418461173172
15m,funding_extreme,positive,funding_z_abs,2.5,12,4,1177,-0.000816180572899937,-0.0023900551922599322,0.4825828377230246,0.01688247917475911,0.00479232933628257,-0.020543227820195305
15m,large_return_atr,down,return_atr_abs,2.0,12,9,2436,-0.0008190691749522447,-0.00022798405597457272,0.5053366174055829,0.02229093175979689,0.0007309510985684581,-0.002124263456824941
15m,large_return_atr,down,return_atr_abs,1.5,12,9,6250,-0.0008367340126915551,9.211831776922974e-05,0.5096,0.01830234661345298,-0.0003399160090651606,-0.0013948681373713151
1h,funding_flip,up,flip,neg_to_pos,12,8,8943,-0.0008633474540218493,-0.0009234698768381677,0.48238846024823884,0.026744111458920482,0.0019428572750911858,-0.003365685766766907
1h,combo_volume_return,down,ret_atr_and_vol_z,1_1.5,12,9,1896,-0.0009195004848891056,5.7671789843949384e-05,0.5005274261603375,0.029554145845156934,0.0009208224882373021,-0.0027550436895903575
1h,volatility_expansion,all,atr_jump,1.2,12,9,18210,-0.0009360498643023136,-0.0005013390784863181,0.48204283360790773,0.026367042587809822,0.000882979296273639,-0.002835616217009742
1h,large_return_atr,down,return_atr_abs,1.0,12,9,4468,-0.0009375857359086612,0.000550751776174474,0.49753804834377796,0.027285369157104247,0.0004912040823449742,-0.002639795494898302
15m,combo_volume_return,down,ret_atr_and_vol_z,1.5_1.5,12,9,4040,-0.0010411358935957778,9.211831776922974e-05,0.5064356435643564,0.020050637849547928,-0.0001693544462098812,-0.0022303900892258867
1h,combo_volume_return,down,ret_atr_and_vol_z,1_2,12,9,1491,-0.0010931655586445311,-9.819324430482279e-05,0.5050301810865191,0.028994902101066353,0.0013625502993553325,-0.003807297957682293
15m,large_return_pct,up,return_pct_abs,0.01,12,9,3475,-0.0011142363919582642,-0.0007517884778435735,0.48,0.0216713986317065,-0.0003620808297209684,-0.0023942297106578385
15m,combo_volume_return,down,ret_atr_and_vol_z,1.5_2,12,9,3512,-0.00111642589087175,0.0002476235397177451,0.5008542141230068,0.020270098249544663,-0.00018637499709173568,-0.002168138317293103
1h,combo_volume_return,down,ret_atr_and_vol_z,1.5_1.5,12,9,1110,-0.001354950669529856,-0.0008133387555917526,0.4963963963963964,0.030608784428300395,0.0005302182836840474,-0.003800206983273252
1h,combo_volume_return,down,ret_atr_and_vol_z,1.5_2,12,9,958,-0.001452615813512589,-0.00041283728012825316,0.5,0.029762517146425985,0.00021006671817071633,-0.00344595030579775
1h,large_return_atr,down,return_atr_abs,1.5,12,9,1650,-0.0015213461729743547,-0.0007406764989625891,0.49696969696969695,0.029657693479740954,0.0010588495682451367,-0.006799047911340029
1h,volatility_expansion,all,atr_jump,2.0,12,9,737,-0.0016551038537638092,0.0010515839837903496,0.4830393487109905,0.030681300154199467,0.010643100725613861,-0.032188612157807925
1h,volatility_expansion,all,atr_jump,1.5,12,9,5430,-0.002448568485258053,-0.002570880375190654,0.45377532228360956,0.02771037044167431,-0.00033561973968585814,-0.008528102270659614
1h,large_return_atr,down,return_atr_abs,2.0,12,9,723,-0.00270118409267275,-0.0011686348807892766,0.47994467496542187,0.029759770253641016,-0.00016443757546917898,-0.006212800349875468
1h,funding_extreme,positive,funding_z_abs,1.5,12,7,1838,-0.0030819991660975075,-0.004768677662769449,0.44124047878128403,0.020709032030071257,0.0011112877623406462,-0.01037423806829054
1h,funding_extreme,positive,funding_z_abs,2.0,12,6,602,-0.0032939541479252857,-0.015311268889054735,0.4485049833887043,0.020679429539797563,0.004976044264182435,-0.030862553640830015
1h,funding_extreme,positive,funding_z_abs,2.5,12,4,289,-0.004321306689831437,-0.019724989452283015,0.42560553633217996,0.027915984662789415,0.00037651623154794507,-0.03137512987783819
