entry_mode,model,allow_stacking,friction_case,event_threshold,horizon_bars,taker_fee_bps_per_side,slippage_bps_per_side,symbol,total_trades,trades_per_year,average_return_pct,median_return_pct,cumulative_return_units,win_rate,return_volatility_pct,sharpe_like,annualized_trade_sharpe_like,max_drawdown_units,max_drawdown_pct,worst_drawdown_start,worst_drawdown_end,max_losing_streak,average_win_pct,average_loss_pct,positive_month_rate,positive_symbol_rate,best_month,worst_month,best_symbol,worst_symbol,best_month_contribution,best_symbol_contribution,average_concurrent_positions,max_concurrent_positions
next_close,pure_horizon_12_single_position,False,base,-0.02,12,4.0,5.0,ADAUSDT,51,52.41409226801102,-0.012269398394381025,-0.17995002498749404,-0.006257393181134323,0.49019607843137253,2.1645784761564157,-0.040479488944349565,-0.041036845317912136,-0.19553006806570658,-19.553006806570657,2025-11-05T04:30:00+00:00,2026-02-05T23:30:00+00:00,8,1.5304907992433892,-1.4956926653537757,0.5833333333333334,0.0,2025-11,2025-12,ADAUSDT,ADAUSDT,,,0.5,1
next_close,pure_horizon_12_single_position,False,base,-0.02,12,4.0,5.0,AVAXUSDT,38,39.05363737616507,0.0964164413382963,0.21947974704741527,0.0366382477085526,0.5789473684210527,2.5108397156782853,0.23671397954674736,0.2399732609421504,-0.157880488391798,-15.7880488391798,2025-06-05T23:45:00+00:00,2025-10-11T00:00:00+00:00,3,1.5049204075762097,-1.8402765122388351,0.5833333333333334,1.0,2026-01,2025-10,AVAXUSDT,AVAXUSDT,1.5552170588118783,1.0,0.5,1
next_close,pure_horizon_12_single_position,False,base,-0.02,12,4.0,5.0,LINKUSDT,45,48.66995681677977,0.11349178228252739,-0.17995002498749404,0.051071302027137326,0.4444444444444444,2.3112774777620153,0.3293962008192959,0.34256485842628187,-0.0946172050090123,-9.46172050090123,2025-06-05T23:45:00+00:00,2025-10-11T00:00:00+00:00,3,2.0819788106794794,-1.461297840435035,0.5,1.0,2026-02,2025-12,LINKUSDT,LINKUSDT,1.118960410137224,0.9999999999999999,0.5,1
next_close,pure_horizon_12_single_position,False,base,-0.02,12,4.0,5.0,LTCUSDT,40,49.541167743986435,-0.44872966311800083,-0.43345061176355054,-0.17949186524720034,0.4,3.1236075080129173,-0.9085698414367295,-1.0111403487891883,-0.26348762054588226,-26.348762054588228,2025-05-30T04:00:00+00:00,2026-02-05T23:30:00+00:00,5,1.8061220036617305,-1.951964107637822,0.3,0.0,2025-05,2025-10,LTCUSDT,LTCUSDT,,,0.5,1
next_close,pure_horizon_12_single_position,False,base,-0.02,12,4.0,5.0,XRPUSDT,32,42.66828915845914,0.18538091380721475,0.17533488020007543,0.05932189241830872,0.59375,3.691008389858567,0.28411553138878315,0.3280745947497745,-0.1544917198524688,-15.44917198524688,2025-07-11T18:45:00+00:00,2025-10-10T22:30:00+00:00,2,1.8366772416903459,-2.228052180791208,0.6,1.0,2026-02,2025-10,XRPUSDT,XRPUSDT,1.10520399283856,0.9999999999999997,0.5,1
next_close,pure_horizon_12_single_position,False,base,-0.02,12,4.0,5.0,ETHUSDT,36,38.93836757357024,0.35593331489144037,0.2422155701245399,0.12813599336091852,0.5833333333333334,2.415861092034878,0.883991176640801,0.9193598852037568,-0.08559284846667925,-8.559284846667925,2025-12-07T17:30:00+00:00,2026-01-31T17:30:00+00:00,4,1.785022229629609,-1.6447911657419965,0.7,1.0,2026-02,2025-12,ETHUSDT,ETHUSDT,0.4658310537679362,0.9999999999999998,0.5,1
next_close,pure_horizon_12_single_position,False,base,-0.02,12,4.0,5.0,SOLUSDT,40,43.47540373825982,0.23334629602932624,0.1074769938945753,0.0933385184117305,0.575,2.386972709629197,0.6182775161524201,0.6445776900864405,-0.1338016032586468,-13.38016032586468,2025-11-05T04:30:00+00:00,2026-01-31T17:30:00+00:00,5,1.678737324560103,-1.7221827425711373,0.6666666666666666,1.0,2026-02,2026-01,SOLUSDT,SOLUSDT,0.6284896179698027,1.0000000000000002,0.5,1
next_close,pure_horizon_12_single_position,False,base,-0.02,12,4.0,5.0,BNBUSDT,17,45.93419126146259,0.5130864088671862,-0.016603438299931318,0.08722468950742164,0.4117647058823529,2.7040381115650893,0.7823519386728641,1.2860141276111077,-0.06438953674441496,-6.438953674441496,2025-10-11T04:30:00+00:00,2025-10-14T22:45:00+00:00,4,3.0631332546672096,-1.27194638319283,0.8,1.0,2025-11,2025-12,BNBUSDT,BNBUSDT,0.6648298714040997,1.0,0.5,1
next_close,pure_horizon_12_single_position,False,base,-0.02,12,4.0,5.0,BTCUSDT,4,12.367163389471829,0.9925111162851271,0.18460974232326294,0.039700444651405084,0.5,2.9854320848155895,0.6649028268525724,1.1691311529243815,-0.016666923209083674,-1.6666923209083675,2026-01-30T04:45:00+00:00,2026-02-05T18:15:00+00:00,1,2.8297241073497315,-0.8447018747794777,0.6666666666666666,1.0,2026-02,2025-10,BTCUSDT,BTCUSDT,0.9069986525620793,1.0,0.5,1
next_open,pure_horizon_12_single_position,False,base,-0.02,12,4.0,5.0,ADAUSDT,51,52.41409226801102,-0.06643780901213235,-0.17995002498750515,-0.033883282596187496,0.45098039215686275,2.826473371973295,-0.167863197549991,-0.17017448223961995,-0.2125699593615215,-21.25699593615215,2025-05-30T04:00:00+00:00,2026-02-05T23:30:00+00:00,7,2.185109027016332,-1.915922710035514,0.5,0.0,2025-05,2025-12,ADAUSDT,ADAUSDT,,,0.5,1
next_open,pure_horizon_12_single_position,False,base,-0.02,12,4.0,5.0,AVAXUSDT,38,39.05363737616507,-0.18000097619520958,0.18973889319155118,-0.06840037095417964,0.5,3.681473881428025,-0.3014011708200486,-0.3055511210278371,-0.25184175565255074,-25.184175565255075,2025-06-05T23:45:00+00:00,2025-10-11T00:00:00+00:00,4,2.2180188507336585,-2.5780208031240783,0.4166666666666667,0.0,2025-05,2025-10,AVAXUSDT,AVAXUSDT,,,0.5,1
next_open,pure_horizon_12_single_position,False,base,-0.02,12,4.0,5.0,LINKUSDT,45,48.66995681677977,-0.01312839723158946,0.007289428304204716,-0.005907778754215257,0.5111111111111111,3.0712761612632193,-0.028674714129301806,-0.029821076750994983,-0.18131459541268347,-18.131459541268345,2025-06-05T23:45:00+00:00,2025-10-11T00:00:00+00:00,3,2.0900791976550024,-2.2119363373403,0.5,0.0,2026-02,2025-12,LINKUSDT,LINKUSDT,,,0.5,1
next_open,pure_horizon_12_single_position,False,base,-0.02,12,4.0,5.0,LTCUSDT,40,49.541167743986435,-0.5513236163100599,-0.09206393514702751,-0.22052944652402395,0.5,3.949301230138538,-0.8829097877243398,-0.9825834734919998,-0.33187735691742026,-33.18773569174203,2025-05-30T04:00:00+00:00,2026-02-05T18:15:00+00:00,4,1.7976393311746164,-2.9002865637947366,0.2,0.0,2025-05,2025-10,LTCUSDT,LTCUSDT,,,0.5,1
next_open,pure_horizon_12_single_position,False,base,-0.02,12,4.0,5.0,XRPUSDT,32,42.66828915845914,0.44541127373411693,0.7992899495106311,0.14253160759491743,0.625,4.00949826562607,0.6284144523008596,0.7256443030965024,-0.1573696136311154,-15.73696136311154,2025-05-30T04:00:00+00:00,2025-10-10T22:30:00+00:00,3,2.513274477126263,-3.001027398586127,0.5,1.0,2025-11,2025-10,XRPUSDT,XRPUSDT,0.6251595834288296,0.9999999999999998,0.5,1
next_open,pure_horizon_12_single_position,False,base,-0.02,12,4.0,5.0,ETHUSDT,36,38.93836757357024,-0.07514701242027834,-0.2966365694111716,-0.0270529244713002,0.4166666666666667,2.7708302506865676,-0.16272453875871631,-0.16923518834378232,-0.12458346684749591,-12.458346684749591,2025-12-07T17:30:00+00:00,2026-02-05T23:30:00+00:00,4,2.354694791767996,-1.8107483011261887,0.4,0.0,2026-02,2025-12,ETHUSDT,ETHUSDT,,,0.5,1
next_open,pure_horizon_12_single_position,False,base,-0.02,12,4.0,5.0,SOLUSDT,40,43.47540373825982,0.004702068059357183,0.17461986983431604,0.001880827223742873,0.55,2.70192724112187,0.01100639910238488,0.011474587259349345,-0.13941483339900346,-13.941483339900346,2025-11-05T04:30:00+00:00,2026-01-31T17:30:00+00:00,2,1.924965537789054,-2.342286617165829,0.5833333333333334,1.0,2025-05,2026-01,SOLUSDT,SOLUSDT,36.401978403207025,0.9999999999999963,0.5,1
next_open,pure_horizon_12_single_position,False,base,-0.02,12,4.0,5.0,BNBUSDT,17,45.93419126146259,0.1425563328290736,-0.6087982105763645,0.024234576580942514,0.47058823529411764,3.515182191975682,0.16721034238189017,0.2748569434755586,-0.047926161646803564,-4.792616164680356,2025-10-11T04:30:00+00:00,2025-10-14T08:00:00+00:00,3,3.0515393379196345,-2.4432063383625358,0.6,1.0,2025-11,2025-12,BNBUSDT,BNBUSDT,1.7242327300447176,0.9999999999999991,0.5,1
next_open,pure_horizon_12_single_position,False,base,-0.02,12,4.0,5.0,BTCUSDT,4,12.367163389471829,0.746465630304918,-0.44566134964509113,0.02985862521219672,0.5,4.66746736292736,0.31985896087198207,0.5624236513892454,-0.03345253226654729,-3.3452532266547292,2026-01-30T04:45:00+00:00,2026-02-05T18:15:00+00:00,1,4.0805801904152865,-2.5876489298054506,0.6666666666666666,1.0,2026-02,2025-10,BTCUSDT,BTCUSDT,1.298514313018703,1.0,0.5,1
next_close,pure_horizon_12_single_position,False,stress,-0.02,12,8.0,10.0,ADAUSDT,51,52.41409226801102,-0.1922871701190092,-0.359800199800193,-0.09806645676069468,0.43137254901960786,2.1624149783474165,-0.6350330888761198,-0.6437767699041788,-0.22413944121575216,-22.413944121575216,2025-11-05T04:30:00+00:00,2026-02-05T23:30:00+00:00,8,1.5507127498648992,-1.5145629714861113,0.5833333333333334,0.0,2025-11,2025-12,ADAUSDT,ADAUSDT,,,0.5,1
next_close,pure_horizon_12_single_position,False,stress,-0.02,12,8.0,10.0,AVAXUSDT,38,39.05363737616507,-0.0837099619645925,0.03923034187824262,-0.03180978554654515,0.5263157894736842,2.5083301295008997,-0.2057236627880442,-0.20855624288324226,-0.17752599057506518,-17.75259905750652,2025-06-05T23:45:00+00:00,2025-10-11T00:00:00+00:00,3,1.4676145555631606,-1.8074038703287623,0.5833333333333334,0.0,2026-01,2025-10,AVAXUSDT,AVAXUSDT,,,0.5,1
next_close,pure_horizon_12_single_position,False,stress,-0.02,12,8.0,10.0,LINKUSDT,45,48.66995681677977,-0.06665168783643112,-0.359800199800193,-0.029993259526394006,0.4444444444444444,2.308967354190977,-0.19364202514189657,-0.20138347911457288,-0.11972683994135415,-11.972683994135416,2025-06-05T23:45:00+00:00,2025-10-11T00:00:00+00:00,3,1.899867836300501,-1.6398673071459768,0.3333333333333333,0.0,2026-02,2025-12,LINKUSDT,LINKUSDT,,,0.5,1
next_close,pure_horizon_12_single_position,False,stress,-0.02,12,8.0,10.0,LTCUSDT,40,49.541167743986435,-0.6283111924809656,-0.6130474125498008,-0.2513244769923862,0.4,3.120485459967903,-1.273452142691124,-1.4172150395074614,-0.3190335753209262,-31.90335753209262,2025-05-30T04:00:00+00:00,2026-02-05T23:30:00+00:00,5,1.6242867483680867,-2.1300431530470005,0.1,0.0,2025-05,2025-10,LTCUSDT,LTCUSDT,,,0.5,1
next_close,pure_horizon_12_single_position,False,stress,-0.02,12,8.0,10.0,XRPUSDT,32,42.66828915845914,0.005165590447425185,-0.004870402141605583,0.0016529889431760592,0.5,3.687319224206952,0.007924725389063404,0.009150858658840884,-0.16513910736255494,-16.513910736255493,2025-07-11T18:45:00+00:00,2025-10-10T22:30:00+00:00,4,1.9835055026115052,-1.9731743217166544,0.5,1.0,2026-02,2025-10,XRPUSDT,XRPUSDT,35.2670604023794,0.9999999999999937,0.5,1
next_close,pure_horizon_12_single_position,False,stress,-0.02,12,8.0,10.0,ETHUSDT,36,38.93836757357024,0.17554752427896136,0.06194344048316328,0.0631971087404261,0.5277777777777778,2.413446437063004,0.43642366762261475,0.45388508796028926,-0.09990970115029738,-9.990970115029738,2025-12-07T17:30:00+00:00,2026-01-31T17:30:00+00:00,4,1.7881485968546704,-1.6267713215409485,0.7,1.0,2026-02,2025-12,ETHUSDT,ETHUSDT,0.7441473728105682,1.0000000000000002,0.5,1
next_close,pure_horizon_12_single_position,False,stress,-0.02,12,8.0,10.0,SOLUSDT,40,43.47540373825982,0.05308303123406369,-0.07266046443887383,0.021233212493625475,0.45,2.384586928617187,0.14079024068360826,0.14677914974378936,-0.1462699709057478,-14.62699709057478,2025-11-05T04:30:00+00:00,2026-01-31T17:30:00+00:00,7,1.9413663125307998,-1.4918760170996292,0.5,1.0,2026-02,2026-01,SOLUSDT,SOLUSDT,2.3360645517430645,1.0000000000000007,0.5,1
next_close,pure_horizon_12_single_position,False,stress,-0.02,12,8.0,10.0,BNBUSDT,17,45.93419126146259,0.3325435436195155,-0.19661687814842105,0.05653240241531764,0.4117647058823529,2.701335423446236,0.5075682729215671,0.8343303536916845,-0.07152638075408706,-7.1526380754087056,2025-10-11T04:30:00+00:00,2025-10-14T22:45:00+00:00,4,2.880041615686216,-1.4507051068271746,0.6,1.0,2025-11,2025-12,BNBUSDT,BNBUSDT,0.9292143122604667,1.0,0.5,1
next_close,pure_horizon_12_single_position,False,stress,-0.02,12,8.0,10.0,BTCUSDT,4,12.367163389471829,0.8114890656831093,0.0043951897499440624,0.03245956262732437,0.5,2.9824481432096044,0.5441764796686883,0.9568521133847596,-0.018450564956821687,-1.8450564956821687,2026-01-30T04:45:00+00:00,2026-02-05T18:15:00+00:00,1,2.6468657609863766,-1.023887629620158,0.6666666666666666,1.0,2026-02,2025-10,BTCUSDT,BTCUSDT,0.9972918983534029,1.0,0.5,1
next_open,pure_horizon_12_single_position,False,stress,-0.02,12,8.0,10.0,ADAUSDT,51,52.41409226801102,-0.24640143936975828,-0.359800199800193,-0.12566473407857673,0.43137254901960786,2.8236483097199163,-0.6231860525589369,-0.6317666134149926,-0.2807689088269026,-28.076890882690257,2025-05-30T04:00:00+00:00,2026-02-05T23:30:00+00:00,7,2.0941980745680624,-2.02202865683983,0.5,0.0,2025-11,2025-12,ADAUSDT,ADAUSDT,,,0.5,1
next_open,pure_horizon_12_single_position,False,stress,-0.02,12,8.0,10.0,AVAXUSDT,38,39.05363737616507,-0.35985110008213345,0.00951921402810212,-0.1367434180312107,0.5,3.6777942455247277,-0.6031525996946039,-0.6114573227639288,-0.2713933434787789,-27.13933434787789,2025-06-05T23:45:00+00:00,2025-10-11T00:00:00+00:00,4,2.0357719042326994,-2.7554741043969666,0.4166666666666667,0.0,2025-05,2025-10,AVAXUSDT,AVAXUSDT,,,0.5,1
next_open,pure_horizon_12_single_position,False,stress,-0.02,12,8.0,10.0,LINKUSDT,45,48.66995681677977,-0.1931453103862382,-0.17274789248235653,-0.08691538967380719,0.4666666666666667,3.0682064184384967,-0.4222851901001413,-0.4391673795944289,-0.20633757623834836,-20.633757623834835,2025-06-05T23:45:00+00:00,2025-10-11T00:00:00+00:00,3,2.1060336673697657,-2.2049269159227416,0.5,0.0,2026-02,2025-12,LINKUSDT,LINKUSDT,,,0.5,1
next_open,pure_horizon_12_single_position,False,stress,-0.02,12,8.0,10.0,LTCUSDT,40,49.541167743986435,-0.7308026029399268,-0.27200195217236917,-0.29232104117597074,0.425,3.945353900599509,-1.1715049161590647,-1.3037587596570197,-0.38555465574973563,-38.55546557497356,2025-05-30T04:00:00+00:00,2026-02-05T18:15:00+00:00,6,1.9212319933089668,-2.691002087123892,0.1,0.0,2025-05,2025-10,LTCUSDT,LTCUSDT,,,0.5,1
next_open,pure_horizon_12_single_position,False,stress,-0.02,12,8.0,10.0,XRPUSDT,32,42.66828915845914,0.26493604983471913,0.6184610236096112,0.08477953594711013,0.59375,4.005490769104952,0.3741625448025061,0.43205390658017656,-0.17161472538416328,-17.161472538416326,2025-05-30T04:00:00+00:00,2025-10-10T22:30:00+00:00,3,2.459012259697347,-2.941790718426044,0.5,1.0,2025-11,2025-10,XRPUSDT,XRPUSDT,0.9650293269582978,1.0000000000000002,0.5,1
next_open,pure_horizon_12_single_position,False,stress,-0.02,12,8.0,10.0,ETHUSDT,36,38.93836757357024,-0.255101937922571,-0.47637011593526063,-0.09183669765212557,0.4166666666666667,2.768060803774611,-0.5529544818698484,-0.5750783292957393,-0.1572760006544573,-15.72760006544573,2025-05-30T04:00:00+00:00,2026-02-05T23:30:00+00:00,4,2.172311237561549,-1.9889684918397994,0.3,0.0,2025-05,2025-12,ETHUSDT,ETHUSDT,,,0.5,1
next_open,pure_horizon_12_single_position,False,stress,-0.02,12,8.0,10.0,SOLUSDT,40,43.47540373825982,-0.1753326666587114,-0.005584697853961844,-0.07013306666348455,0.5,2.69922666281961,-0.41082179759843773,-0.42829725877963043,-0.1555387779201108,-15.55387779201108,2025-05-30T04:00:00+00:00,2026-01-31T17:30:00+00:00,3,1.929615507482469,-2.280280840799891,0.5,0.0,2025-05,2026-01,SOLUSDT,SOLUSDT,,,0.5,1
next_open,pure_horizon_12_single_position,False,stress,-0.02,12,8.0,10.0,BNBUSDT,17,45.93419126146259,-0.03761618732993487,-0.7882197513062027,-0.006394751846088929,0.47058823529411764,3.5116687647406137,-0.044165758214897655,-0.0725987707237783,-0.05327916046224833,-5.327916046224833,2025-10-11T04:30:00+00:00,2025-10-14T08:00:00+00:00,3,2.8684592870671195,-2.620794386793984,0.6,0.0,2025-11,2025-10,BNBUSDT,BNBUSDT,,,0.5,1
next_open,pure_horizon_12_single_position,False,stress,-0.02,12,8.0,10.0,BTCUSDT,4,12.367163389471829,0.5656895023505214,-0.6252459457896828,0.022627580094020855,0.5,4.6628022258004265,0.24263928640182197,0.4266445218747889,-0.03521939678545356,-3.5219396785453565,2026-01-30T04:45:00+00:00,2026-02-05T18:15:00+00:00,1,3.896471612459545,-2.7650926077585023,0.6666666666666666,1.0,2026-02,2025-10,BTCUSDT,BTCUSDT,1.5526405768462166,1.0,0.5,1
next_close,pure_horizon_12_stacked,True,base,-0.02,12,4.0,5.0,ADAUSDT,60,61.663637962365904,0.8959002699548406,0.029047787826122013,0.5375401619729043,0.5166666666666667,5.692627332293541,1.2190528635921976,1.235837830521175,-0.26662252659327645,-26.662252659327645,2025-11-05T04:30:00+00:00,2026-02-05T23:30:00+00:00,8,3.2409561846339288,-1.610883638840047,0.5833333333333334,1.0,2025-10,2025-12,ADAUSDT,ADAUSDT,1.1174895137658902,1.0000000000000002,0.75,5
next_close,pure_horizon_12_stacked,True,base,-0.02,12,4.0,5.0,AVAXUSDT,46,47.27545577114719,0.6558221475743593,0.3166217488116874,0.3016781878842053,0.6086956521739131,3.6336865013129356,1.2241018077602497,1.2409562928893136,-0.12818629494365202,-12.818629494365203,2025-08-14T15:45:00+00:00,2025-10-11T00:00:00+00:00,3,2.3519971847272347,-1.9826723546634464,0.6666666666666666,1.0,2025-10,2025-06,AVAXUSDT,AVAXUSDT,0.506103969954914,1.0000000000000004,0.9130434782608695,6
next_close,pure_horizon_12_stacked,True,base,-0.02,12,4.0,5.0,LINKUSDT,55,59.48550277606416,1.1627629028865492,0.2660629737332965,0.639519596587602,0.509090909090909,5.226791891474796,1.6498228091505354,1.7157797073535537,-0.09326778704042948,-9.326778704042948,2025-11-05T04:30:00+00:00,2026-02-05T23:30:00+00:00,3,3.7432291887818776,-1.5132762084123093,0.5833333333333334,1.0,2025-10,2025-12,LINKUSDT,LINKUSDT,0.9190073259807069,1.0000000000000004,0.8636363636363636,6
next_close,pure_horizon_12_stacked,True,base,-0.02,12,4.0,5.0,LTCUSDT,50,61.92645967998305,0.00047803142414662436,-0.2690689006969204,0.00023901571207331218,0.44,3.7005321760104763,0.0009134341915079835,0.0010165538463579639,-0.18619975275033274,-18.619975275033273,2025-07-24T09:45:00+00:00,2025-10-11T00:00:00+00:00,6,2.4972461046999808,-1.9612683118640097,0.3,1.0,2025-10,2025-11,LTCUSDT,LTCUSDT,245.83096999631795,1.000000000000029,1.0,7
next_close,pure_horizon_12_stacked,True,base,-0.02,12,4.0,5.0,XRPUSDT,41,54.66874548427577,0.66367463725473,0.39084755572626145,0.2721066012744393,0.6341463414634146,5.155830897258392,0.8242301270654419,0.9517570672598075,-0.20593690849391508,-20.593690849391507,2026-01-31T20:15:00+00:00,2026-02-05T20:15:00+00:00,3,2.772867336075219,-2.9922593740341186,0.6,1.0,2025-10,2026-02,XRPUSDT,XRPUSDT,0.7178659999786796,1.0,0.8902439024390244,4
next_close,pure_horizon_12_stacked,True,base,-0.02,12,4.0,5.0,ETHUSDT,41,44.34647418101055,0.37095747218963226,0.26108575906894865,0.15209256359774923,0.5853658536585366,2.5053181404347398,0.9480978654559538,0.9860314987077003,-0.1140964527289588,-11.40964527289588,2025-12-07T17:30:00+00:00,2026-02-05T23:30:00+00:00,4,1.8530590802224352,-1.72142126856256,0.7,1.0,2025-10,2025-12,ETHUSDT,ETHUSDT,0.6040837688410767,1.0,0.6463414634146342,3
next_close,pure_horizon_12_stacked,True,base,-0.02,12,4.0,5.0,SOLUSDT,47,51.08359939245529,0.06817305633313596,0.02556334669531431,0.0320413364765739,0.5319148936170213,2.7084133024042183,0.17256263172935418,0.1799030688476846,-0.18645869831245848,-18.645869831245847,2025-11-05T04:30:00+00:00,2026-02-05T23:30:00+00:00,3,1.9184560368151173,-2.034421239669116,0.6666666666666666,1.0,2025-05,2026-01,SOLUSDT,SOLUSDT,1.7030074077166242,1.0000000000000002,0.7978723404255319,5
next_close,pure_horizon_12_stacked,True,base,-0.02,12,4.0,5.0,BNBUSDT,22,59.44424751483393,1.0239275804741597,0.2976123259995212,0.22526406770431515,0.5,3.6480152988130365,1.3165092980658608,2.1640510782347766,-0.06423060827460395,-6.423060827460395,2025-10-11T04:30:00+00:00,2025-10-14T08:00:00+00:00,3,3.447249719933823,-1.3993945589855044,0.8,1.0,2025-10,2025-12,BNBUSDT,BNBUSDT,0.634675598692747,0.9999999999999999,1.0909090909090908,5
next_close,pure_horizon_12_stacked,True,base,-0.02,12,4.0,5.0,BTCUSDT,5,15.458954236839785,0.9985123063487558,0.3919309132971139,0.049925615317437784,0.6,2.5854948503517985,0.8635644325735602,1.5184475684340513,-0.016666923209083674,-1.6666923209083675,2026-01-30T04:45:00+00:00,2026-02-05T18:15:00+00:00,1,2.2273217604342443,-0.8447018747794777,1.0,1.0,2026-02,2026-01,BTCUSDT,BTCUSDT,0.7212379772586004,1.0,0.7,2
next_open,pure_horizon_12_stacked,True,base,-0.02,12,4.0,5.0,ADAUSDT,60,61.663637962365904,0.7992887236631836,-0.14109352947019085,0.4795732341979102,0.48333333333333334,5.858102005135927,1.0568719741803347,1.0714238953189363,-0.23448396005061156,-23.448396005061156,2025-11-05T04:30:00+00:00,2026-02-05T23:30:00+00:00,6,3.7349716062957623,-1.9469952633156793,0.5833333333333334,1.0,2025-10,2025-12,ADAUSDT,ADAUSDT,1.0247322307553501,1.0000000000000004,0.75,5
next_open,pure_horizon_12_stacked,True,base,-0.02,12,4.0,5.0,AVAXUSDT,46,47.27545577114719,0.29726462458386227,0.46853727137057494,0.13674172730857664,0.5217391304347826,4.441499963131264,0.45393375953474496,0.46018390944152204,-0.3099020845511825,-30.99020845511825,2025-07-24T09:45:00+00:00,2025-10-11T00:15:00+00:00,5,2.9865980549141633,-2.636553663049194,0.5,1.0,2025-05,2025-06,AVAXUSDT,AVAXUSDT,0.6636025578359235,0.9999999999999998,0.9130434782608695,6
next_open,pure_horizon_12_stacked,True,base,-0.02,12,4.0,5.0,LINKUSDT,55,59.48550277606416,0.9299309670601457,0.2920085336570866,0.5114620318830801,0.5454545454545454,5.551440363684628,1.2422996878664925,1.2919645570850482,-0.18672005942587283,-18.672005942587283,2025-08-14T15:45:00+00:00,2025-10-11T00:15:00+00:00,3,3.4992166666248923,-2.15321187241755,0.5833333333333334,1.0,2025-10,2025-12,LINKUSDT,LINKUSDT,0.8788370849846755,1.0000000000000002,0.8636363636363636,6
next_open,pure_horizon_12_stacked,True,base,-0.02,12,4.0,5.0,LTCUSDT,50,61.92645967998305,-0.25943789263827727,-0.09206393514702751,-0.12971894631913863,0.5,4.770144246654877,-0.38458017975016184,-0.42799630733403227,-0.38345964168963237,-38.345964168963235,2025-07-24T09:45:00+00:00,2025-10-11T00:15:00+00:00,5,2.6213942703479085,-3.140270055624464,0.2,0.0,2025-05,2025-10,LTCUSDT,LTCUSDT,,,1.0,7
next_open,pure_horizon_12_stacked,True,base,-0.02,12,4.0,5.0,XRPUSDT,41,54.66874548427577,0.7672020495455159,0.8742226650051779,0.3145528403136615,0.6341463414634146,5.169084646614378,0.9503597588928262,1.0974017901844517,-0.18786854747629347,-18.78685474762935,2025-08-10T10:45:00+00:00,2025-10-11T00:00:00+00:00,3,3.2389008531361467,-3.5170758766782453,0.6,1.0,2025-10,2026-02,XRPUSDT,XRPUSDT,0.4689864360789227,1.0000000000000002,0.8902439024390244,4
next_open,pure_horizon_12_stacked,True,base,-0.02,12,4.0,5.0,ETHUSDT,41,44.34647418101055,0.1256462141971449,-0.2149857519288955,0.05151494782082941,0.43902439024390244,2.822302604263805,0.2850609705181767,0.2964663314033878,-0.14932284755733993,-14.932284755733994,2025-12-07T17:30:00+00:00,2026-02-05T23:30:00+00:00,4,2.536174843150961,-1.7608544519406248,0.5,1.0,2025-10,2025-12,ETHUSDT,ETHUSDT,1.7213620377093115,1.0,0.6463414634146342,3
next_open,pure_horizon_12_stacked,True,base,-0.02,12,4.0,5.0,SOLUSDT,47,51.08359939245529,0.06586840060640037,0.09396082312899354,0.03095814828500817,0.5319148936170213,2.8697503861186893,0.15735549886938882,0.1640490577998405,-0.1701610707567148,-17.01610707567148,2025-11-05T04:30:00+00:00,2026-02-05T23:30:00+00:00,3,2.1276099657162373,-2.277019741563869,0.5,1.0,2025-10,2026-01,SOLUSDT,SOLUSDT,2.8459887910508455,1.0000000000000002,0.7978723404255319,5
next_open,pure_horizon_12_stacked,True,base,-0.02,12,4.0,5.0,BNBUSDT,22,59.44424751483393,0.8187324701098244,0.2557965202678059,0.18012114342416138,0.5,4.172217726623103,0.9204207288555029,1.5129687831568546,-0.04883808173963322,-4.883808173963322,2025-10-11T04:30:00+00:00,2025-10-14T09:30:00+00:00,4,3.6654208910387105,-2.027955950819062,0.8,1.0,2025-10,2025-12,BNBUSDT,BNBUSDT,0.7139123573236655,0.9999999999999999,1.0909090909090908,5
next_open,pure_horizon_12_stacked,True,base,-0.02,12,4.0,5.0,BTCUSDT,5,15.458954236839785,1.1832028867977276,0.9387219336659893,0.05916014433988638,0.6,4.1584415162460076,0.6362292401414141,1.118712983326906,-0.03345253226654729,-3.3452532266547292,2026-01-30T04:45:00+00:00,2026-02-05T18:15:00+00:00,1,3.6971040978665126,-2.5876489298054506,1.0,1.0,2026-02,2026-01,BTCUSDT,BTCUSDT,0.6553711563370571,1.0,0.7,2
next_close,pure_horizon_12_stacked,True,stress,-0.02,12,8.0,10.0,ADAUSDT,60,61.663637962365904,0.7149747819661381,-0.1510112804570983,0.42898486917968287,0.4666666666666667,5.6869375470089985,0.9738406306112899,0.9872493048920249,-0.29876144347769873,-29.876144347769873,2025-11-05T04:30:00+00:00,2026-02-05T23:30:00+00:00,8,3.399310561247727,-1.6338190249052524,0.5833333333333334,1.0,2025-10,2025-12,ADAUSDT,ADAUSDT,1.35690588866094,0.9999999999999998,0.75,5
next_close,pure_horizon_12_stacked,True,stress,-0.02,12,8.0,10.0,AVAXUSDT,46,47.27545577114719,0.4751366178488839,0.13627525013895542,0.2185628442104866,0.5652173913043478,3.630054628931876,0.8877368686502195,0.8999599923776189,-0.14935943972127153,-14.935943972127152,2025-06-05T23:45:00+00:00,2025-10-11T00:00:00+00:00,3,2.345655837848238,-1.956538368150277,0.6666666666666666,1.0,2025-10,2025-06,AVAXUSDT,AVAXUSDT,0.6154976671378204,0.9999999999999999,0.9130434782608695,6
next_close,pure_horizon_12_stacked,True,stress,-0.02,12,8.0,10.0,LINKUSDT,55,59.48550277606416,0.9815706854962487,0.08576700859415545,0.5398638770229368,0.509090909090909,5.221567709062434,1.3941259480597288,1.4498605534539326,-0.11837877071704256,-11.837877071704256,2025-11-05T04:30:00+00:00,2026-02-05T23:30:00+00:00,3,3.5594577934050844,-1.6917937227055067,0.4166666666666667,1.0,2025-10,2025-12,LINKUSDT,LINKUSDT,1.0475458434410168,1.0000000000000002,0.8636363636363636,6
next_close,pure_horizon_12_stacked,True,stress,-0.02,12,8.0,10.0,LTCUSDT,50,61.92645967998305,-0.17955248136613805,-0.4488300011265555,-0.08977624068306903,0.42,3.696833491327466,-0.34343655847825966,-0.38220788946454204,-0.19861574840775198,-19.861574840775198,2025-07-24T09:45:00+00:00,2025-10-11T00:00:00+00:00,6,2.428567117843164,-2.068190811828047,0.3,0.0,2025-05,2025-11,LTCUSDT,LTCUSDT,,,1.0,7
next_close,pure_horizon_12_stacked,True,stress,-0.02,12,8.0,10.0,XRPUSDT,41,54.66874548427577,0.48298125895993416,0.21042686830390805,0.19802231617357302,0.5609756097560976,5.1506776404129315,0.6004237153587915,0.6933227695494664,-0.21490316819955224,-21.490316819955225,2025-11-05T04:30:00+00:00,2026-02-05T20:15:00+00:00,4,2.9407122534983174,-2.65745278961689,0.5,1.0,2025-10,2026-02,XRPUSDT,XRPUSDT,0.9036261123331573,0.9999999999999999,0.8902439024390244,4
next_close,pure_horizon_12_stacked,True,stress,-0.02,12,8.0,10.0,ETHUSDT,41,44.34647418101055,0.19055666492067475,0.08079476865959126,0.07812823261747665,0.5365853658536586,2.5028140730759523,0.4875144393999556,0.5070200143231046,-0.1391866181386075,-13.91866181386075,2025-12-07T17:30:00+00:00,2026-02-05T23:30:00+00:00,4,1.837077267090847,-1.715940874434261,0.7,1.0,2025-10,2025-12,ETHUSDT,ETHUSDT,1.0595826083345883,1.0,0.6463414634146342,3
next_close,pure_horizon_12_stacked,True,stress,-0.02,12,8.0,10.0,SOLUSDT,47,51.08359939245529,-0.11192511768527366,-0.15449223888638994,-0.052604805312078624,0.425531914893617,2.705706241278848,-0.2835932209687338,-0.2956566566317381,-0.2114765376034195,-21.14765376034195,2025-11-05T04:30:00+00:00,2026-02-05T23:30:00+00:00,6,2.1962815118406827,-1.8217078062230188,0.4166666666666667,0.0,2025-05,2026-01,SOLUSDT,SOLUSDT,,,0.7978723404255319,5
next_close,pure_horizon_12_stacked,True,stress,-0.02,12,8.0,10.0,BNBUSDT,22,59.44424751483393,0.8428741290926556,0.1172848272591388,0.18543230840038422,0.5,3.644369104788139,1.0848050746148195,1.7831804111400327,-0.06956731078342555,-6.956731078342555,2025-10-11T04:30:00+00:00,2025-10-14T08:00:00+00:00,3,3.2637741562579503,-1.5780258980726385,0.8,1.0,2025-10,2025-12,BNBUSDT,BNBUSDT,0.6537323816483244,0.9999999999999997,1.0909090909090908,5
next_close,pure_horizon_12_stacked,True,stress,-0.02,12,8.0,10.0,BTCUSDT,5,15.458954236839785,0.8174842575527764,0.2115091430580353,0.04087421287763882,0.6,2.5829106463113627,0.7077094877573243,1.2444001979566,-0.018450564956821687,-1.8450564956821687,2026-01-30T04:45:00+00:00,2026-02-05T18:15:00+00:00,1,2.045065515668066,-1.023887629620158,1.0,1.0,2026-02,2026-01,BTCUSDT,BTCUSDT,0.7919824396186759,1.0,0.7,2
next_open,pure_horizon_12_stacked,True,stress,-0.02,12,8.0,10.0,ADAUSDT,60,61.663637962365904,0.6184597989873952,-0.320982541379262,0.3710758793924372,0.4666666666666667,5.852246827791875,0.818586287373234,0.8298572865008573,-0.26665499945637733,-26.665499945637734,2025-11-05T04:30:00+00:00,2026-02-05T23:30:00+00:00,6,3.6782435252707404,-2.0588509615105317,0.5833333333333334,1.0,2025-10,2025-12,ADAUSDT,ADAUSDT,1.2745101044117764,1.0000000000000002,0.75,5
next_open,pure_horizon_12_stacked,True,stress,-0.02,12,8.0,10.0,AVAXUSDT,46,47.27545577114719,0.11693747337130854,0.2880389330192014,0.053791237750801926,0.5217391304347826,4.4370606805897586,0.17874637939180074,0.18120751307711525,-0.3300307207309496,-33.003072073094955,2025-06-05T23:45:00+00:00,2025-10-11T00:15:00+00:00,5,2.8035829129226713,-2.8139484606847254,0.5,1.0,2025-05,2025-06,AVAXUSDT,AVAXUSDT,1.4844362090721277,0.9999999999999998,0.9130434782608695,6
next_open,pure_horizon_12_stacked,True,stress,-0.02,12,8.0,10.0,LINKUSDT,55,59.48550277606416,0.7489714653641809,0.11168663591135013,0.4119343059502995,0.509090909090909,5.545891694881011,1.0015559902546627,1.0415963667893178,-0.19904399671460293,-19.904399671460293,2025-07-24T09:45:00+00:00,2025-10-11T00:15:00+00:00,3,3.5647963912038447,-2.17114327254362,0.5833333333333334,1.0,2025-10,2025-12,LINKUSDT,LINKUSDT,1.0376385831779105,0.9999999999999999,0.8636363636363636,6
next_open,pure_horizon_12_stacked,True,stress,-0.02,12,8.0,10.0,LTCUSDT,50,61.92645967998305,-0.43920861926768706,-0.27200195217236917,-0.21960430963384353,0.44,4.765376483905716,-0.6517163839806843,-0.7252901227359826,-0.39747877629021017,-39.74787762902102,2025-07-24T09:45:00+00:00,2025-10-11T00:15:00+00:00,7,2.7869680247819075,-2.9740616967352267,0.2,0.0,2025-05,2025-10,LTCUSDT,LTCUSDT,,,1.0,7
next_open,pure_horizon_12_stacked,True,stress,-0.02,12,8.0,10.0,XRPUSDT,41,54.66874548427577,0.5864051955245543,0.693318843798867,0.24042613016506725,0.6097560975609756,5.163918142636495,0.7271271961919122,0.83963012882871,-0.19488197412220726,-19.488197412220725,2025-08-10T10:45:00+00:00,2025-10-11T00:00:00+00:00,3,3.182122255126725,-3.4694027101038376,0.6,1.0,2025-10,2026-02,XRPUSDT,XRPUSDT,0.545576576605028,1.0,0.8902439024390244,4
next_open,pure_horizon_12_stacked,True,stress,-0.02,12,8.0,10.0,ETHUSDT,41,44.34647418101055,-0.0545094042856214,-0.39480090850624966,-0.022348855757104772,0.43902439024390244,2.8194817106958747,-0.12379242838328054,-0.12874539447331193,-0.17437780415895993,-17.437780415895993,2025-12-07T17:30:00+00:00,2026-02-05T23:30:00+00:00,4,2.3536098994971595,-1.939124511593885,0.4,0.0,2025-10,2025-12,ETHUSDT,ETHUSDT,,,0.6463414634146342,3
next_open,pure_horizon_12_stacked,True,stress,-0.02,12,8.0,10.0,SOLUSDT,47,51.08359939245529,-0.1142274699068852,-0.08616312578166405,-0.053686910856236045,0.48936170212765956,2.8668820684572434,-0.27315531677266425,-0.28477474680924436,-0.19519519953863168,-19.519519953863167,2025-11-05T04:30:00+00:00,2026-02-05T23:30:00+00:00,3,2.1253213809248552,-2.260461785287303,0.4166666666666667,0.0,2025-10,2026-01,SOLUSDT,SOLUSDT,,,0.7978723404255319,5
next_open,pure_horizon_12_stacked,True,stress,-0.02,12,8.0,10.0,BNBUSDT,22,59.44424751483393,0.6378841113948958,0.07551081645659108,0.14033450450687707,0.5,4.168047591878791,0.7178281013050848,1.1799511624404637,-0.05599046944023705,-5.599046944023705,2025-10-11T04:30:00+00:00,2025-10-14T09:30:00+00:00,4,3.4817272651138294,-2.205959042324038,0.8,1.0,2025-10,2025-12,BNBUSDT,BNBUSDT,0.7614562061586594,0.9999999999999998,1.0909090909090908,5
next_open,pure_horizon_12_stacked,True,stress,-0.02,12,8.0,10.0,BTCUSDT,5,15.458954236839785,1.0019902396281901,0.757753645392283,0.05009951198140951,0.6,4.154285150834287,0.5393270339543215,0.9483250958566193,-0.03521939678545356,-3.5219396785453565,2026-01-30T04:45:00+00:00,2026-02-05T18:15:00+00:00,1,3.513378804552652,-2.7650926077585023,1.0,1.0,2026-02,2025-10,BTCUSDT,BTCUSDT,0.7012543160670142,1.0,0.7,2
next_close,pure_horizon_6_stacked,True,base,-0.02,6,4.0,5.0,ADAUSDT,60,61.663637962365904,0.6837054337145916,-0.039790869272480135,0.41022326022875494,0.5,5.110888567700856,1.0362111102255283,1.0504785548425921,-0.15182652020814352,-15.182652020814352,2025-05-30T02:30:00+00:00,2025-10-10T22:30:00+00:00,6,2.8062848543977834,-1.4388739869686007,0.5833333333333334,1.0,2025-10,2025-12,ADAUSDT,ADAUSDT,0.9316927383032113,1.0000000000000004,0.65,4
next_close,pure_horizon_6_stacked,True,base,-0.02,6,4.0,5.0,AVAXUSDT,46,47.27545577114719,0.28870309835536756,0.14327091099820785,0.13280342524346908,0.5869565217391305,3.2957637644975475,0.5941201554824698,0.6023005121014819,-0.14303989582713333,-14.303989582713333,2025-06-05T22:15:00+00:00,2025-10-10T22:30:00+00:00,4,1.706503658253293,-1.7260661183416852,0.75,1.0,2026-02,2025-06,AVAXUSDT,AVAXUSDT,0.6222254618130761,0.9999999999999998,0.8043478260869565,5
next_close,pure_horizon_6_stacked,True,base,-0.02,6,4.0,5.0,LINKUSDT,55,59.48550277606416,0.868242733274364,0.09300093122838424,0.47753350330090016,0.5272727272727272,4.726676775362657,1.3622806785740285,1.4167421683426837,-0.13284682195301623,-13.284682195301622,2025-08-14T14:15:00+00:00,2025-10-10T22:30:00+00:00,4,2.9704657720309764,-1.4765445022618573,0.5833333333333334,1.0,2025-10,2025-06,LINKUSDT,LINKUSDT,0.7826704207352265,1.0000000000000004,0.7545454545454545,5
next_close,pure_horizon_6_stacked,True,base,-0.02,6,4.0,5.0,LTCUSDT,50,61.92645967998305,0.1305919026942325,-0.2194133496435746,0.06529595134711624,0.46,3.828510296392481,0.24119673923864787,0.2684259854530564,-0.1983259072210353,-19.83259072210353,2025-08-14T14:15:00+00:00,2025-10-10T22:30:00+00:00,5,2.2989034527570613,-1.716488306618549,0.6,1.0,2026-02,2025-11,LTCUSDT,LTCUSDT,0.6748455800186759,0.9999999999999991,0.82,5
next_close,pure_horizon_6_stacked,True,base,-0.02,6,4.0,5.0,XRPUSDT,41,54.66874548427577,0.4931161180007187,0.4504307351317483,0.20217760838029467,0.5121951219512195,4.623118589259876,0.6829770221284084,0.788648929760802,-0.15108566711170957,-15.108566711170957,2025-08-14T14:15:00+00:00,2025-10-10T21:00:00+00:00,4,2.6357208617112025,-1.7566188628952908,0.6,1.0,2025-10,2025-12,XRPUSDT,XRPUSDT,0.47108806781821383,1.0,0.6951219512195121,3
next_close,pure_horizon_6_stacked,True,base,-0.02,6,4.0,5.0,ETHUSDT,41,44.34647418101055,0.42316132536071877,-0.09261144611833796,0.1734961433978947,0.4634146341463415,2.0489293818434744,1.3224245612230765,1.3753350994030284,-0.0764246777599055,-7.64246777599055,2025-10-29T20:15:00+00:00,2026-01-31T18:45:00+00:00,5,1.904331507612756,-0.8560311047660403,0.5,1.0,2026-02,2025-12,ETHUSDT,ETHUSDT,0.7101241721717944,1.0,0.6219512195121951,3
next_close,pure_horizon_6_stacked,True,base,-0.02,6,4.0,5.0,SOLUSDT,47,51.08359939245529,0.3469384455917703,0.05193751303661739,0.16306106942813203,0.5106382978723404,2.499320582016289,0.9516546887548121,0.992135998822713,-0.0611643167656933,-6.11643167656933,2025-11-05T03:00:00+00:00,2026-01-31T20:15:00+00:00,4,1.743708094134493,-1.1105603181049837,0.75,1.0,2026-02,2026-01,SOLUSDT,SOLUSDT,0.7579424039663973,0.9999999999999998,0.6914893617021277,4
next_close,pure_horizon_6_stacked,True,base,-0.02,6,4.0,5.0,BNBUSDT,22,59.44424751483393,0.9179159615084247,0.02101186130007099,0.20194151153185344,0.5,3.6683827926797634,1.1736527334726374,1.9292263769622033,-0.06858337761777958,-6.858337761777958,2025-10-11T03:00:00+00:00,2025-10-14T06:30:00+00:00,3,3.3218377410130664,-1.4860058179962172,0.8,1.0,2026-02,2025-12,BNBUSDT,BNBUSDT,0.42585841463816015,0.9999999999999999,0.9090909090909091,4
next_close,pure_horizon_6_stacked,True,base,-0.02,6,4.0,5.0,BTCUSDT,5,15.458954236839785,2.141142377957599,1.3935845813495853,0.10705711889787994,0.8,2.799634117769091,1.7101305760746637,3.0070062140083573,-0.0031313441811627665,-0.3131344181162766,2025-10-10T23:00:00+00:00,2026-01-30T03:15:00+00:00,1,2.7547115769760677,-0.31313441811627646,0.6666666666666666,1.0,2026-02,2026-01,BTCUSDT,BTCUSDT,0.832155601944103,1.0,0.7,2
next_open,pure_horizon_6_stacked,True,base,-0.02,6,4.0,5.0,ADAUSDT,60,61.663637962365904,0.6050982712969148,0.21873456979762065,0.36305896277814886,0.55,5.565565935959023,0.8421553367682906,0.8537508548125732,-0.2995059612055561,-29.950596120555613,2025-05-30T02:30:00+00:00,2025-10-10T22:45:00+00:00,5,2.732743502567387,-1.9953570113669963,0.6666666666666666,1.0,2025-10,2025-12,ADAUSDT,ADAUSDT,0.7824285857404526,1.0000000000000004,0.65,4
next_open,pure_horizon_6_stacked,True,base,-0.02,6,4.0,5.0,AVAXUSDT,46,47.27545577114719,-0.06169404376360023,0.39445902808412875,-0.028379260131256107,0.5652173913043478,4.327950534818532,-0.09668071745086447,-0.09801190061243853,-0.3372145845864429,-33.721458458644285,2025-06-05T22:15:00+00:00,2025-10-10T22:45:00+00:00,4,1.934868239408092,-2.657225011886801,0.4166666666666667,0.0,2026-02,2025-10,AVAXUSDT,AVAXUSDT,,,0.8043478260869565,5
next_open,pure_horizon_6_stacked,True,base,-0.02,6,4.0,5.0,LINKUSDT,55,59.48550277606416,0.6466035072253025,0.05297539755396937,0.3556319289739164,0.5454545454545454,5.229993648045869,0.9168921177995627,0.9535477875729692,-0.26569612382551994,-26.569612382551995,2025-06-05T22:15:00+00:00,2025-10-10T22:45:00+00:00,3,2.848976041618977,-1.9962435340471067,0.6666666666666666,1.0,2025-10,2025-06,LINKUSDT,LINKUSDT,0.6816000134526743,1.0000000000000002,0.7545454545454545,5
next_open,pure_horizon_6_stacked,True,base,-0.02,6,4.0,5.0,LTCUSDT,50,61.92645967998305,-0.13759518078537056,-0.013090774242638858,-0.06879759039268528,0.5,4.669744395227071,-0.20835077288463327,-0.23187196355970585,-0.3851316447828337,-38.51316447828337,2025-07-24T08:15:00+00:00,2025-10-10T22:45:00+00:00,5,2.15944816213326,-2.4346385237040016,0.4,0.0,2025-05,2025-10,LTCUSDT,LTCUSDT,,,0.82,5
next_open,pure_horizon_6_stacked,True,base,-0.02,6,4.0,5.0,XRPUSDT,41,54.66874548427577,0.6050997102075979,0.4384631918482729,0.24809088118511516,0.6097560975609756,4.820247024509754,0.803802917317899,0.9281693086918915,-0.2130084817932245,-21.30084817932245,2025-05-30T02:30:00+00:00,2025-10-10T22:30:00+00:00,2,2.6787948883100374,-2.6350490055774642,0.7,1.0,2025-11,2025-12,XRPUSDT,XRPUSDT,0.3511222447255558,1.0,0.6951219512195121,3
next_open,pure_horizon_6_stacked,True,base,-0.02,6,4.0,5.0,ETHUSDT,41,44.34647418101055,0.17393745755600604,-0.16056431138189212,0.07131435759796248,0.4146341463414634,2.2649151131103054,0.491737259302781,0.5114117903087548,-0.10319690412491118,-10.319690412491118,2025-10-29T20:15:00+00:00,2026-01-31T18:45:00+00:00,4,2.0293938442776756,-1.1403441497051767,0.4,1.0,2026-02,2025-12,ETHUSDT,ETHUSDT,1.6110851756858238,1.0000000000000004,0.6219512195121951,3
next_open,pure_horizon_6_stacked,True,base,-0.02,6,4.0,5.0,SOLUSDT,47,51.08359939245529,0.33974133697787917,0.31908502272445466,0.15967842837960322,0.5957446808510638,2.471447862618531,0.9424229800789867,0.9825115934410568,-0.09967928056059078,-9.967928056059078,2025-05-30T02:30:00+00:00,2025-10-10T22:30:00+00:00,4,1.6551253575954499,-1.5987193249848577,0.5,1.0,2026-02,2025-06,SOLUSDT,SOLUSDT,0.5837379886424504,0.9999999999999998,0.6914893617021277,4
next_open,pure_horizon_6_stacked,True,base,-0.02,6,4.0,5.0,BNBUSDT,22,59.44424751483393,0.7099554783080079,0.5392570170072131,0.15619020522776172,0.5454545454545454,4.102724651356494,0.8116524132634294,1.3341776489198127,-0.05698630586851706,-5.6986305868517055,2025-10-11T03:00:00+00:00,2025-10-14T08:00:00+00:00,2,3.2963347025002143,-2.3936995907226413,0.8,1.0,2026-02,2025-12,BNBUSDT,BNBUSDT,0.49786744443565356,0.9999999999999998,0.9090909090909091,4
next_open,pure_horizon_6_stacked,True,base,-0.02,6,4.0,5.0,BTCUSDT,5,15.458954236839785,2.317371103444277,0.25999390008867534,0.11586855517221385,0.8,4.016204640504449,1.2902229294133405,2.26866206620739,0.0,0.0,2025-10-10T22:30:00+00:00,2025-10-10T22:30:00+00:00,1,3.1727741156030747,-1.1042409451909128,1.0,1.0,2026-02,2026-01,BTCUSDT,BTCUSDT,0.7899516933676062,1.0,0.7,2
next_close,pure_horizon_6_stacked,True,stress,-0.02,6,8.0,10.0,ADAUSDT,60,61.663637962365904,0.5029920346237249,-0.21978113326634557,0.3017952207742349,0.4166666666666667,5.1057802307474605,0.7630879847280391,0.7735948355546862,-0.18408017578697283,-18.408017578697283,2025-05-30T02:30:00+00:00,2025-10-10T22:30:00+00:00,8,3.1715473563921024,-1.4031189094965453,0.4166666666666667,1.0,2025-10,2025-12,ADAUSDT,ADAUSDT,1.2055095404992329,0.9999999999999998,0.65,4
next_close,pure_horizon_6_stacked,True,stress,-0.02,6,8.0,10.0,AVAXUSDT,46,47.27545577114719,0.10838450439469256,-0.036902323382210646,0.049856872021558585,0.4782608695652174,3.2924696461451637,0.2232668947223107,0.22634102510350404,-0.16450053154376587,-16.450053154376587,2025-06-05T22:15:00+00:00,2025-10-10T22:30:00+00:00,4,1.8859471195302746,-1.5210478928129239,0.5,1.0,2026-02,2025-06,AVAXUSDT,AVAXUSDT,1.5113238301894103,0.9999999999999999,0.8043478260869565,5
next_close,pure_horizon_6_stacked,True,stress,-0.02,6,8.0,10.0,LINKUSDT,55,59.48550277606416,0.6873448890142954,-0.08712205826959071,0.37803968895786244,0.4727272727272727,4.721952458383629,1.0795293199046045,1.1226869275368947,-0.15656788114001952,-15.656788114001952,2025-05-09T10:15:00+00:00,2025-10-10T22:30:00+00:00,4,3.1185822241183048,-1.4923851355617133,0.5,1.0,2025-10,2025-06,LINKUSDT,LINKUSDT,0.9305218189163199,0.9999999999999999,0.7545454545454545,5
next_close,pure_horizon_6_stacked,True,stress,-0.02,6,8.0,10.0,LTCUSDT,50,61.92645967998305,-0.049568659007894575,-0.3992240808336998,-0.024784329503947284,0.44,3.824683697482243,-0.0916424407641323,-0.10198816347635738,-0.20764275746167737,-20.764275746167737,2025-07-24T08:15:00+00:00,2025-10-10T22:30:00+00:00,5,2.220454961115151,-1.8331586462474299,0.3,0.0,2026-02,2025-11,LTCUSDT,LTCUSDT,,,0.82,5
next_close,pure_horizon_6_stacked,True,stress,-0.02,6,8.0,10.0,XRPUSDT,41,54.66874548427577,0.31259321307372967,0.2699504942769206,0.12816321736022918,0.5121951219512195,4.618497778765458,0.4333818646166887,0.5004357871990489,-0.15453525757416187,-15.453525757416188,2025-08-14T14:15:00+00:00,2025-10-10T21:00:00+00:00,4,2.4530564217372612,-1.9348931560229776,0.5,1.0,2025-10,2026-01,XRPUSDT,XRPUSDT,0.6159767322926964,1.0,0.6951219512195121,3
next_close,pure_horizon_6_stacked,True,stress,-0.02,6,8.0,10.0,ETHUSDT,41,44.34647418101055,0.24270834030139565,-0.2725489159060522,0.09951041952357222,0.43902439024390244,2.0468814753909053,0.7592484836544686,0.7896262058024269,-0.09985313240586015,-9.985313240586015,2025-10-10T22:45:00+00:00,2026-01-31T18:45:00+00:00,5,1.8183076517405705,-0.9903693816944799,0.5,1.0,2026-02,2025-12,ETHUSDT,ETHUSDT,1.0921294536825399,0.9999999999999999,0.6219512195121951,3
next_close,pure_horizon_6_stacked,True,stress,-0.02,6,8.0,10.0,SOLUSDT,47,51.08359939245529,0.16656164535789633,-0.12814443354411495,0.07828397331821128,0.425531914893617,2.496822509221634,0.4573369176346478,0.47679103033648323,-0.09443102448093249,-9.44310244809325,2025-10-10T22:45:00+00:00,2026-01-31T20:15:00+00:00,7,1.885388956426725,-1.1066437702486431,0.4166666666666667,1.0,2026-02,2026-01,SOLUSDT,SOLUSDT,1.4391907166202467,1.0000000000000002,0.6914893617021277,4
next_close,pure_horizon_6_stacked,True,stress,-0.02,6,8.0,10.0,BNBUSDT,22,59.44424751483393,0.7369684688195168,-0.15903917506856585,0.1621330631402937,0.5,3.6647162413294834,0.9432349718269015,1.5504703694911848,-0.07495628889349401,-7.495628889349401,2025-10-11T03:00:00+00:00,2025-11-04T07:00:00+00:00,3,3.1384875267041012,-1.6645505890650676,0.8,1.0,2026-02,2025-12,BNBUSDT,BNBUSDT,0.47436983644114794,0.9999999999999998,0.9090909090909091,4
next_close,pure_horizon_6_stacked,True,stress,-0.02,6,8.0,10.0,BTCUSDT,5,15.458954236839785,1.958972269548787,1.2121616575187,0.09794861347743934,0.8,2.7968358813704177,1.5661967117647908,2.7539202623031542,-0.004928514750282508,-0.49285147502825083,2025-10-10T23:00:00+00:00,2026-01-30T03:15:00+00:00,1,2.5719282056930464,-0.49285147502825083,0.6666666666666666,1.0,2026-02,2026-01,BTCUSDT,BTCUSDT,0.8718708084080996,1.0,0.7,2
next_open,pure_horizon_6_stacked,True,stress,-0.02,6,8.0,10.0,ADAUSDT,60,61.663637962365904,0.4244634401237872,0.038485909433676614,0.2546780640742723,0.5166666666666667,5.5600031486353325,0.591344929391571,0.5994870743139888,-0.33341231142241723,-33.341231142241725,2025-05-30T02:30:00+00:00,2025-10-10T22:45:00+00:00,8,2.719122916596391,-2.0284484140365837,0.5,1.0,2025-10,2025-12,ADAUSDT,ADAUSDT,1.0435951064864175,1.0,0.65,4
next_open,pure_horizon_6_stacked,True,stress,-0.02,6,8.0,10.0,AVAXUSDT,46,47.27545577114719,-0.24166241551814754,0.21403473099243414,-0.11116471113834787,0.5434782608695652,4.323624745015719,-0.3790879975078065,-0.3843076066743778,-0.36028144290612646,-36.028144290612644,2025-06-05T22:15:00+00:00,2025-10-10T22:45:00+00:00,5,1.8279860579597926,-2.70552964584903,0.3333333333333333,0.0,2026-02,2025-10,AVAXUSDT,AVAXUSDT,,,0.8043478260869565,5
next_open,pure_horizon_6_stacked,True,stress,-0.02,6,8.0,10.0,LINKUSDT,55,59.48550277606416,0.46592719153776274,-0.12710758639311134,0.2562599553457695,0.4727272727272727,5.224766265475417,0.6613517921006308,0.6877914270638694,-0.29603566630022793,-29.603566630022794,2025-06-05T22:15:00+00:00,2025-10-10T22:45:00+00:00,4,3.0929376100213917,-1.8893235284820433,0.5,1.0,2025-10,2025-06,LINKUSDT,LINKUSDT,0.8606605950807737,0.9999999999999998,0.7545454545454545,5
next_open,pure_horizon_6_stacked,True,stress,-0.02,6,8.0,10.0,LTCUSDT,50,61.92645967998305,-0.3174876892965865,-0.1931077250015077,-0.15874384464829325,0.48,4.66507698220465,-0.4812304253525298,-0.535557618079723,-0.39914910821506683,-39.91491082150668,2025-07-24T08:15:00+00:00,2025-10-10T22:45:00+00:00,6,2.06356495264781,-2.5153824357067993,0.3,0.0,2025-05,2025-10,LTCUSDT,LTCUSDT,,,0.82,5
next_open,pure_horizon_6_stacked,True,stress,-0.02,6,8.0,10.0,XRPUSDT,41,54.66874548427577,0.42446487759628343,0.25799491256193646,0.1740305998144762,0.6097560975609756,4.815429183996579,0.5644151833253624,0.6517429076649152,-0.23259888350577523,-23.259888350577523,2025-05-30T02:30:00+00:00,2025-10-10T22:30:00+00:00,2,2.4960873958142313,-2.812445307119261,0.7,1.0,2025-11,2025-12,XRPUSDT,XRPUSDT,0.4586662290745973,0.9999999999999999,0.6951219512195121,3
next_open,pure_horizon_6_stacked,True,stress,-0.02,6,8.0,10.0,ETHUSDT,41,44.34647418101055,-0.006266428060684176,-0.3404338622298673,-0.002569235504880512,0.3902439024390244,2.2626513287574785,-0.017733495606470848,-0.018443017210850596,-0.12469736294160719,-12.469736294160718,2025-10-29T20:15:00+00:00,2026-01-31T18:45:00+00:00,4,1.9672155431241252,-1.2692948896189622,0.4,0.0,2026-02,2025-12,ETHUSDT,ETHUSDT,,,0.6219512195121951,3
next_open,pure_horizon_6_stacked,True,stress,-0.02,6,8.0,10.0,SOLUSDT,47,51.08359939245529,0.1593717302594583,0.13873606200760963,0.0749047132219454,0.5957446808510638,2.468977648627798,0.4425303470585773,0.46135462061643034,-0.1211832552446751,-12.11832552446751,2025-05-30T02:30:00+00:00,2025-10-10T22:30:00+00:00,4,1.4734410235627033,-1.7771514388190073,0.5,1.0,2026-02,2025-06,SOLUSDT,SOLUSDT,1.0989348352334447,1.0000000000000004,0.6914893617021277,4
next_open,pure_horizon_6_stacked,True,stress,-0.02,6,8.0,10.0,BNBUSDT,22,59.44424751483393,0.5292158422778928,0.35868799421708186,0.1164274853011364,0.5454545454545454,4.098623974992986,0.6056282162290105,0.9955192844177155,-0.06413054941299838,-6.413054941299838,2025-10-11T03:00:00+00:00,2025-10-14T08:00:00+00:00,2,3.113009978497353,-2.571337121185459,0.8,1.0,2026-02,2025-12,BNBUSDT,BNBUSDT,0.5899190659277528,0.9999999999999998,0.9090909090909091,4
next_open,pure_horizon_6_stacked,True,stress,-0.02,6,8.0,10.0,BTCUSDT,5,15.458954236839785,2.1350248542922827,0.07970400099317945,0.10675124271461413,0.8,4.012190440956627,1.1898888594906398,2.0922397649192472,0.0,0.0,2025-10-10T22:30:00+00:00,2025-10-10T22:30:00+00:00,1,2.9895728904994083,-1.2831672905362201,1.0,1.0,2026-02,2026-01,BTCUSDT,BTCUSDT,0.8228332857589914,1.0,0.7,2
next_close,scaled_exit_6_12_stacked,True,base,-0.02,12,4.0,5.0,ADAUSDT,60,61.663637962365904,0.7898028518347162,-0.07580404087983487,0.47388171110082966,0.45,5.296442275706145,1.1550747209966163,1.1709787819044393,-0.18827533547392056,-18.827533547392054,2025-11-05T04:30:00+00:00,2026-02-05T23:30:00+00:00,8,3.3071841375554882,-1.2698727455731884,0.5833333333333334,1.0,2025-10,2025-12,ADAUSDT,ADAUSDT,1.0370705429712217,1.0000000000000004,0.75,5
next_close,scaled_exit_6_12_stacked,True,base,-0.02,12,4.0,5.0,AVAXUSDT,46,47.27545577114719,0.47226262296486365,0.3828987477429125,0.2172408065638373,0.5652173913043478,3.365106077147156,0.9518395183427405,0.9649452624119504,-0.13546177557901973,-13.546177557901974,2025-06-05T23:45:00+00:00,2025-10-11T00:00:00+00:00,3,2.068652167050204,-1.6030437843460796,0.6666666666666666,1.0,2025-10,2025-06,AVAXUSDT,AVAXUSDT,0.35734567652012095,0.9999999999999999,0.9130434782608695,6
next_close,scaled_exit_6_12_stacked,True,base,-0.02,12,4.0,5.0,LINKUSDT,55,59.48550277606416,1.0155028180804568,0.38074480956487805,0.5585265499442512,0.5272727272727272,4.879634347069118,1.5433882802331602,1.6050901206504857,-0.11088711434032678,-11.088711434032678,2025-08-14T15:45:00+00:00,2025-10-11T00:00:00+00:00,3,3.203586811644463,-1.4250524055101652,0.5,1.0,2025-10,2025-12,LINKUSDT,LINKUSDT,0.8607241163485276,1.0000000000000002,0.8636363636363636,6
next_close,scaled_exit_6_12_stacked,True,base,-0.02,12,4.0,5.0,LTCUSDT,50,61.92645967998305,0.06553496705918957,-0.1963200290488831,0.032767483529594785,0.46,3.6707887561432657,0.12624049677289947,0.14049207239414954,-0.19071777304196258,-19.071777304196257,2025-07-24T09:45:00+00:00,2025-10-11T00:00:00+00:00,6,2.206412873416915,-1.758175842060355,0.5,1.0,2025-05,2025-11,LTCUSDT,LTCUSDT,1.2823691505446264,0.9999999999999991,1.0,7
next_close,scaled_exit_6_12_stacked,True,base,-0.02,12,4.0,5.0,XRPUSDT,41,54.66874548427577,0.5783953776277243,0.18533530259446046,0.23714210482736697,0.5609756097560976,4.797816189187771,0.7719214982961203,0.8913551170336922,-0.14641329315370968,-14.64132931537097,2025-08-14T15:45:00+00:00,2025-10-10T22:30:00+00:00,3,2.668067957776897,-2.0917418081184413,0.6,1.0,2025-10,2026-02,XRPUSDT,XRPUSDT,0.6126696406869413,1.0,0.8902439024390244,4
next_close,scaled_exit_6_12_stacked,True,base,-0.02,12,4.0,5.0,ETHUSDT,41,44.34647418101055,0.3970593987751756,0.07148704237800682,0.16279435349782198,0.5365853658536586,2.137552501448769,1.1894073517607942,1.2369958380474149,-0.08549187160764013,-8.549187160764014,2025-12-07T17:30:00+00:00,2026-01-31T20:15:00+00:00,4,1.7732949952076325,-1.1964765549887229,0.6,1.0,2025-10,2025-12,ETHUSDT,ETHUSDT,0.5537568659193048,0.9999999999999998,0.6463414634146342,3
next_close,scaled_exit_6_12_stacked,True,base,-0.02,12,4.0,5.0,SOLUSDT,47,51.08359939245529,0.2075557509624531,-0.04589455679519287,0.09755120295235295,0.46808510638297873,2.464143101978776,0.5774545065109173,0.6020181588570866,-0.11501274579204183,-11.501274579204184,2025-11-05T04:30:00+00:00,2026-02-05T23:30:00+00:00,6,1.9109526622347939,-1.2914335309572071,0.5833333333333334,1.0,2026-02,2026-01,SOLUSDT,SOLUSDT,0.6880015277557229,1.0000000000000002,0.7978723404255319,5
next_close,scaled_exit_6_12_stacked,True,base,-0.02,12,4.0,5.0,BNBUSDT,22,59.44424751483393,0.9709217709912924,0.44573241151233073,0.21360278961808432,0.5454545454545454,3.5740100023910903,1.2742065000283966,2.0945146033767448,-0.06640699294619176,-6.640699294619176,2025-10-11T04:30:00+00:00,2025-10-14T08:00:00+00:00,3,3.020312995825167,-1.4883476988093582,0.8,1.0,2025-10,2025-12,BNBUSDT,BNBUSDT,0.5164828275441996,0.9999999999999998,1.0909090909090908,5
next_close,scaled_exit_6_12_stacked,True,base,-0.02,12,4.0,5.0,BTCUSDT,5,15.458954236839785,1.5698273421531774,0.34686608800871493,0.07849136710765887,1.0,2.566438709541272,1.367747703049472,2.404977666504137,0.0,0.0,2025-10-11T00:00:00+00:00,2025-10-11T00:00:00+00:00,0,1.5698273421531774,0.0,1.0,1.0,2026-02,2026-01,BTCUSDT,BTCUSDT,0.7968801897170683,1.0,0.7,2
next_open,scaled_exit_6_12_stacked,True,base,-0.02,12,4.0,5.0,ADAUSDT,60,61.663637962365904,0.7021934974800492,0.1438632806263019,0.4213160984880295,0.5333333333333333,5.613006531025661,0.9690292382604524,0.9823716651585652,-0.22426401067306545,-22.426401067306546,2025-05-30T04:00:00+00:00,2025-10-11T00:15:00+00:00,5,3.0575286722428756,-1.9896181308203233,0.6666666666666666,1.0,2025-10,2025-12,ADAUSDT,ADAUSDT,0.9203325764908065,1.0000000000000004,0.75,5
next_open,scaled_exit_6_12_stacked,True,base,-0.02,12,4.0,5.0,AVAXUSDT,46,47.27545577114719,0.11778529041013101,0.15104750258494398,0.05418123358866027,0.5217391304347826,4.3047708441877495,0.18557519915336682,0.18813035789475974,-0.3220740905637333,-32.20740905637333,2025-06-05T23:45:00+00:00,2025-10-11T00:15:00+00:00,5,2.485888813574361,-2.4656003712235743,0.5,1.0,2025-05,2025-06,AVAXUSDT,AVAXUSDT,1.2419250896575285,0.999999999999999,0.9130434782608695,6
next_open,scaled_exit_6_12_stacked,True,base,-0.02,12,4.0,5.0,LINKUSDT,55,59.48550277606416,0.788267237142724,0.1872974234983083,0.43354698042849815,0.5636363636363636,5.300361205084762,1.1029335672287377,1.1470268338601124,-0.2236342777764559,-22.36342777764559,2025-08-14T15:45:00+00:00,2025-10-11T00:15:00+00:00,3,2.996099012112611,-2.0635154721933797,0.6666666666666666,1.0,2025-10,2025-12,LINKUSDT,LINKUSDT,0.7979418148287575,1.0000000000000004,0.8636363636363636,6
next_open,scaled_exit_6_12_stacked,True,base,-0.02,12,4.0,5.0,LTCUSDT,50,61.92645967998305,-0.1985165367118239,-0.0032243035453465626,-0.09925826835591195,0.5,4.64523093983628,-0.3021860292946949,-0.3363004946070902,-0.384295643236233,-38.429564323623296,2025-07-24T09:45:00+00:00,2025-10-11T00:15:00+00:00,5,2.315212615829965,-2.7122456892536135,0.3,0.0,2025-05,2025-10,LTCUSDT,LTCUSDT,,,1.0,7
next_open,scaled_exit_6_12_stacked,True,base,-0.02,12,4.0,5.0,XRPUSDT,41,54.66874548427577,0.6861508798765568,0.7876484859143964,0.2813218607493883,0.6097560975609756,4.8986518521912314,0.896881317970817,1.0356490315528601,-0.19852791906449885,-19.852791906449884,2025-08-10T10:45:00+00:00,2025-10-11T00:00:00+00:00,3,2.9624185567909724,-2.8705173653022173,0.7,1.0,2025-10,2025-12,XRPUSDT,XRPUSDT,0.35085857965272454,1.0,0.8902439024390244,4
next_open,scaled_exit_6_12_stacked,True,base,-0.02,12,4.0,5.0,ETHUSDT,41,44.34647418101055,0.1497918358765755,-0.1511284278580193,0.06141465270939595,0.4878048780487805,2.425484258087311,0.3954409234662357,0.4112626139372782,-0.10399301843962806,-10.399301843962807,2025-12-07T17:30:00+00:00,2026-01-31T20:15:00+00:00,4,1.9384512115716395,-1.5536932838330102,0.5,1.0,2025-10,2025-12,ETHUSDT,ETHUSDT,1.4124381987892107,0.9999999999999998,0.6463414634146342,3
next_open,scaled_exit_6_12_stacked,True,base,-0.02,12,4.0,5.0,SOLUSDT,47,51.08359939245529,0.2028048687921398,0.2627828638073449,0.09531828833230571,0.574468085106383,2.5415158659864945,0.5470593948776677,0.5703301056210547,-0.10304818994568485,-10.304818994568485,2025-11-05T04:30:00+00:00,2026-02-05T18:30:00+00:00,2,1.770640854422509,-1.913773711808859,0.5833333333333334,1.0,2025-10,2026-01,SOLUSDT,SOLUSDT,0.8325424163911139,0.9999999999999999,0.7978723404255319,5
next_open,scaled_exit_6_12_stacked,True,base,-0.02,12,4.0,5.0,BNBUSDT,22,59.44424751483393,0.764343974208916,-0.04486804342602228,0.1681556743259615,0.45454545454545453,4.061884887204863,0.8826175832428893,1.4508287449939412,-0.05291219380407514,-5.291219380407514,2025-10-11T04:30:00+00:00,2025-10-14T09:30:00+00:00,4,3.812332537774689,-1.7756464954292277,0.8,1.0,2025-10,2025-12,BNBUSDT,BNBUSDT,0.569354348133749,1.0,1.0909090909090908,5
next_open,scaled_exit_6_12_stacked,True,base,-0.02,12,4.0,5.0,BTCUSDT,5,15.458954236839785,1.7502869951210025,0.5842707052896712,0.08751434975605012,0.6,4.006642232659537,0.9768181120145885,1.7175870508823283,-0.01542629663283027,-1.542629663283027,2026-01-30T04:45:00+00:00,2026-02-05T18:15:00+00:00,1,3.920402475987194,-1.5048862261782845,1.0,1.0,2026-02,2026-01,BTCUSDT,BTCUSDT,0.7444631305304226,1.0,0.7,2
next_close,scaled_exit_6_12_stacked,True,stress,-0.02,12,8.0,10.0,ADAUSDT,60,61.663637962365904,0.6089834082949315,-0.25575830968168994,0.36539004497695887,0.4,5.291148477682549,0.8915200956431781,0.9037953100894119,-0.22049256043457793,-22.04925604345779,2025-11-05T04:30:00+00:00,2026-02-05T23:30:00+00:00,8,3.530229196430711,-1.3385137837955883,0.5833333333333334,1.0,2025-10,2025-12,ADAUSDT,ADAUSDT,1.2943827097375014,0.9999999999999997,0.75,5
next_close,scaled_exit_6_12_stacked,True,stress,-0.02,12,8.0,10.0,AVAXUSDT,46,47.27545577114719,0.2917605611217882,0.20248600516009535,0.13420985811602257,0.5434782608695652,3.361742651101316,0.5886281631169746,0.5967329012677628,-0.1569299856325187,-15.69299856325187,2025-06-05T23:45:00+00:00,2025-10-11T00:00:00+00:00,3,1.9652363422048056,-1.7004725115960893,0.6666666666666666,1.0,2025-10,2025-06,AVAXUSDT,AVAXUSDT,0.44370412888722033,0.9999999999999998,0.9130434782608695,6
next_close,scaled_exit_6_12_stacked,True,stress,-0.02,12,8.0,10.0,LINKUSDT,55,59.48550277606416,0.8344577872552723,0.20033421984487115,0.4589517829903998,0.5272727272727272,4.874757148882543,1.2695000777231245,1.3202523687756529,-0.11977778433632333,-11.977778433632333,2025-08-14T15:45:00+00:00,2025-10-11T00:00:00+00:00,3,3.0203547892280134,-1.6036580995604781,0.5,1.0,2025-10,2025-12,LINKUSDT,LINKUSDT,0.999349358024117,0.9999999999999999,0.8636363636363636,6
next_close,scaled_exit_6_12_stacked,True,stress,-0.02,12,8.0,10.0,LTCUSDT,50,61.92645967998305,-0.11456057018701618,-0.37615384203025337,-0.0572802850935081,0.44,3.6671198000307,-0.22089967182189799,-0.2458375361218342,-0.20312925293471468,-20.31292529347147,2025-07-24T09:45:00+00:00,2025-10-11T00:00:00+00:00,6,2.1207683721456068,-1.8708904534483626,0.3,0.0,2025-05,2025-11,LTCUSDT,LTCUSDT,,,1.0,7
next_close,scaled_exit_6_12_stacked,True,stress,-0.02,12,8.0,10.0,XRPUSDT,41,54.66874548427577,0.3977872360168319,0.005120024823117709,0.16309276676690107,0.5121951219512195,4.793020768311313,0.5314145745248232,0.61363636239507,-0.16480132430404074,-16.480132430404073,2025-11-05T04:30:00+00:00,2026-02-05T23:30:00+00:00,4,2.7277500169904116,-2.0486736840054256,0.6,1.0,2025-10,2026-02,XRPUSDT,XRPUSDT,0.7906043310841114,1.0,0.8902439024390244,4
next_close,scaled_exit_6_12_stacked,True,stress,-0.02,12,8.0,10.0,ETHUSDT,41,44.34647418101055,0.2166325026110352,-0.10861444397193373,0.08881932607052444,0.4146341463414634,2.1354160161217424,0.6495806051898473,0.6755704880305486,-0.10160912556767945,-10.160912556767945,2025-12-07T17:30:00+00:00,2026-01-31T20:15:00+00:00,6,2.0791508264551983,-1.1026513101119138,0.5,1.0,2025-10,2025-12,ETHUSDT,ETHUSDT,0.9126041519813443,1.0000000000000002,0.6463414634146342,3
next_close,scaled_exit_6_12_stacked,True,stress,-0.02,12,8.0,10.0,SOLUSDT,47,51.08359939245529,0.02731826383631139,-0.22587872014882088,0.012839584003066354,0.40425531914893614,2.4616801891017803,0.07607998064635446,0.07931625670625046,-0.1458119524132449,-14.58119524132449,2025-10-11T00:15:00+00:00,2026-02-05T23:30:00+00:00,7,2.018143729592463,-1.3235990164982199,0.5,1.0,2026-02,2026-01,SOLUSDT,SOLUSDT,4.380709895513093,0.9999999999999989,0.7978723404255319,5
next_close,scaled_exit_6_12_stacked,True,stress,-0.02,12,8.0,10.0,BNBUSDT,22,59.44424751483393,0.789921298956086,0.2652568666354817,0.1737826857703389,0.5454545454545454,3.5704377767154236,1.0377044892943743,1.7057574316001654,-0.07174152015690351,-7.174152015690351,2025-10-11T04:30:00+00:00,2025-10-14T08:00:00+00:00,3,2.8372641557249727,-1.666890129166578,0.8,1.0,2025-10,2025-12,BNBUSDT,BNBUSDT,0.5098799173603242,1.0,1.0909090909090908,5
next_close,scaled_exit_6_12_stacked,True,stress,-0.02,12,8.0,10.0,BTCUSDT,5,15.458954236839785,1.3882282635507814,0.16648936009629373,0.06941141317753907,0.6,2.5638735521278653,1.2107355150216979,2.1288954587008697,-0.0015365759683640054,-0.15365759683640054,2025-10-11T00:30:00+00:00,2026-02-05T18:15:00+00:00,2,2.3649329715301026,-0.0768287984182002,0.6666666666666666,1.0,2026-02,2026-01,BTCUSDT,BTCUSDT,0.8483489260341295,1.0,0.7,2
next_open,scaled_exit_6_12_stacked,True,stress,-0.02,12,8.0,10.0,ADAUSDT,60,61.663637962365904,0.5214616195555912,-0.0363105458280065,0.31287697173335477,0.48333333333333334,5.60739632679165,0.7203386564904007,0.7302568978464213,-0.25824556527586867,-25.824556527586868,2025-05-30T04:00:00+00:00,2025-10-11T00:15:00+00:00,6,3.1783400403716544,-1.964005290240081,0.6666666666666666,1.0,2025-10,2025-12,ADAUSDT,ADAUSDT,1.1805290991758521,1.0,0.75,5
next_open,scaled_exit_6_12_stacked,True,stress,-0.02,12,8.0,10.0,AVAXUSDT,46,47.27545577114719,-0.06236247107341944,-0.02913350450460636,-0.028686736693772943,0.5,4.300468222503092,-0.09835274567773668,-0.09970695076012365,-0.345156081818538,-34.5156081818538,2025-06-05T23:45:00+00:00,2025-10-11T00:15:00+00:00,5,2.4083258960450804,-2.5330508381919206,0.25,0.0,2025-05,2025-06,AVAXUSDT,AVAXUSDT,,,0.9130434782608695,6
next_open,scaled_exit_6_12_stacked,True,stress,-0.02,12,8.0,10.0,LINKUSDT,55,59.48550277606416,0.6074493284509719,0.007080184585655093,0.33409713064803453,0.5454545454545454,5.295063490088318,0.8507857930463143,0.8847986528718023,-0.24347012235105853,-24.347012235105854,2025-06-05T23:45:00+00:00,2025-10-11T00:15:00+00:00,3,2.911952295608747,-2.157954232138359,0.5,1.0,2025-10,2025-12,LINKUSDT,LINKUSDT,0.9697655499091297,0.9999999999999999,0.8636363636363636,6
next_open,scaled_exit_6_12_stacked,True,stress,-0.02,12,8.0,10.0,LTCUSDT,50,61.92645967998305,-0.37834815428213675,-0.18325111584905723,-0.18917407714106838,0.46,4.6405880280308915,-0.576505701273882,-0.6415887357027382,-0.3983139422526385,-39.83139422526385,2025-07-24T09:45:00+00:00,2025-10-11T00:15:00+00:00,5,2.3223696247881382,-2.6789595957123704,0.2,0.0,2025-05,2025-10,LTCUSDT,LTCUSDT,,,1.0,7
next_open,scaled_exit_6_12_stacked,True,stress,-0.02,12,8.0,10.0,XRPUSDT,41,54.66874548427577,0.5054350365604189,0.6068311956649631,0.20722836498977174,0.5853658536585366,4.893755645994031,0.6613250777441295,0.763646942559699,-0.2099993001204271,-20.99993001204271,2025-05-30T04:00:00+00:00,2025-10-11T00:00:00+00:00,3,2.8987552612556753,-2.873369986538767,0.6,1.0,2025-10,2025-12,XRPUSDT,XRPUSDT,0.39764262209819906,0.9999999999999999,0.8902439024390244,4
next_open,scaled_exit_6_12_stacked,True,stress,-0.02,12,8.0,10.0,ETHUSDT,41,44.34647418101055,-0.030387916173152726,-0.33100740987863736,-0.012459045630992618,0.4146341463414634,2.4230599847537526,-0.0803024290763343,-0.08351534939267855,-0.12537568663752408,-12.537568663752408,2025-10-29T21:45:00+00:00,2026-02-05T23:30:00+00:00,4,2.079893901354426,-1.5251708702551874,0.5,0.0,2025-10,2025-12,ETHUSDT,ETHUSDT,,,0.6463414634146342,3
next_open,scaled_exit_6_12_stacked,True,stress,-0.02,12,8.0,10.0,SOLUSDT,47,51.08359939245529,0.022572130176286502,0.08249017714051968,0.010608901182854655,0.5319148936170213,2.5389756189738897,0.060948489196776784,0.06354110468903389,-0.12634909775228978,-12.634909775228978,2025-11-05T04:30:00+00:00,2026-02-05T18:30:00+00:00,4,1.7275448985293416,-1.9148969247703662,0.5,1.0,2025-10,2026-01,SOLUSDT,SOLUSDT,5.77573460618285,1.0000000000000022,0.7978723404255319,5
next_open,scaled_exit_6_12_stacked,True,stress,-0.02,12,8.0,10.0,BNBUSDT,22,59.44424751483393,0.5835499768363942,-0.224853232780504,0.12838099490400673,0.45454545454545453,4.05782503021623,0.6745219391216997,1.1087653781054438,-0.060060509426617725,-6.006050942661773,2025-10-11T04:30:00+00:00,2025-10-14T09:30:00+00:00,4,3.6284920735487973,-1.9539017704239412,0.8,1.0,2025-10,2025-12,BNBUSDT,BNBUSDT,0.5767276365984271,0.9999999999999998,1.0909090909090908,5
next_open,scaled_exit_6_12_stacked,True,stress,-0.02,12,8.0,10.0,BTCUSDT,5,15.458954236839785,1.5685075469602368,0.40365669128435316,0.07842537734801183,0.6,4.00263759074552,0.8762445809067804,1.5407436932832195,-0.01721117838776088,-1.721117838776088,2026-01-30T04:45:00+00:00,2026-02-05T18:15:00+00:00,1,3.7364539957770684,-1.683412126265011,1.0,1.0,2026-02,2026-01,BTCUSDT,BTCUSDT,0.7839998924445947,1.0,0.7,2
next_close,wide_stop_2atr_horizon_12_stacked,True,base,-0.02,12,4.0,5.0,ADAUSDT,60,61.663637962365904,0.43574316255202783,-1.0199887994118226,0.26144589753121666,0.38333333333333336,5.6994746443211595,0.5922040598844567,0.6003580340534489,-0.23829433387300772,-23.82943338730077,2025-05-09T09:15:00+00:00,2025-10-10T22:00:00+00:00,8,3.874540732954161,-1.7018877595898398,0.3333333333333333,1.0,2025-10,2025-08,ADAUSDT,ADAUSDT,1.7197218141050057,1.0000000000000002,0.6166666666666667,3
next_close,wide_stop_2atr_horizon_12_stacked,True,base,-0.02,12,4.0,5.0,LINKUSDT,55,59.48550277606416,0.735972106236043,-0.6793188620107116,0.4047846584298237,0.43636363636363634,5.250200986737929,1.0396011951922635,1.0811625494314725,-0.16481227068798424,-16.481227068798425,2025-05-09T09:15:00+00:00,2025-10-10T22:00:00+00:00,3,3.8804375101699984,-1.6984527226160517,0.4166666666666667,1.0,2025-10,2025-05,LINKUSDT,LINKUSDT,1.1732937326646042,1.0000000000000002,0.6818181818181818,4
next_close,wide_stop_2atr_horizon_12_stacked,True,base,-0.02,12,4.0,5.0,AVAXUSDT,46,47.27545577114719,0.6832526832913669,0.21947974704741527,0.31429623431402876,0.5217391304347826,3.318268837658836,1.3965249311165893,1.4157534859105232,-0.1521215999834586,-15.212159998345859,2025-06-05T23:45:00+00:00,2025-10-10T22:00:00+00:00,5,2.6788164644149592,-1.4937259870252795,0.5833333333333334,1.0,2025-10,2025-06,AVAXUSDT,AVAXUSDT,0.7883927813242793,1.0000000000000004,0.6956521739130435,4
next_close,wide_stop_2atr_horizon_12_stacked,True,base,-0.02,12,4.0,5.0,LTCUSDT,50,61.92645967998305,-0.0070761622504236996,-0.7691139365241495,-0.0035380811252118498,0.4,3.07262509182178,-0.016284454375408975,-0.01812284331489039,-0.18510261529526265,-18.510261529526264,2025-05-21T20:30:00+00:00,2025-10-10T22:00:00+00:00,6,2.462209105010805,-1.6532663404245769,0.2,0.0,2025-10,2025-08,LTCUSDT,LTCUSDT,,,0.78,5
next_close,wide_stop_2atr_horizon_12_stacked,True,base,-0.02,12,4.0,5.0,XRPUSDT,41,54.66874548427577,0.5519372583548514,-0.231301957739125,0.2262942759254891,0.4634146341463415,4.4528794670890814,0.7936713451676917,0.9164701544390078,-0.14470595947529727,-14.470595947529727,2026-01-21T19:45:00+00:00,2026-02-05T18:15:00+00:00,5,3.3558924107328982,-1.8696603732443708,0.7,1.0,2025-10,2025-08,XRPUSDT,XRPUSDT,0.746718696301666,0.9999999999999999,0.6463414634146342,2
next_close,wide_stop_2atr_horizon_12_stacked,True,base,-0.02,12,4.0,5.0,ETHUSDT,41,44.34647418101055,0.14828688802362086,-0.8830367649670576,0.06079762408968455,0.4146341463414634,2.3113038182928416,0.4108068179019623,0.42724330166106855,-0.07043117760497107,-7.043117760497107,2025-06-05T23:45:00+00:00,2025-10-10T21:15:00+00:00,4,2.2168830637276917,-1.3169687364334293,0.5,1.0,2025-10,2025-06,ETHUSDT,ETHUSDT,0.64197646429919,1.0000000000000004,0.573170731707317,2
next_close,wide_stop_2atr_horizon_12_stacked,True,base,-0.02,12,4.0,5.0,SOLUSDT,47,51.08359939245529,-0.14704676089209026,-0.7910588504882332,-0.06911197761928242,0.3617021276595745,2.5615596398848828,-0.39355000254034117,-0.41029075931726006,-0.15413688026580566,-15.413688026580566,2025-05-21T20:30:00+00:00,2026-02-05T23:30:00+00:00,6,2.439802296095876,-1.6129278931852717,0.5,0.0,2026-02,2026-01,SOLUSDT,SOLUSDT,,,0.6276595744680851,3
next_close,wide_stop_2atr_horizon_12_stacked,True,base,-0.02,12,4.0,5.0,BNBUSDT,22,59.44424751483393,0.9201635825207894,-0.06336776079962961,0.2024359881545737,0.45454545454545453,3.6444826196038353,1.1842421049987757,1.9466329694584619,-0.045734142820555684,-4.573414282055569,2025-10-11T04:30:00+00:00,2025-10-14T06:15:00+00:00,3,3.7009292839517705,-1.3971411686716946,0.8,1.0,2025-10,2025-12,BNBUSDT,BNBUSDT,0.7187803411288841,1.0,0.9090909090909091,4
next_close,wide_stop_2atr_horizon_12_stacked,True,base,-0.02,12,4.0,5.0,BTCUSDT,5,15.458954236839785,0.4885050119744695,-0.6959774054551371,0.024425250598723476,0.4,2.89864788255074,0.37684136134639384,0.6626185924731992,-0.028004602157618755,-2.8004602157618756,2025-10-11T00:30:00+00:00,2026-02-05T18:15:00+00:00,2,3.14501718400281,-1.2825031027110907,0.3333333333333333,1.0,2026-02,2026-01,BTCUSDT,BTCUSDT,1.294985481647799,1.0,0.5,1
next_open,wide_stop_2atr_horizon_12_stacked,True,base,-0.02,12,4.0,5.0,ADAUSDT,60,61.663637962365904,0.7439954575669162,-0.6518770083812331,0.4463972745401497,0.4166666666666667,5.684151626093124,1.013865289442026,1.027825057604644,-0.19849441391654887,-19.84944139165489,2025-05-30T04:00:00+00:00,2025-10-10T21:15:00+00:00,8,4.061612203802804,-1.6257307897444322,0.4166666666666667,1.0,2025-10,2025-08,ADAUSDT,ADAUSDT,1.2253553083021387,1.0000000000000004,0.5833333333333334,3
next_open,wide_stop_2atr_horizon_12_stacked,True,base,-0.02,12,4.0,5.0,AVAXUSDT,46,47.27545577114719,0.6327712199357617,-0.8249959292258555,0.2910747611704504,0.43478260869565216,3.3137521972749937,1.2951068643449695,1.3129390080827443,-0.13057318798673118,-13.057318798673117,2025-06-05T23:45:00+00:00,2025-10-10T21:15:00+00:00,5,3.3078864059115665,-1.4250096923533184,0.3333333333333333,1.0,2025-10,2025-11,AVAXUSDT,AVAXUSDT,0.9281665750256731,1.0000000000000007,0.6521739130434783,4
next_open,wide_stop_2atr_horizon_12_stacked,True,base,-0.02,12,4.0,5.0,LINKUSDT,55,59.48550277606416,0.9826337894776792,-0.476307658702022,0.5404485842127236,0.4727272727272727,5.295901554563024,1.3760465801360127,1.4310584054697728,-0.12221088681362621,-12.221088681362621,2025-07-11T19:00:00+00:00,2025-10-10T21:15:00+00:00,4,3.9134408321174994,-1.644986317716642,0.4166666666666667,1.0,2025-10,2025-08,LINKUSDT,LINKUSDT,1.0106020328355643,1.0000000000000002,0.6636363636363637,4
next_open,wide_stop_2atr_horizon_12_stacked,True,base,-0.02,12,4.0,5.0,LTCUSDT,50,61.92645967998305,0.17936671609583804,-0.8982313463371003,0.08968335804791902,0.38,3.05216739390521,0.41554543018772677,0.4624572950312167,-0.2119113153750371,-21.19113153750371,2025-11-09T15:00:00+00:00,2026-02-05T18:30:00+00:00,7,2.996049475423156,-1.5469872331692933,0.4,1.0,2025-10,2026-01,LTCUSDT,LTCUSDT,2.4712985816366952,0.9999999999999996,0.74,5
next_open,wide_stop_2atr_horizon_12_stacked,True,base,-0.02,12,4.0,5.0,XRPUSDT,41,54.66874548427577,0.8508190249761486,0.4982687613533177,0.34883580024022093,0.5365853658536586,4.515811386127548,1.2064055503357745,1.3930636248417136,-0.14614648928509574,-14.614648928509574,2026-01-21T19:45:00+00:00,2026-02-05T20:15:00+00:00,5,3.5068465955968917,-2.224581319953134,0.6,1.0,2025-10,2025-07,XRPUSDT,XRPUSDT,0.635111190324372,1.0,0.573170731707317,2
next_open,wide_stop_2atr_horizon_12_stacked,True,base,-0.02,12,4.0,5.0,ETHUSDT,41,44.34647418101055,0.0177290350846009,-0.9307720408203244,0.007268904384686369,0.2926829268292683,2.512311242813125,0.04518596753537256,0.04699386942299872,-0.08826280663435232,-8.826280663435233,2025-05-30T04:00:00+00:00,2025-10-10T21:15:00+00:00,4,3.2913957744127775,-1.3368916846374037,0.3,1.0,2026-02,2025-06,ETHUSDT,ETHUSDT,4.762897480934315,1.000000000000001,0.5,1
next_open,wide_stop_2atr_horizon_12_stacked,True,base,-0.02,12,4.0,5.0,SOLUSDT,47,51.08359939245529,-0.32663539245331635,-0.991628493093508,-0.1535186344530587,0.3404255319148936,2.4479188606852613,-0.914776819971687,-0.9536894261194651,-0.18731687682960776,-18.731687682960775,2025-05-30T04:00:00+00:00,2026-04-12T01:45:00+00:00,5,2.35335786721996,-1.7098577200266207,0.16666666666666666,0.0,2025-10,2026-02,SOLUSDT,SOLUSDT,,,0.5851063829787234,3
next_open,wide_stop_2atr_horizon_12_stacked,True,base,-0.02,12,4.0,5.0,BNBUSDT,22,59.44424751483393,0.8596503102462509,-0.71442202385951,0.18912306825417521,0.4090909090909091,3.850280425680254,1.0472269334521878,1.7214102306935108,-0.05849864686364131,-5.849864686364131,2026-02-02T06:30:00+00:00,2026-02-05T22:15:00+00:00,4,4.294228138057788,-1.5181343397771203,0.6,1.0,2025-10,2025-12,BNBUSDT,BNBUSDT,0.85904572783208,0.9999999999999999,0.7272727272727273,3
next_open,wide_stop_2atr_horizon_12_stacked,True,base,-0.02,12,4.0,5.0,BTCUSDT,5,15.458954236839785,1.2704485536952248,-0.6990575827765055,0.06352242768476124,0.4,3.8248537581899713,0.7427236458115369,1.3059673041883122,-0.027698631421848544,-2.7698631421848545,2025-10-11T00:30:00+00:00,2026-02-05T15:30:00+00:00,2,5.076295179966775,-1.2667825304858082,0.6666666666666666,1.0,2026-02,2026-01,BTCUSDT,BTCUSDT,0.8109943331073428,1.0,0.5,1
next_close,wide_stop_2atr_horizon_12_stacked,True,stress,-0.02,12,8.0,10.0,ADAUSDT,60,61.663637962365904,0.27690097856037754,-1.1490992549398793,0.16614058713622654,0.36666666666666664,5.684653629093223,0.3773080818941457,0.3825031836536932,-0.27657665427009714,-27.657665427009714,2025-05-09T09:15:00+00:00,2025-10-10T22:00:00+00:00,8,3.865597738859687,-1.8007655668760663,0.3333333333333333,1.0,2025-10,2025-08,ADAUSDT,ADAUSDT,2.601169463748077,0.9999999999999994,0.6166666666666667,3
next_close,wide_stop_2atr_horizon_12_stacked,True,stress,-0.02,12,8.0,10.0,LINKUSDT,55,59.48550277606416,0.576981055614135,-0.8586699172965905,0.3173395805877743,0.43636363636363634,5.233416630296149,0.8176314507347501,0.8503188605975491,-0.20006643676134322,-20.006643676134324,2025-05-09T09:15:00+00:00,2025-10-10T22:00:00+00:00,3,3.696528974973158,-1.8381528174380128,0.4166666666666667,1.0,2025-10,2025-05,LINKUSDT,LINKUSDT,1.4317470470503098,0.9999999999999997,0.6818181818181818,4
next_close,wide_stop_2atr_horizon_12_stacked,True,stress,-0.02,12,8.0,10.0,AVAXUSDT,46,47.27545577114719,0.3895926421112244,-0.3266716553373304,0.17921261537116323,0.4782608695652174,3.3103612821249353,0.7982046769529084,0.8091950445615207,-0.20146769712040039,-20.14676971204004,2025-05-09T17:30:00+00:00,2025-10-10T22:00:00+00:00,5,2.5891883640970113,-1.626703436375747,0.5,1.0,2025-10,2025-06,AVAXUSDT,AVAXUSDT,1.2891682662839736,0.9999999999999999,0.6956521739130435,4
next_close,wide_stop_2atr_horizon_12_stacked,True,stress,-0.02,12,8.0,10.0,LTCUSDT,50,61.92645967998305,-0.1661410826604302,-0.8984751416656621,-0.0830705413302151,0.38,3.056194329017801,-0.384397958819001,-0.42779351506921387,-0.2100337000531316,-21.00337000531316,2025-05-21T20:30:00+00:00,2025-10-10T22:00:00+00:00,6,2.4037068279143656,-1.7412091568836923,0.2,0.0,2025-10,2025-08,LTCUSDT,LTCUSDT,,,0.78,5
next_close,wide_stop_2atr_horizon_12_stacked,True,stress,-0.02,12,8.0,10.0,XRPUSDT,41,54.66874548427577,0.393262922585748,-0.4111008062565545,0.1612377982601567,0.4146341463414634,4.434776913791424,0.5678101515008727,0.6556631537807276,-0.15106782251523396,-15.106782251523395,2026-01-21T19:45:00+00:00,2026-02-05T18:15:00+00:00,6,3.5599196985737227,-1.8497856270724005,0.4,1.0,2025-10,2025-08,XRPUSDT,XRPUSDT,0.9588482068710878,0.9999999999999997,0.6463414634146342,2
next_close,wide_stop_2atr_horizon_12_stacked,True,stress,-0.02,12,8.0,10.0,ETHUSDT,41,44.34647418101055,-0.008766923290528042,-1.0122841041561648,-0.003594438549116497,0.3902439024390244,2.293519575781769,-0.024475788042995113,-0.02545507045781624,-0.08659276011668912,-8.659276011668911,2025-05-21T20:30:00+00:00,2025-10-10T21:15:00+00:00,4,2.1725700433520565,-1.4048225819417823,0.4,0.0,2025-10,2025-06,ETHUSDT,ETHUSDT,,,0.573170731707317,2
next_close,wide_stop_2atr_horizon_12_stacked,True,stress,-0.02,12,8.0,10.0,SOLUSDT,47,51.08359939245529,-0.303572328971644,-0.9203981216717904,-0.14267899461667266,0.3404255319148936,2.5431879212166453,-0.8183378885636117,-0.8531481933923519,-0.21551581335846012,-21.551581335846013,2025-05-21T20:30:00+00:00,2026-02-05T23:30:00+00:00,6,2.409220493983493,-1.703723463400102,0.4166666666666667,0.0,2026-02,2026-01,SOLUSDT,SOLUSDT,,,0.6276595744680851,3
next_close,wide_stop_2atr_horizon_12_stacked,True,stress,-0.02,12,8.0,10.0,BNBUSDT,22,59.44424751483393,0.7573593342057561,-0.24333445967274586,0.16661905352526635,0.45454545454545453,3.627232799302619,0.9793499214307497,1.6098353855570968,-0.05009133056245779,-5.009133056245779,2025-10-11T04:30:00+00:00,2025-10-14T06:15:00+00:00,3,3.5172001673615587,-1.5425080267574123,0.8,1.0,2025-10,2025-12,BNBUSDT,BNBUSDT,0.7517445958643433,0.9999999999999998,0.9090909090909091,4
next_close,wide_stop_2atr_horizon_12_stacked,True,stress,-0.02,12,8.0,10.0,BTCUSDT,5,15.458954236839785,0.3379267757914661,-0.825411710614261,0.016896338789573306,0.4,2.872923822262552,0.2630168040766077,0.46247530762378924,-0.030579210238724695,-3.0579210238724697,2025-10-11T00:30:00+00:00,2026-02-05T18:15:00+00:00,2,2.961843701973081,-1.4113511749962773,0.3333333333333333,1.0,2026-02,2026-01,BTCUSDT,BTCUSDT,1.6865861303722562,1.0,0.5,1
next_open,wide_stop_2atr_horizon_12_stacked,True,stress,-0.02,12,8.0,10.0,ADAUSDT,60,61.663637962365904,0.5865085118387381,-0.8063054418703318,0.3519051071032429,0.4,5.667567090697514,0.8015918161740782,0.8126288208248641,-0.2265137132626095,-22.65137132626095,2025-05-30T04:00:00+00:00,2025-10-10T21:15:00+00:00,8,4.039326577070491,-1.7153701983157643,0.4166666666666667,1.0,2025-10,2025-08,ADAUSDT,ADAUSDT,1.504506571795961,0.9999999999999999,0.5833333333333334,3
next_open,wide_stop_2atr_horizon_12_stacked,True,stress,-0.02,12,8.0,10.0,AVAXUSDT,46,47.27545577114719,0.43201224336763755,-0.9543012802737848,0.19872563194911327,0.41304347826086957,3.3001267470908866,0.8878597144344297,0.9000845296081043,-0.1539267880283313,-15.39267880283313,2025-05-21T20:30:00+00:00,2025-10-10T21:15:00+00:00,5,3.233149007344753,-1.5391580720236664,0.3333333333333333,1.0,2025-10,2025-06,AVAXUSDT,AVAXUSDT,1.2750737294444827,0.9999999999999997,0.6521739130434783,4
next_open,wide_stop_2atr_horizon_12_stacked,True,stress,-0.02,12,8.0,10.0,LINKUSDT,55,59.48550277606416,0.8215816512312516,-0.6059615239376214,0.45186990817718836,0.45454545454545453,5.279876993375731,1.1540065434348592,1.200141614236881,-0.13839903379739477,-13.839903379739477,2025-07-11T19:00:00+00:00,2025-10-10T21:15:00+00:00,4,3.8855891981779562,-1.7317579712243358,0.4166666666666667,1.0,2025-10,2025-08,LINKUSDT,LINKUSDT,1.1630027168832597,1.0,0.6454545454545455,4
next_open,wide_stop_2atr_horizon_12_stacked,True,stress,-0.02,12,8.0,10.0,LTCUSDT,50,61.92645967998305,-0.007766891577018195,-1.096213163828842,-0.0038834457885090976,0.38,3.0458468999569015,-0.01803118109097327,-0.02006676196579145,-0.23191370476616205,-23.191370476616203,2025-11-09T15:00:00+00:00,2026-02-05T18:30:00+00:00,7,2.813024886729787,-1.7366392718295764,0.3,0.0,2025-10,2026-01,LTCUSDT,LTCUSDT,,,0.74,5
next_open,wide_stop_2atr_horizon_12_stacked,True,stress,-0.02,12,8.0,10.0,XRPUSDT,41,54.66874548427577,0.6930630322646485,0.31774070635544505,0.2841558432285059,0.5121951219512195,4.495197306835622,0.9872244524648967,1.1399702810554477,-0.152506912514408,-15.2506912514408,2026-01-21T19:45:00+00:00,2026-02-05T20:15:00+00:00,5,3.486639843415286,-2.240192619443521,0.6,1.0,2025-10,2025-07,XRPUSDT,XRPUSDT,0.7271445799121179,0.9999999999999998,0.573170731707317,2
next_open,wide_stop_2atr_horizon_12_stacked,True,stress,-0.02,12,8.0,10.0,ETHUSDT,41,44.34647418101055,-0.17215135003127124,-1.059971668565458,-0.07058205351282121,0.2926829268292683,2.533771854489701,-0.43504567308962483,-0.45245195952061956,-0.11861375885033447,-11.861375885033446,2025-12-07T17:30:00+00:00,2026-02-05T22:15:00+00:00,4,3.1080759868722394,-1.529486799784448,0.3,0.0,2025-10,2025-06,ETHUSDT,ETHUSDT,,,0.5,1
next_open,wide_stop_2atr_horizon_12_stacked,True,stress,-0.02,12,8.0,10.0,SOLUSDT,47,51.08359939245529,-0.47767294029508145,-1.120767294768994,-0.22450628193868827,0.3191489361702128,2.4273645732468796,-1.349101295583588,-1.4064891154565555,-0.2543078306463068,-25.43078306463068,2025-05-21T20:30:00+00:00,2026-04-12T01:45:00+00:00,8,2.326366963315303,-1.7920666451124487,0.16666666666666666,0.0,2025-10,2026-02,SOLUSDT,SOLUSDT,,,0.5851063829787234,3
next_open,wide_stop_2atr_horizon_12_stacked,True,stress,-0.02,12,8.0,10.0,BNBUSDT,22,59.44424751483393,0.703711104069491,-0.8645285627835685,0.154816442895288,0.4090909090909091,3.8292885307189217,0.8619610735549885,1.4168739965327324,-0.06205132647548457,-6.205132647548457,2025-11-05T04:30:00+00:00,2026-02-05T22:15:00+00:00,4,4.109906018818297,-1.6544238369104518,0.6,1.0,2025-10,2025-12,BNBUSDT,BNBUSDT,0.9217068723002244,0.9999999999999998,0.7272727272727273,3
next_open,wide_stop_2atr_horizon_12_stacked,True,stress,-0.02,12,8.0,10.0,BTCUSDT,5,15.458954236839785,1.1190887643563023,-0.8284888092961084,0.055954438217815115,0.4,3.796221961098725,0.6591707691487797,1.1590521955772048,-0.03027354532093442,-3.027354532093442,2025-10-11T00:30:00+00:00,2026-02-05T15:15:00+00:00,2,4.891191384132837,-1.3956463154947205,0.6666666666666666,1.0,2026-02,2026-01,BTCUSDT,BTCUSDT,0.8643324838510585,1.0,0.5,1
