entry_mode,filter_name,event_threshold,min_simultaneous_drops,exit_model,friction_case,horizon_bars,taker_fee_bps_per_side,slippage_bps_per_side,total_trades,trades_per_year,average_return_pct,median_return_pct,cumulative_return_units,win_rate,return_volatility_pct,sharpe_like,annualized_trade_sharpe_like,max_drawdown_units,max_losing_streak,average_win_pct,average_loss_pct,best_month,worst_month,best_symbol,worst_symbol,best_month_contribution,best_symbol_contribution,positive_month_rate,positive_symbol_rate,average_concurrent_positions,max_concurrent_positions
next_close,drop3_breadth4,-0.03,4,pure_horizon_12,base,12,4.0,5.0,71,102.92050105419818,3.1043467180579136,0.91681965792513,2.2040861698211187,0.7183098591549296,7.456339803086556,3.5081140459017806,4.2237234518808116,-0.148629783767237,5,5.1509773689448215,-2.1145614417037044,2025-10,2026-01,ADAUSDT,BTCUSDT,0.7523300454775241,0.2787448643372201,0.7142857142857143,1.0,6.401408450704225,26
next_close,drop3_breadth5,-0.03,5,pure_horizon_12,base,12,4.0,5.0,70,101.47091653230807,3.143566285590488,0.952603459839876,2.2004963999133413,0.7142857142857143,7.502797063920309,3.505487659477629,4.220561316959243,-0.148629783767237,5,5.246817376508163,-2.1145614417037044,2025-10,2026-01,ADAUSDT,BTCUSDT,0.753557355714468,0.27919959351831974,0.6666666666666666,1.0,6.485714285714286,26
next_close,drop3_breadth4,-0.03,4,scaled_exit_6_12,base,12,4.0,5.0,71,102.92050105419818,2.9466840937357697,0.8890193813599148,2.0921457065523965,0.6901408450704225,7.244842147020536,3.4271556238482197,4.126250570047236,-0.20021070125457624,8,5.27742979116317,-2.2445222323525327,2025-10,2026-01,ADAUSDT,BTCUSDT,0.6718414559607517,0.26074769063854025,0.7142857142857143,1.0,6.401408450704225,26
next_close,drop3_breadth5,-0.03,5,scaled_exit_6_12,base,12,4.0,5.0,70,101.47091653230807,2.9830097582830684,0.896148996020826,2.088106830798148,0.6857142857142857,7.290636697668831,3.423247004359077,4.121544643277251,-0.20424957700882482,8,5.378961920657718,-2.2445222323525327,2025-10,2026-01,ADAUSDT,BTCUSDT,0.6731409508559156,0.26125203625446536,0.6666666666666666,1.0,6.485714285714286,26
next_close,drop4_breadth5,-0.04,5,pure_horizon_12,base,12,4.0,5.0,36,52.18504278804415,5.777454670782333,4.236375539100138,2.07988368148164,0.8611111111111112,9.581786758603165,3.6177728536454543,4.3557512229030575,-0.13227370172192493,3,7.415892721566171,-4.38086124407746,2025-10,2025-05,ADAUSDT,BTCUSDT,0.7239884665589267,0.29640681574534217,1.0,1.0,7.777777777777778,22
next_close,drop4_breadth4,-0.04,4,pure_horizon_12,base,12,4.0,5.0,36,52.18504278804415,5.777454670782333,4.236375539100138,2.07988368148164,0.8611111111111112,9.581786758603165,3.6177728536454543,4.3557512229030575,-0.13227370172192493,3,7.415892721566171,-4.38086124407746,2025-10,2025-05,ADAUSDT,BTCUSDT,0.7239884665589267,0.29640681574534217,1.0,1.0,7.777777777777778,22
next_close,drop3_breadth4,-0.03,4,pure_horizon_12,stress,12,8.0,10.0,71,102.92050105419818,2.9212138861893777,0.7358732609924746,2.074061859194458,0.6901408450704225,7.448887185865774,3.3044648294875922,3.9785324574972036,-0.17188513273666084,5,5.1716736957857234,-2.0911738715479378,2025-10,2026-01,ADAUSDT,BTCUSDT,0.7752588281827866,0.2863754149566918,0.7142857142857143,1.0,6.401408450704225,26
next_close,drop3_breadth5,-0.03,5,pure_horizon_12,stress,12,8.0,10.0,70,101.47091653230807,2.9603942537348127,0.7716212969703974,2.072275977614369,0.6857142857142857,7.495298012632509,3.304529760800228,3.9786106339488114,-0.17188513273666084,5,5.275696311156073,-2.0911738715479378,2025-10,2026-01,ADAUSDT,BTCUSDT,0.7759269440495965,0.28662221247984326,0.6666666666666666,1.0,6.485714285714286,26
next_close,drop4_breadth5,-0.04,5,pure_horizon_12,stress,12,8.0,10.0,36,52.18504278804415,5.59165006551189,4.052111243576643,2.0129940235842803,0.8055555555555556,9.572209755557584,3.504927414862844,4.219886789766771,-0.13754239510785668,3,7.732352797871137,-3.2769755399764184,2025-10,2025-05,ADAUSDT,BTCUSDT,0.7276226915217932,0.2996896194005544,1.0,1.0,7.777777777777778,22
next_close,drop4_breadth4,-0.04,4,pure_horizon_12,stress,12,8.0,10.0,36,52.18504278804415,5.59165006551189,4.052111243576643,2.0129940235842803,0.8055555555555556,9.572209755557584,3.504927414862844,4.219886789766771,-0.13754239510785668,3,7.732352797871137,-3.2769755399764184,2025-10,2025-05,ADAUSDT,BTCUSDT,0.7276226915217932,0.2996896194005544,1.0,1.0,7.777777777777778,22
next_close,drop3_breadth4,-0.03,4,pure_horizon_6,base,6,4.0,5.0,71,102.92050105419818,2.789021469413627,0.8076235760283625,1.9802052432836754,0.704225352112676,7.237038102340334,3.2472832517330406,3.9096865853797937,-0.27374333675713935,8,5.207322059260498,-2.9688370778408317,2025-10,2026-01,ADAUSDT,LTCUSDT,0.5822528703411379,0.2407157662813707,0.7142857142857143,1.0,5.598591549295775,23
next_close,drop3_breadth5,-0.03,5,pure_horizon_6,base,6,4.0,5.0,70,101.47091653230807,2.822453230975651,0.8458639566489203,1.9757172616829557,0.7,7.283767491161262,3.2420499391075266,3.903385745390504,-0.27814634159584106,8,5.304434791896998,-2.9688370778408317,2025-10,2026-01,ADAUSDT,LTCUSDT,0.5835754989478401,0.24126256918228461,0.6666666666666666,1.0,5.671428571428572,23
next_close,drop3_breadth4,-0.03,4,scaled_exit_6_12,stress,12,8.0,10.0,71,102.92050105419818,2.7637088457783916,0.7081007708245203,1.9622332805026579,0.676056338028169,7.23760092186548,3.217561304551563,3.8739017495097556,-0.2162132936584159,8,5.198487996141417,-2.3175693810661846,2025-10,2026-01,ADAUSDT,LTCUSDT,0.6908338744004161,0.26764076066910486,0.7142857142857143,1.0,6.401408450704225,26
next_close,drop3_breadth5,-0.03,5,scaled_exit_6_12,stress,12,8.0,10.0,70,101.47091653230807,2.7999982027967536,0.7152232594302356,1.9599987419577274,0.6714285714285714,7.283349700826086,3.2164411525943755,3.872553101196349,-0.21844783220334624,8,5.304339786389255,-2.3175693810661846,2025-10,2026-01,ADAUSDT,LTCUSDT,0.691621474355174,0.267945890250623,0.6666666666666666,1.0,6.485714285714286,26
next_close,drop4_breadth4,-0.04,4,scaled_exit_6_12,base,12,4.0,5.0,36,52.18504278804415,5.322232085543501,2.87466316383251,1.9160035507956603,0.8333333333333334,9.400451244561665,3.397006343895998,4.089951231107477,-0.22112118646321885,3,7.457198813387173,-5.352601553674856,2025-10,2025-05,ADAUSDT,BTCUSDT,0.6561498904535066,0.28420355748473947,1.0,1.0,7.777777777777778,22
next_close,drop4_breadth5,-0.04,5,scaled_exit_6_12,base,12,4.0,5.0,36,52.18504278804415,5.322232085543501,2.87466316383251,1.9160035507956603,0.8333333333333334,9.400451244561665,3.397006343895998,4.089951231107477,-0.22112118646321885,3,7.457198813387173,-5.352601553674856,2025-10,2025-05,ADAUSDT,BTCUSDT,0.6561498904535066,0.28420355748473947,1.0,1.0,7.777777777777778,22
next_open,drop3_breadth4,-0.03,4,pure_horizon_12,base,12,4.0,5.0,71,102.92050105419818,2.672133821846603,1.1526980817217283,1.897215013511088,0.676056338028169,8.123127878135538,2.7718140271377303,3.3372278544793947,-0.6183722022358334,9,5.573593059871612,-3.383085457509942,2025-10,2025-06,ADAUSDT,AVAXUSDT,0.6008655783775009,0.25611502278396014,0.8571428571428571,1.0,6.401408450704225,26
next_open,drop3_breadth5,-0.03,5,pure_horizon_12,base,12,4.0,5.0,70,101.47091653230807,2.6969158217253755,1.1768843681906695,1.887841075207763,0.6714285714285714,8.179075586079728,2.7587490043559137,3.3214977378409745,-0.6277461405391582,9,5.672235596670318,-3.383085457509942,2025-10,2025-06,ADAUSDT,AVAXUSDT,0.6038491329437572,0.2573867434036989,0.8333333333333334,1.0,6.485714285714286,26
next_close,drop3_breadth4,-0.03,4,pure_horizon_6,stress,6,8.0,10.0,71,102.92050105419818,2.606203805367404,0.6267863206614034,1.8504047018108571,0.676056338028169,7.229804677333782,3.03746291684694,3.657065645027183,-0.2895875414090101,8,5.233934973195111,-2.8777568927078083,2025-10,2026-01,ADAUSDT,LTCUSDT,0.5962045338929537,0.2466416614639141,0.7142857142857143,1.0,5.598591549295775,23
next_close,drop4_breadth4,-0.04,4,scaled_exit_6_12,stress,12,8.0,10.0,36,52.18504278804415,5.136882475588133,2.691759900848544,1.849277691211728,0.8333333333333334,9.391055486498255,3.281984106881416,3.9514659613558214,-0.22630107672157157,3,7.269715302587433,-5.5272816594083665,2025-10,2025-05,ADAUSDT,BTCUSDT,0.6577283445177741,0.2873493051904313,1.0,1.0,7.777777777777778,22
next_close,drop4_breadth5,-0.04,5,scaled_exit_6_12,stress,12,8.0,10.0,36,52.18504278804415,5.136882475588133,2.691759900848544,1.849277691211728,0.8333333333333334,9.391055486498255,3.281984106881416,3.9514659613558214,-0.22630107672157157,3,7.269715302587433,-5.5272816594083665,2025-10,2025-05,ADAUSDT,BTCUSDT,0.6577283445177741,0.2873493051904313,1.0,1.0,7.777777777777778,22
next_close,drop3_breadth5,-0.03,5,pure_horizon_6,stress,6,8.0,10.0,70,101.47091653230807,2.6396021518586945,0.6649884799928719,1.847721506301086,0.6714285714285714,7.276487360095568,3.0350490519982056,3.6541593833042554,-0.2922707369187814,8,5.339586365157196,-2.8777568927078083,2025-10,2026-01,ADAUSDT,LTCUSDT,0.5970703209300107,0.2469998257198941,0.6666666666666666,1.0,5.671428571428572,23
next_open,drop3_breadth4,-0.03,4,scaled_exit_6_12,base,12,4.0,5.0,71,102.92050105419818,2.5317859030956744,0.9022232183196779,1.797567991197929,0.6901408450704225,8.106086338543248,2.6317517877479863,3.1685947492003623,-0.7433886048147277,9,5.4431209018809135,-3.9525511396532687,2025-10,2025-06,ADAUSDT,AVAXUSDT,0.5006372645763562,0.2353293917392207,0.8571428571428571,1.0,6.401408450704225,26
next_open,drop3_breadth5,-0.03,5,scaled_exit_6_12,base,12,4.0,5.0,70,101.47091653230807,2.553917658139676,0.8710699660527423,1.787742360697773,0.6857142857142857,8.16245391711698,2.6177921949967953,3.1517875820129704,-0.7532142353148841,9,5.5360491904614415,-3.9525511396532687,2025-10,2025-06,ADAUSDT,AVAXUSDT,0.5033888225661866,0.2366227882038844,0.8333333333333334,1.0,6.485714285714286,26
next_open,drop4_breadth4,-0.04,4,wide_stop_2atr_horizon_12,base,12,4.0,5.0,36,52.18504278804415,4.938259127519837,2.004550425781817,1.7777732859071413,0.6111111111111112,9.992307166319174,2.965236583698171,3.5701060840858303,-0.29921140621473846,11,9.815957318587895,-2.726695172729968,2025-10,2025-11,ADAUSDT,SOLUSDT,0.7133665911221608,0.2969881584142077,0.8,0.875,3.5833333333333335,11
next_open,drop4_breadth5,-0.04,5,wide_stop_2atr_horizon_12,base,12,4.0,5.0,36,52.18504278804415,4.938259127519837,2.004550425781817,1.7777732859071413,0.6111111111111112,9.992307166319174,2.965236583698171,3.5701060840858303,-0.29921140621473846,11,9.815957318587895,-2.726695172729968,2025-10,2025-11,ADAUSDT,SOLUSDT,0.7133665911221608,0.2969881584142077,0.8,0.875,3.5833333333333335,11
next_open,drop3_breadth4,-0.03,4,pure_horizon_12,stress,12,8.0,10.0,71,102.92050105419818,2.4894329870917162,0.9715159241277239,1.7674974208351184,0.6338028169014085,8.115008805734066,2.584881384811158,3.112163396771939,-0.6465589443559083,9,5.756106807256199,-3.164425547808348,2025-10,2025-06,ADAUSDT,AVAXUSDT,0.6168176949136959,0.2634325201243208,0.7142857142857143,1.0,6.401408450704225,26
next_open,drop3_breadth5,-0.03,5,pure_horizon_12,stress,12,8.0,10.0,70,101.47091653230807,2.5141902173430397,0.9956780363852104,1.7599331521401278,0.6285714285714286,8.170900593902239,2.5744071045531416,3.099552500265015,-0.6541232130508989,9,5.8697358967506785,-3.164425547808348,2025-10,2025-06,ADAUSDT,AVAXUSDT,0.6194688040052418,0.26456476447280397,0.6666666666666666,1.0,6.485714285714286,26
next_close,drop4_breadth4,-0.04,4,pure_horizon_6,base,6,4.0,5.0,36,52.18504278804415,4.867009500304669,2.6162350945896273,1.752123420109681,0.8333333333333334,9.463824415779017,3.0856507600816725,3.7150831783522085,-0.3099686712045128,3,7.285488081199164,-7.225383404167811,2025-10,2026-01,ADAUSDT,AVAXUSDT,0.575621118451942,0.2697175016362623,1.0,1.0,6.833333333333333,20
next_close,drop4_breadth5,-0.04,5,pure_horizon_6,base,6,4.0,5.0,36,52.18504278804415,4.867009500304669,2.6162350945896273,1.752123420109681,0.8333333333333334,9.463824415779017,3.0856507600816725,3.7150831783522085,-0.3099686712045128,3,7.285488081199164,-7.225383404167811,2025-10,2026-01,ADAUSDT,AVAXUSDT,0.575621118451942,0.2697175016362623,1.0,1.0,6.833333333333333,20
next_open,drop4_breadth4,-0.04,4,wide_stop_2atr_horizon_12,stress,12,8.0,10.0,36,52.18504278804415,4.772698893229343,1.8225168411315544,1.7181716015625634,0.6111111111111112,9.967027563936673,2.8730926222166113,3.4591659590025183,-0.3132266370507217,11,9.626116226894608,-2.854099773958927,2025-10,2025-11,ADAUSDT,SOLUSDT,0.717517912650242,0.30022949938031707,0.8,0.875,3.5833333333333335,11
next_open,drop4_breadth5,-0.04,5,wide_stop_2atr_horizon_12,stress,12,8.0,10.0,36,52.18504278804415,4.772698893229343,1.8225168411315544,1.7181716015625634,0.6111111111111112,9.967027563936673,2.8730926222166113,3.4591659590025183,-0.3132266370507217,11,9.626116226894608,-2.854099773958927,2025-10,2025-11,ADAUSDT,SOLUSDT,0.717517912650242,0.30022949938031707,0.8,0.875,3.5833333333333335,11
next_open,drop3_breadth4,-0.03,4,wide_stop_2atr_horizon_12,base,12,4.0,5.0,71,102.92050105419818,2.411957005385681,0.007289428304204716,1.7124894738238334,0.5070422535211268,7.734428691835793,2.6276680261199523,3.1636779535846764,-0.3672861724854183,14,6.872829048350637,-2.176368524521132,2025-10,2026-01,ADAUSDT,SOLUSDT,0.772059102053394,0.2683395104528051,0.5714285714285714,0.8888888888888888,3.4295774647887325,13
next_open,drop3_breadth5,-0.03,5,wide_stop_2atr_horizon_12,base,12,4.0,5.0,70,101.47091653230807,2.433022193600727,0.002605266941970786,1.7031155355205088,0.5,7.78822197409676,2.6137062089734022,3.1468681082543495,-0.37666011078874306,14,7.042412911722584,-2.176368524521132,2025-10,2026-01,ADAUSDT,SOLUSDT,0.7763085109973134,0.2698164496051217,0.5,0.8888888888888888,3.4714285714285715,13
next_open,drop3_breadth4,-0.03,4,pure_horizon_6,base,6,4.0,5.0,71,102.92050105419818,2.391437984344748,1.0809593688550525,1.6979209688847712,0.6901408450704225,8.26245133802519,2.4388179494159696,2.9363049299522412,-0.8684050073936224,9,5.541999881086801,-4.6257226038534665,2026-02,2025-06,ADAUSDT,AVAXUSDT,0.5242322583568003,0.21210404026171134,0.8571428571428571,0.8888888888888888,5.598591549295775,23
next_open,drop3_breadth5,-0.03,5,pure_horizon_6,base,6,4.0,5.0,70,101.47091653230807,2.4109194945539763,1.109311731172882,1.6876436461877833,0.6857142857142857,8.320466200361261,2.424287197029259,2.918810094030097,-0.8786823300906101,9,5.636047122990719,-4.6257226038534665,2026-02,2025-06,ADAUSDT,AVAXUSDT,0.5274247001376667,0.2133957001876848,0.8333333333333334,0.8888888888888888,5.671428571428572,23
next_close,drop4_breadth4,-0.04,4,pure_horizon_6,stress,6,8.0,10.0,36,52.18504278804415,4.682114885664376,2.433590130654522,1.6855613588391753,0.8055555555555556,9.454365316183484,2.9713987533249506,3.5775252557622763,-0.31505975833528654,3,7.345267868311678,-6.350947471017306,2025-10,2026-01,ADAUSDT,AVAXUSDT,0.5742565076347118,0.272611794376089,1.0,1.0,6.833333333333333,20
next_close,drop4_breadth5,-0.04,5,pure_horizon_6,stress,6,8.0,10.0,36,52.18504278804415,4.682114885664376,2.433590130654522,1.6855613588391753,0.8055555555555556,9.454365316183484,2.9713987533249506,3.5775252557622763,-0.31505975833528654,3,7.345267868311678,-6.350947471017306,2025-10,2026-01,ADAUSDT,AVAXUSDT,0.5742565076347118,0.272611794376089,1.0,1.0,6.833333333333333,20
next_close,drop4_breadth4,-0.04,4,wide_stop_2atr_horizon_12,base,12,4.0,5.0,36,52.18504278804415,4.6408360380867135,1.594714395607035,1.670700973711217,0.6944444444444444,10.055600579648901,2.769105237222192,3.3339665068314064,-0.38555402109518383,10,8.275681681918774,-3.6201767888043364,2025-10,2025-11,ADAUSDT,BTCUSDT,0.6645676595890573,0.2785719440114936,1.0,1.0,5.555555555555555,12
next_close,drop4_breadth5,-0.04,5,wide_stop_2atr_horizon_12,base,12,4.0,5.0,36,52.18504278804415,4.6408360380867135,1.594714395607035,1.670700973711217,0.6944444444444444,10.055600579648901,2.769105237222192,3.3339665068314064,-0.38555402109518383,10,8.275681681918774,-3.6201767888043364,2025-10,2025-11,ADAUSDT,BTCUSDT,0.6645676595890573,0.2785719440114936,1.0,1.0,5.555555555555555,12
next_open,drop3_breadth4,-0.03,4,scaled_exit_6_12,stress,12,8.0,10.0,71,102.92050105419818,2.349225346190754,0.721291410539331,1.6679499957954351,0.6619718309859155,8.097984299173369,2.444426154292002,2.943057135310423,-0.7714503929467409,9,5.485276257123315,-3.7922076877188444,2025-10,2025-06,ADAUSDT,AVAXUSDT,0.5098605680422857,0.2414907339880983,0.7142857142857143,0.8888888888888888,6.401408450704225,26
next_open,drop4_breadth5,-0.04,5,pure_horizon_12,base,12,4.0,5.0,36,52.18504278804415,4.621876471096318,3.278169181057447,1.6638755295946746,0.75,10.901056605567012,2.543905589153253,3.0628290744508186,-0.6039473410080365,9,8.399343965195225,-6.710526011200406,2025-10,2025-11,ADAUSDT,AVAXUSDT,0.6072098824919521,0.28392538142286516,1.0,1.0,7.777777777777778,22
next_open,drop4_breadth4,-0.04,4,pure_horizon_12,base,12,4.0,5.0,36,52.18504278804415,4.621876471096318,3.278169181057447,1.6638755295946746,0.75,10.901056605567012,2.543905589153253,3.0628290744508186,-0.6039473410080365,9,8.399343965195225,-6.710526011200406,2025-10,2025-11,ADAUSDT,AVAXUSDT,0.6072098824919521,0.28392538142286516,1.0,1.0,7.777777777777778,22
next_open,drop3_breadth5,-0.03,5,scaled_exit_6_12,stress,12,8.0,10.0,70,101.47091653230807,2.371334980529003,0.6901692959713924,1.659934486370302,0.6571428571428571,8.154295538310077,2.433074909303261,2.929390384731718,-0.779465902371874,9,5.587096372658316,-3.7922076877188444,2025-10,2025-06,ADAUSDT,AVAXUSDT,0.512322588213686,0.24265684703066576,0.6666666666666666,0.8888888888888888,6.485714285714286,26
next_close,drop3_breadth4,-0.03,4,wide_stop_2atr_horizon_12,base,12,4.0,5.0,71,102.92050105419818,2.2895588961651283,0.3241529038026237,1.6255868162772409,0.5774647887323944,7.6773524565364335,2.5128670701018185,3.025459103260075,-0.42743745688059553,11,5.738933267823825,-2.4245860784350945,2025-10,2026-01,ADAUSDT,SOLUSDT,0.7415568809733373,0.2644184315132013,0.7142857142857143,1.0,4.809859154929577,15
next_close,drop3_breadth5,-0.03,5,wide_stop_2atr_horizon_12,base,12,4.0,5.0,70,101.47091653230807,2.317138637670662,0.2951079387679601,1.6219970463694633,0.5714285714285714,7.729241915401073,2.5082114071416926,3.0198537459166586,-0.431027226788373,11,5.873432174749977,-2.4245860784350945,2025-10,2026-01,ADAUSDT,SOLUSDT,0.7431980791383905,0.26500363685043204,0.6666666666666666,1.0,4.871428571428571,15
next_close,drop4_breadth4,-0.04,4,wide_stop_2atr_horizon_12,stress,12,8.0,10.0,36,52.18504278804415,4.47141473673865,1.413090442376057,1.609709305225914,0.6666666666666666,10.032684792357523,2.674108573695918,3.2195917657778512,-0.39818165307191716,10,8.427523764540974,-3.4408033188660037,2025-10,2025-11,ADAUSDT,BTCUSDT,0.6675537597088602,0.28162919734847025,1.0,1.0,5.555555555555555,12
next_close,drop4_breadth5,-0.04,5,wide_stop_2atr_horizon_12,stress,12,8.0,10.0,36,52.18504278804415,4.47141473673865,1.413090442376057,1.609709305225914,0.6666666666666666,10.032684792357523,2.674108573695918,3.2195917657778512,-0.39818165307191716,10,8.427523764540974,-3.4408033188660037,2025-10,2025-11,ADAUSDT,BTCUSDT,0.6675537597088602,0.28162919734847025,1.0,1.0,5.555555555555555,12
next_open,drop3_breadth4,-0.03,4,wide_stop_2atr_horizon_12,stress,12,8.0,10.0,71,102.92050105419818,2.249897948498926,-0.17274789248235653,1.5974275434342373,0.49295774647887325,7.713718447484194,2.4576962741746513,2.9590341861771394,-0.39233846199432376,14,6.881891830084712,-2.253429436376144,2025-10,2026-01,ADAUSDT,SOLUSDT,0.8004748079029017,0.27654524354193677,0.5714285714285714,0.8888888888888888,3.415492957746479,13
next_open,drop4_breadth5,-0.04,5,pure_horizon_12,stress,12,8.0,10.0,36,52.18504278804415,4.437226867102417,3.0948626135068924,1.5974016721568702,0.7222222222222222,10.890160991320762,2.4447169535723834,2.943407253842565,-0.619546398337892,9,8.530037314432995,-6.204080295957086,2025-10,2025-11,ADAUSDT,AVAXUSDT,0.607051599324137,0.2875558598045925,1.0,1.0,7.777777777777778,22
next_open,drop4_breadth4,-0.04,4,pure_horizon_12,stress,12,8.0,10.0,36,52.18504278804415,4.437226867102417,3.0948626135068924,1.5974016721568702,0.7222222222222222,10.890160991320762,2.4447169535723834,2.943407253842565,-0.619546398337892,9,8.530037314432995,-6.204080295957086,2025-10,2025-11,ADAUSDT,AVAXUSDT,0.607051599324137,0.2875558598045925,1.0,1.0,7.777777777777778,22
next_open,drop3_breadth5,-0.03,5,wide_stop_2atr_horizon_12,stress,12,8.0,10.0,70,101.47091653230807,2.271233249627495,-0.17742737202180542,1.5898632747392467,0.4857142857142857,7.76730358205924,2.44647328487015,2.9455218537656527,-0.3999027306893144,14,7.062052564219585,-2.253429436376144,2025-10,2026-01,ADAUSDT,SOLUSDT,0.8042833156071517,0.277860993494596,0.5,0.8888888888888888,3.4571428571428573,13
next_open,drop3_breadth4,-0.03,4,pure_horizon_6,stress,6,8.0,10.0,71,102.92050105419818,2.20901770528979,0.8998489141583345,1.568402570755751,0.676056338028169,8.254193011721153,2.255037410675821,2.7150355637573576,-0.8963418415375739,9,5.470809972947729,-4.598200940257209,2026-02,2025-06,ADAUSDT,AVAXUSDT,0.549738182210551,0.2167636319497478,0.7142857142857143,0.8888888888888888,5.598591549295775,23
next_open,drop3_breadth5,-0.03,5,pure_horizon_6,stress,6,8.0,10.0,70,101.47091653230807,2.2284797437149657,0.9281729382687721,1.5599358206004759,0.6714285714285714,8.312149888158846,2.2430778397815905,2.7006363967407085,-0.9048085916928492,9,5.5691958231056065,-4.598200940257209,2026-02,2025-06,ADAUSDT,AVAXUSDT,0.5527219561441479,0.21794014414353924,0.6666666666666666,0.8888888888888888,5.671428571428572,23
next_open,drop4_breadth4,-0.04,4,scaled_exit_6_12,base,12,4.0,5.0,36,52.18504278804415,4.202277073515556,2.935679616960892,1.5128197464656,0.75,10.973329404000163,2.297722187388457,2.7664274769279324,-0.7456013329394021,9,8.364522516314823,-8.284459254882247,2025-10,2025-11,ADAUSDT,AVAXUSDT,0.5117401029033589,0.2686917848909371,1.0,1.0,7.777777777777778,22
next_open,drop4_breadth5,-0.04,5,scaled_exit_6_12,base,12,4.0,5.0,36,52.18504278804415,4.202277073515556,2.935679616960892,1.5128197464656,0.75,10.973329404000163,2.297722187388457,2.7664274769279324,-0.7456013329394021,9,8.364522516314823,-8.284459254882247,2025-10,2025-11,ADAUSDT,AVAXUSDT,0.5117401029033589,0.2686917848909371,1.0,1.0,7.777777777777778,22
next_close,drop3_breadth4,-0.03,4,wide_stop_2atr_horizon_12,stress,12,8.0,10.0,71,102.92050105419818,2.122702448121098,0.14379887773483996,1.5071187381659794,0.5633802816901409,7.659070024107187,2.335297718320766,2.8116679249689733,-0.44982702643372413,11,5.693898042018084,-2.4852918665846913,2025-10,2026-01,ADAUSDT,SOLUSDT,0.7704377220620159,0.27310269950921134,0.7142857142857143,1.0,4.809859154929577,15
next_close,drop3_breadth5,-0.03,5,wide_stop_2atr_horizon_12,stress,12,8.0,10.0,70,101.47091653230807,2.1504755094084143,0.1147829431644977,1.5053328565858901,0.5571428571428572,7.710769036266004,2.333381908212112,2.8093613146423437,-0.4516129080138135,11,5.835316244172165,-2.4852918665846913,2025-10,2026-01,ADAUSDT,SOLUSDT,0.7713517461799488,0.2734267003296228,0.6666666666666666,1.0,4.871428571428571,15
next_open,drop4_breadth4,-0.04,4,scaled_exit_6_12,stress,12,8.0,10.0,36,52.18504278804415,4.018046859433974,2.7527153679862963,1.4464968693962306,0.7222222222222222,10.962361553037718,2.199186830316077,2.6477921951039973,-0.7610588069981704,9,8.491746759131189,-7.613572879778788,2025-10,2025-11,ADAUSDT,AVAXUSDT,0.5072877491326762,0.27201846368953553,1.0,1.0,7.777777777777778,22
next_open,drop4_breadth5,-0.04,5,scaled_exit_6_12,stress,12,8.0,10.0,36,52.18504278804415,4.018046859433974,2.7527153679862963,1.4464968693962306,0.7222222222222222,10.962361553037718,2.199186830316077,2.6477921951039973,-0.7610588069981704,9,8.491746759131189,-7.613572879778788,2025-10,2025-11,ADAUSDT,AVAXUSDT,0.5072877491326762,0.27201846368953553,1.0,1.0,7.777777777777778,22
next_open,drop4_breadth5,-0.04,5,pure_horizon_6,base,6,4.0,5.0,36,52.18504278804415,3.7826776759347944,2.5717551048834464,1.361763963336526,0.7222222222222222,11.239974006978134,2.0192276282416954,2.431123668300749,-0.8872553248707681,9,8.718526282490325,-9.050528701109592,2026-02,2026-01,ADAUSDT,AVAXUSDT,0.5511420668048433,0.25007856763771347,1.0,0.875,6.833333333333333,20
next_open,drop4_breadth4,-0.04,4,pure_horizon_6,base,6,4.0,5.0,36,52.18504278804415,3.7826776759347944,2.5717551048834464,1.361763963336526,0.7222222222222222,11.239974006978134,2.0192276282416954,2.431123668300749,-0.8872553248707681,9,8.718526282490325,-9.050528701109592,2026-02,2026-01,ADAUSDT,AVAXUSDT,0.5511420668048433,0.25007856763771347,1.0,0.875,6.833333333333333,20
next_open,drop4_breadth5,-0.04,5,pure_horizon_6,stress,6,8.0,10.0,36,52.18504278804415,3.5988668517655302,2.389154598731396,1.295592066635591,0.7222222222222222,11.228739644535194,1.9230298140452626,2.315302757542216,-0.9025712156584492,9,8.529782073940005,-9.221512725888106,2026-02,2026-01,ADAUSDT,AVAXUSDT,0.5675959823206504,0.25286161395703677,1.0,0.875,6.833333333333333,20
next_open,drop4_breadth4,-0.04,4,pure_horizon_6,stress,6,8.0,10.0,36,52.18504278804415,3.5988668517655302,2.389154598731396,1.295592066635591,0.7222222222222222,11.228739644535194,1.9230298140452626,2.315302757542216,-0.9025712156584492,9,8.529782073940005,-9.221512725888106,2026-02,2026-01,ADAUSDT,AVAXUSDT,0.5675959823206504,0.25286161395703677,1.0,0.875,6.833333333333333,20
