event_definition,dislocation_definition,occurrences,symbols,first_signal,last_signal,avg_event_return_pct,avg_rel_to_btc_pct,avg_rel_to_basket_pct,avg_forward_1_pct,median_forward_1_pct,win_rate_forward_1,avg_forward_3_pct,median_forward_3_pct,win_rate_forward_3,avg_forward_6_pct,median_forward_6_pct,win_rate_forward_6,avg_forward_12_pct,median_forward_12_pct,win_rate_forward_12
basket_return_le_1%,rel_btc_le_1%,419,8,2025-05-09T08:30:00+00:00,2026-03-21T23:45:00+00:00,-2.784420145664068,-1.8873182257655812,-0.4654940918444074,-0.011664313178761087,0.1666666666666483,0.5608591885441527,0.5339422698263543,0.40361006782891895,0.6539379474940334,0.5381037217588653,0.47988708539166147,0.6324582338902148,0.7676263944937594,0.8233157901065713,0.6563245823389021
basket_return_le_1%,rel_btc_le_2%,84,8,2025-05-09T08:30:00+00:00,2026-02-06T00:00:00+00:00,-5.422054039199095,-4.059345676862935,-1.1116268801612268,-0.3084574143432307,0.2474736993968718,0.5476190476190477,1.7047569910802944,1.2244119983303214,0.7380952380952381,1.7419009081124193,1.0907026532026465,0.7142857142857143,2.63761409263969,1.6648252615994563,0.7857142857142857
basket_return_le_1%,symbol_zscore_le_-1,2014,8,2025-05-09T08:30:00+00:00,2026-04-29T18:00:00+00:00,-1.5718982289800485,-0.6677012294004682,-0.030533324840012303,0.03879702368003016,0.09078448383667004,0.5402184707050646,0.10761231254881175,0.11964935420396561,0.55759682224429,0.11400410473570671,0.18652299293591135,0.5655412115193644,0.12997023849803438,0.3187560438602466,0.573982125124131
basket_return_le_1%,symbol_zscore_le_-2,1717,8,2025-05-09T08:30:00+00:00,2026-04-29T18:00:00+00:00,-1.6517856431091889,-0.7211332230727896,-0.0569917740567047,0.01697620091984667,0.08213951352211701,0.5381479324403029,0.0946833994947416,0.11000768546844952,0.5521258008153757,0.08271586548775006,0.16651248843664312,0.5626092020966803,0.08890905268431587,0.2764152299998379,0.5631916132789749
basket_return_le_1%,rel_btc_le_-1_atr_equiv,655,8,2025-05-09T08:30:00+00:00,2026-04-29T18:00:00+00:00,-2.1724372577686477,-1.383951304179793,-0.2585858258056137,-0.08192047018936986,0.0,0.4961832061068702,0.1317696191082129,0.14010507880910517,0.5633587786259542,0.055510390303579356,0.2366863905325367,0.5633587786259542,0.23346320716715435,0.3850073604348303,0.5954198473282443
basket_return_le_1%,bottom_1_performer,259,8,2025-05-09T08:30:00+00:00,2026-04-29T18:00:00+00:00,-2.1519212589019987,-1.2543770682862647,-0.6133168099567542,0.053705040410474615,0.08714373590321678,0.525096525096525,0.21091308116838314,0.1744093863960572,0.5907335907335908,0.2506978051839601,0.2424408764466479,0.5598455598455598,0.3996964001198299,0.4112737389621479,0.5598455598455598
basket_return_le_1%,bottom_2_performer,518,8,2025-05-09T08:30:00+00:00,2026-04-29T18:00:00+00:00,-2.0400489850109134,-1.1425047943951792,-0.5014445360656685,0.05242032784337894,0.07543840921444556,0.525096525096525,0.1763247232756675,0.14971018372959,0.5675675675675675,0.22020611099577464,0.16928462418251966,0.5617760617760618,0.2987994185700587,0.3981405496984891,0.5714285714285714
basket_return_le_1%,bottom_3_performer,777,8,2025-05-09T08:30:00+00:00,2026-04-29T18:00:00+00:00,-1.9548216776848513,-1.0572774870691173,-0.41621722873960676,0.026280277904326167,0.07408583373023081,0.5302445302445302,0.15624934013467712,0.13945233265721946,0.5688545688545689,0.20189263922944065,0.2426609848484862,0.5688545688545689,0.2728507049254551,0.41473530129301217,0.5778635778635779
basket_return_le_2%,rel_btc_le_1%,191,8,2025-05-09T08:30:00+00:00,2026-03-21T23:45:00+00:00,-3.8758757568163813,-2.5306685356117855,-0.44125205182719135,-0.09261966949927657,0.056811725940231206,0.5340314136125655,0.8158988426654223,0.4431758431608257,0.6335078534031413,0.5861383130349342,0.375586854460086,0.612565445026178,1.2704861068980282,1.0456154641436122,0.6544502617801047
basket_return_le_2%,rel_btc_le_2%,74,8,2025-05-09T08:30:00+00:00,2026-02-06T00:00:00+00:00,-5.733026863167989,-4.23403681287157,-1.0306783417713568,-0.2267666982319388,0.36261584415164805,0.5675675675675675,1.8838360548869515,1.2244119983303214,0.7567567567567568,1.7507877536656415,0.970992909204127,0.7162162162162162,2.844646441809675,1.7242460662299397,0.7972972972972973
basket_return_le_2%,symbol_zscore_le_-1,287,8,2025-05-09T08:30:00+00:00,2026-03-21T23:45:00+00:00,-3.2602692730833147,-1.7968207174482669,-0.050270890828054866,-0.11293375022109449,-0.004629843974268688,0.4912891986062718,0.46916139735965706,0.15495867768595684,0.5644599303135889,0.41600288606105235,0.18115727529985914,0.5679442508710801,0.8460728590226195,0.5766871165644005,0.5993031358885017
basket_return_le_2%,symbol_zscore_le_-2,269,8,2025-05-09T08:30:00+00:00,2026-03-21T23:45:00+00:00,-3.2965679125861915,-1.8187015769914112,-0.031249030388278413,-0.189926090304335,-0.060967977680070895,0.4721189591078067,0.3910287582595788,0.0966297349435985,0.5427509293680297,0.3448385399484438,0.17376194613378804,0.5613382899628253,0.72547433386508,0.5364167362021721,0.5836431226765799
basket_return_le_2%,rel_btc_le_-1_atr_equiv,188,8,2025-05-09T08:30:00+00:00,2026-03-21T23:45:00+00:00,-3.691399523890378,-2.37767118918182,-0.2987486243158028,-0.24410845035300957,-0.03686589423210762,0.4734042553191489,0.42162096500484253,0.25947191926186663,0.5691489361702128,0.23437432176863604,0.3076290822048189,0.5957446808510638,0.798974055956108,0.7503959290058315,0.6223404255319149
basket_return_le_2%,bottom_1_performer,38,7,2025-05-09T08:30:00+00:00,2026-03-21T23:45:00+00:00,-4.342155897222253,-2.9122744149055726,-1.1896173321382957,-0.09415268508596893,-0.15468764055766027,0.39473684210526316,0.9171537709884933,0.27487640248540224,0.631578947368421,1.0382684709303924,0.3677534434449292,0.6578947368421053,2.0686161682101942,1.018240461596498,0.6578947368421053
basket_return_le_2%,bottom_2_performer,76,8,2025-05-09T08:30:00+00:00,2026-03-21T23:45:00+00:00,-4.224433445340774,-2.7945519630240936,-1.0718948802568158,0.026833056506019096,-0.058261766617812016,0.4473684210526316,0.8332875786132246,0.2943007151759991,0.631578947368421,0.8251510708681344,0.26334671046096547,0.5921052631578947,1.6424154149728718,0.8665857028752555,0.6578947368421053
basket_return_le_2%,bottom_3_performer,114,8,2025-05-09T08:30:00+00:00,2026-03-21T23:45:00+00:00,-4.083154369427133,-2.653272887110451,-0.9306158043431739,-0.12482387747604039,-0.05110955565925668,0.45614035087719296,0.7057583253531909,0.21562166279639472,0.6052631578947368,0.6655633588085569,0.2645044561902399,0.5789473684210527,1.4145435432055948,0.8292524603783824,0.631578947368421
breadth_down_1pct_ge_4,rel_btc_le_1%,465,8,2025-05-09T08:30:00+00:00,2026-03-21T23:45:00+00:00,-2.6570173207674017,-1.8208348516999286,-0.4767957255483183,0.011322883969034782,0.14708159157763578,0.5720430107526882,0.5215674015008185,0.3917843998575199,0.6494623655913978,0.5596557922076622,0.49264043256234125,0.6430107526881721,0.7467290171006926,0.8205796157603418,0.6451612903225806
breadth_down_1pct_ge_4,rel_btc_le_2%,85,8,2025-05-09T08:30:00+00:00,2026-02-06T00:00:00+00:00,-5.391937097121369,-4.0363300848603245,-1.1212845880278823,-0.32748130463144115,0.2253725917848115,0.5411764705882353,1.6562533228412046,1.211596711380336,0.7294117647058823,1.6985444314764304,1.0130494505494525,0.7058823529411765,2.588355735907156,1.6438356164383494,0.7764705882352941
breadth_down_1pct_ge_4,symbol_zscore_le_-1,2583,8,2025-05-09T08:30:00+00:00,2026-04-29T18:00:00+00:00,-1.4421783123882144,-0.615233402726802,-0.03811709053824747,0.04353248499705093,0.09048072290571696,0.5466511807975223,0.07420373930373995,0.11355893708835385,0.5528455284552846,0.050475292393981706,0.14003640946647078,0.5528455284552846,0.001145226889695615,0.1944768572539779,0.5451025938830817
breadth_down_1pct_ge_4,symbol_zscore_le_-2,2107,8,2025-05-09T08:30:00+00:00,2026-04-29T18:00:00+00:00,-1.5390471389649325,-0.6740229101600305,-0.07050365559030677,0.01366035758367737,0.08151204849966565,0.5415282392026578,0.0595106065593009,0.10306871955305663,0.5472235405790223,0.02342950568522844,0.1268271029519097,0.550545799715235,-0.017477217265068262,0.17755681818181213,0.5415282392026578
breadth_down_1pct_ge_4,rel_btc_le_-1_atr_equiv,797,8,2025-05-09T08:30:00+00:00,2026-04-29T18:00:00+00:00,-2.0014777105347266,-1.2856923528278776,-0.2673414028988738,-0.06522128167617758,0.018395202531173993,0.506900878293601,0.10416583226336584,0.11969776314804115,0.548306148055207,0.01394418712826444,0.19120458891013214,0.5545796737766625,0.16701901410919207,0.3334408949123402,0.5859473023839398
breadth_down_1pct_ge_4,bottom_1_performer,334,8,2025-05-09T08:30:00+00:00,2026-04-29T18:00:00+00:00,-1.983749140438942,-1.1660134606727557,-0.5844100004545294,0.056935802225254135,0.08916942392260818,0.5329341317365269,0.15246997926236353,0.1709282028759751,0.5718562874251497,0.1640438975967802,0.21786682268322144,0.562874251497006,0.20762112435990832,0.24671955236444942,0.5419161676646707
breadth_down_1pct_ge_4,bottom_2_performer,668,8,2025-05-09T08:30:00+00:00,2026-04-29T18:00:00+00:00,-1.8766636725889014,-1.0589279928227153,-0.47732453260448904,0.05952186807124893,0.09134321013385405,0.5404191616766467,0.12808202507547883,0.12269156533022407,0.5598802395209581,0.13163791703461983,0.15277794834710479,0.5568862275449101,0.13061290202235276,0.23588384455716094,0.5464071856287425
breadth_down_1pct_ge_4,bottom_3_performer,1002,8,2025-05-09T08:30:00+00:00,2026-04-29T18:00:00+00:00,-1.7969380778281536,-0.9792023980619676,-0.39759893784374106,0.03770287669205185,0.09267858700182652,0.5439121756487026,0.11716067299982398,0.12316530070287657,0.5588822355289421,0.11882887377705623,0.1808747388781562,0.5568862275449101,0.10860977274111656,0.23588384455716094,0.5489021956087824
breadth_down_1pct_ge_5,rel_btc_le_1%,419,8,2025-05-09T08:30:00+00:00,2026-03-21T23:45:00+00:00,-2.784420145664068,-1.8873182257655812,-0.4654940918444074,-0.011664313178761087,0.1666666666666483,0.5608591885441527,0.5339422698263543,0.40361006782891895,0.6539379474940334,0.5381037217588653,0.47988708539166147,0.6324582338902148,0.7676263944937594,0.8233157901065713,0.6563245823389021
breadth_down_1pct_ge_5,rel_btc_le_2%,84,8,2025-05-09T08:30:00+00:00,2026-02-06T00:00:00+00:00,-5.422054039199095,-4.059345676862935,-1.1116268801612268,-0.3084574143432307,0.2474736993968718,0.5476190476190477,1.7047569910802944,1.2244119983303214,0.7380952380952381,1.7419009081124193,1.0907026532026465,0.7142857142857143,2.63761409263969,1.6648252615994563,0.7857142857142857
breadth_down_1pct_ge_5,symbol_zscore_le_-1,2014,8,2025-05-09T08:30:00+00:00,2026-04-29T18:00:00+00:00,-1.5718982289800485,-0.6677012294004682,-0.030533324840012303,0.03879702368003016,0.09078448383667004,0.5402184707050646,0.10761231254881175,0.11964935420396561,0.55759682224429,0.11400410473570671,0.18652299293591135,0.5655412115193644,0.12997023849803438,0.3187560438602466,0.573982125124131
breadth_down_1pct_ge_5,symbol_zscore_le_-2,1717,8,2025-05-09T08:30:00+00:00,2026-04-29T18:00:00+00:00,-1.6517856431091889,-0.7211332230727896,-0.0569917740567047,0.01697620091984667,0.08213951352211701,0.5381479324403029,0.0946833994947416,0.11000768546844952,0.5521258008153757,0.08271586548775006,0.16651248843664312,0.5626092020966803,0.08890905268431587,0.2764152299998379,0.5631916132789749
breadth_down_1pct_ge_5,rel_btc_le_-1_atr_equiv,655,8,2025-05-09T08:30:00+00:00,2026-04-29T18:00:00+00:00,-2.1724372577686477,-1.383951304179793,-0.2585858258056137,-0.08192047018936986,0.0,0.4961832061068702,0.1317696191082129,0.14010507880910517,0.5633587786259542,0.055510390303579356,0.2366863905325367,0.5633587786259542,0.23346320716715435,0.3850073604348303,0.5954198473282443
breadth_down_1pct_ge_5,bottom_1_performer,259,8,2025-05-09T08:30:00+00:00,2026-04-29T18:00:00+00:00,-2.1519212589019987,-1.2543770682862647,-0.6133168099567542,0.053705040410474615,0.08714373590321678,0.525096525096525,0.21091308116838314,0.1744093863960572,0.5907335907335908,0.2506978051839601,0.2424408764466479,0.5598455598455598,0.3996964001198299,0.4112737389621479,0.5598455598455598
breadth_down_1pct_ge_5,bottom_2_performer,518,8,2025-05-09T08:30:00+00:00,2026-04-29T18:00:00+00:00,-2.0400489850109134,-1.1425047943951792,-0.5014445360656685,0.05242032784337894,0.07543840921444556,0.525096525096525,0.1763247232756675,0.14971018372959,0.5675675675675675,0.22020611099577464,0.16928462418251966,0.5617760617760618,0.2987994185700587,0.3981405496984891,0.5714285714285714
breadth_down_1pct_ge_5,bottom_3_performer,777,8,2025-05-09T08:30:00+00:00,2026-04-29T18:00:00+00:00,-1.9548216776848513,-1.0572774870691173,-0.41621722873960676,0.026280277904326167,0.07408583373023081,0.5302445302445302,0.15624934013467712,0.13945233265721946,0.5688545688545689,0.20189263922944065,0.2426609848484862,0.5688545688545689,0.2728507049254551,0.41473530129301217,0.5778635778635779
breadth_down_1pct_ge_6,rel_btc_le_1%,372,8,2025-05-09T08:30:00+00:00,2026-03-21T23:45:00+00:00,-2.9270565684168535,-1.9659568286910072,-0.4546159271845391,-0.0007747437304463851,0.17684575313929862,0.5591397849462365,0.6271603050345075,0.4350068214239,0.6586021505376344,0.5951244036169314,0.4970938797109081,0.6424731182795699,0.898806021335234,0.9057545373104436,0.6801075268817204
breadth_down_1pct_ge_6,rel_btc_le_2%,83,8,2025-05-09T08:30:00+00:00,2026-02-06T00:00:00+00:00,-5.450332052460525,-4.0747991517082545,-1.100920189626876,-0.3112574568098574,0.2695748070089321,0.5542168674698795,1.7425752567713548,1.2372272852803068,0.7469879518072289,1.7779413619201754,1.1683558558558405,0.7228915662650602,2.6815664340897873,1.6858149067605632,0.7951807228915663
breadth_down_1pct_ge_6,symbol_zscore_le_-1,1538,8,2025-05-09T08:30:00+00:00,2026-04-29T18:00:00+00:00,-1.7192556848642702,-0.7326241943334104,-0.03650724724409653,0.05572829634900054,0.08760145583467382,0.5396618985695709,0.17415889110010355,0.13629591650970996,0.570221066319896,0.20520749038407388,0.24322225254126417,0.5851755526657998,0.2645197165127382,0.415808791414396,0.5968790637191157
breadth_down_1pct_ge_6,symbol_zscore_le_-2,1356,8,2025-05-09T08:30:00+00:00,2026-04-29T18:00:00+00:00,-1.782638094883772,-0.7769766811665829,-0.05383224859424572,0.029796721235656923,0.08443103402863139,0.5376106194690266,0.1682748756025568,0.129568519869816,0.5663716814159292,0.17955237631251775,0.22751384881641856,0.5833333333333334,0.21840524265488512,0.3730263305070092,0.588495575221239
breadth_down_1pct_ge_6,rel_btc_le_-1_atr_equiv,537,8,2025-05-09T08:30:00+00:00,2026-04-29T18:00:00+00:00,-2.3471990786009673,-1.4856973767752073,-0.25626999611694856,-0.09113138599666519,-0.013982102908272065,0.48789571694599626,0.23601471719105943,0.16499912234511083,0.5735567970204841,0.13852854600677691,0.2867017516298809,0.5828677839851024,0.35609391829756565,0.4872712808273727,0.6163873370577281
breadth_down_1pct_ge_6,bottom_1_performer,197,8,2025-05-09T08:30:00+00:00,2026-04-29T18:00:00+00:00,-2.3392705183760034,-1.3593595489894208,-0.6572093271327569,0.06050610564838326,0.08714373590321678,0.5076142131979695,0.3001118742669582,0.15882183078255174,0.5888324873096447,0.3573586624029733,0.26820836810108606,0.5786802030456852,0.5974641529816312,0.5773535996229429,0.5888324873096447
breadth_down_1pct_ge_6,bottom_2_performer,394,8,2025-05-09T08:30:00+00:00,2026-04-29T18:00:00+00:00,-2.222960376543985,-1.2430494071574019,-0.5408991853007379,0.07352889567588941,0.06741441871497278,0.5152284263959391,0.2673849939014463,0.1397787057331623,0.5685279187817259,0.3323514579549286,0.24907233345771163,0.5862944162436549,0.4804693933443475,0.517433267592815,0.5989847715736041
breadth_down_1pct_ge_6,bottom_3_performer,591,8,2025-05-09T08:30:00+00:00,2026-04-29T18:00:00+00:00,-2.131827799226191,-1.151916829839608,-0.4497666079829443,0.041915468686318784,0.06936476992922547,0.5245346869712352,0.2363797512364313,0.14552863275849592,0.5736040609137056,0.3049947074477961,0.3032053133121382,0.5888324873096447,0.4413043983739393,0.5082384384640593,0.6023688663282571
breadth_down_2pct_ge_4,rel_btc_le_1%,207,8,2025-05-09T08:30:00+00:00,2026-03-21T23:45:00+00:00,-3.7642096676512313,-2.467106865026548,-0.455181425568329,-0.06912992352038516,0.09386586567794453,0.5458937198067633,0.8203316742516469,0.4963503649635159,0.6473429951690821,0.6353588098207099,0.43230157357772026,0.6280193236714976,1.26676953919485,1.137090145218722,0.6763285024154589
breadth_down_2pct_ge_4,rel_btc_le_2%,77,8,2025-05-09T08:30:00+00:00,2026-02-06T00:00:00+00:00,-5.642208494045951,-4.182575378654948,-1.0584169460298256,-0.23222320346481737,0.2858999350227487,0.5584415584415584,1.8098540353797563,1.211596711380336,0.7402597402597403,1.7023204352565502,0.9289363678588014,0.7142857142857143,2.7855502139675656,1.6858149067605632,0.8051948051948052
breadth_down_2pct_ge_4,symbol_zscore_le_-1,327,8,2025-05-09T08:30:00+00:00,2026-04-12T01:30:00+00:00,-3.105259510510096,-1.7000976212046863,-0.061335784396134366,-0.07953988992407306,0.006081122169754316,0.5015290519877675,0.49705124478280577,0.1925298421255217,0.5902140672782875,0.48326749152612597,0.26820836810108606,0.5932721712538226,0.8393381255522654,0.7151568253667584,0.617737003058104
breadth_down_2pct_ge_4,symbol_zscore_le_-2,308,8,2025-05-09T08:30:00+00:00,2026-04-12T01:30:00+00:00,-3.1361355350284876,-1.7192216568488208,-0.050090289625180584,-0.1454067852806728,-0.03686589423210762,0.4837662337662338,0.42864637413535417,0.15720165829287147,0.5714285714285714,0.42320493485636057,0.2571197642620926,0.5876623376623377,0.7325225835628616,0.6664665753535859,0.6038961038961039
breadth_down_2pct_ge_4,rel_btc_le_-1_atr_equiv,208,8,2025-05-09T08:30:00+00:00,2026-04-12T01:30:00+00:00,-3.5541997463136257,-2.2855159957821543,-0.31476413378125095,-0.21389178802353678,-0.008275107944938354,0.4855769230769231,0.43189260768569043,0.2770574673350845,0.5769230769230769,0.28641713874116276,0.33976723316251345,0.6009615384615384,0.7960580656752845,0.8379800954939842,0.6346153846153846
breadth_down_2pct_ge_4,bottom_1_performer,43,7,2025-05-09T08:30:00+00:00,2026-04-12T01:30:00+00:00,-4.180609434830085,-2.8022310250629885,-1.1792569740233148,-0.0874288346611185,-0.1292931971886957,0.4186046511627907,0.8989343620590513,0.29135487215425915,0.627906976744186,1.0513475923097086,0.4550280600637002,0.6744186046511628,1.9577728142190585,1.0708166761850269,0.6744186046511628
breadth_down_2pct_ge_4,bottom_2_performer,86,8,2025-05-09T08:30:00+00:00,2026-04-12T01:30:00+00:00,-4.051600639229959,-2.673222229462863,-1.0502481784231892,0.023071105787541867,-0.058261766617812016,0.45348837209302323,0.797576605170236,0.306095042782617,0.627906976744186,0.8222889225281244,0.272581746845435,0.5930232558139535,1.5420731751552643,0.8957066490136056,0.6627906976744186
breadth_down_2pct_ge_4,bottom_3_performer,129,8,2025-05-09T08:30:00+00:00,2026-04-12T01:30:00+00:00,-3.906848573103519,-2.5284701633364226,-0.9054961122967485,-0.10127327457596068,-0.04666355576296022,0.46511627906976744,0.7011555198839807,0.29675907848496497,0.6124031007751938,0.6993591352692339,0.3032053133121382,0.5891472868217055,1.3447062553665732,0.879746426030148,0.6434108527131783
breadth_down_2pct_ge_5,rel_btc_le_1%,191,8,2025-05-09T08:30:00+00:00,2026-03-21T23:45:00+00:00,-3.8758757568163813,-2.5306685356117855,-0.44125205182719135,-0.09261966949927657,0.056811725940231206,0.5340314136125655,0.8158988426654223,0.4431758431608257,0.6335078534031413,0.5861383130349342,0.375586854460086,0.612565445026178,1.2704861068980282,1.0456154641436122,0.6544502617801047
breadth_down_2pct_ge_5,rel_btc_le_2%,74,8,2025-05-09T08:30:00+00:00,2026-02-06T00:00:00+00:00,-5.733026863167989,-4.23403681287157,-1.0306783417713568,-0.2267666982319388,0.36261584415164805,0.5675675675675675,1.8838360548869515,1.2244119983303214,0.7567567567567568,1.7507877536656415,0.970992909204127,0.7162162162162162,2.844646441809675,1.7242460662299397,0.7972972972972973
breadth_down_2pct_ge_5,symbol_zscore_le_-1,287,8,2025-05-09T08:30:00+00:00,2026-03-21T23:45:00+00:00,-3.2602692730833147,-1.7968207174482669,-0.050270890828054866,-0.11293375022109449,-0.004629843974268688,0.4912891986062718,0.46916139735965706,0.15495867768595684,0.5644599303135889,0.41600288606105235,0.18115727529985914,0.5679442508710801,0.8460728590226195,0.5766871165644005,0.5993031358885017
breadth_down_2pct_ge_5,symbol_zscore_le_-2,269,8,2025-05-09T08:30:00+00:00,2026-03-21T23:45:00+00:00,-3.2965679125861915,-1.8187015769914112,-0.031249030388278413,-0.189926090304335,-0.060967977680070895,0.4721189591078067,0.3910287582595788,0.0966297349435985,0.5427509293680297,0.3448385399484438,0.17376194613378804,0.5613382899628253,0.72547433386508,0.5364167362021721,0.5836431226765799
breadth_down_2pct_ge_5,rel_btc_le_-1_atr_equiv,188,8,2025-05-09T08:30:00+00:00,2026-03-21T23:45:00+00:00,-3.691399523890378,-2.37767118918182,-0.2987486243158028,-0.24410845035300957,-0.03686589423210762,0.4734042553191489,0.42162096500484253,0.25947191926186663,0.5691489361702128,0.23437432176863604,0.3076290822048189,0.5957446808510638,0.798974055956108,0.7503959290058315,0.6223404255319149
breadth_down_2pct_ge_5,bottom_1_performer,38,7,2025-05-09T08:30:00+00:00,2026-03-21T23:45:00+00:00,-4.342155897222253,-2.9122744149055726,-1.1896173321382957,-0.09415268508596893,-0.15468764055766027,0.39473684210526316,0.9171537709884933,0.27487640248540224,0.631578947368421,1.0382684709303924,0.3677534434449292,0.6578947368421053,2.0686161682101942,1.018240461596498,0.6578947368421053
breadth_down_2pct_ge_5,bottom_2_performer,76,8,2025-05-09T08:30:00+00:00,2026-03-21T23:45:00+00:00,-4.224433445340774,-2.7945519630240936,-1.0718948802568158,0.026833056506019096,-0.058261766617812016,0.4473684210526316,0.8332875786132246,0.2943007151759991,0.631578947368421,0.8251510708681344,0.26334671046096547,0.5921052631578947,1.6424154149728718,0.8665857028752555,0.6578947368421053
breadth_down_2pct_ge_5,bottom_3_performer,114,8,2025-05-09T08:30:00+00:00,2026-03-21T23:45:00+00:00,-4.083154369427133,-2.653272887110451,-0.9306158043431739,-0.12482387747604039,-0.05110955565925668,0.45614035087719296,0.7057583253531909,0.21562166279639472,0.6052631578947368,0.6655633588085569,0.2645044561902399,0.5789473684210527,1.4145435432055948,0.8292524603783824,0.631578947368421
breadth_down_2pct_ge_6,rel_btc_le_1%,142,8,2025-05-11T00:15:00+00:00,2026-02-23T01:00:00+00:00,-4.3563035398723455,-2.8673293925752867,-0.49828860190645274,-0.13040539744746213,0.24736544055287135,0.5422535211267606,1.0501824997280131,0.4997241634517091,0.6619718309859155,0.7728191783364696,0.42097661333013736,0.6549295774647887,1.5589695730642263,1.2459522505508414,0.6830985915492958
breadth_down_2pct_ge_6,rel_btc_le_2%,66,7,2025-05-11T00:15:00+00:00,2026-02-06T00:00:00+00:00,-6.081932613748122,-4.473413770721986,-1.0795388581872816,-0.2883745135966509,0.44651278471080635,0.5454545454545454,2.003306300547714,1.23752880258452,0.7424242424242424,1.726043398933501,0.9509691697191736,0.696969696969697,2.8813050503067825,1.6648252615994563,0.7727272727272727
breadth_down_2pct_ge_6,symbol_zscore_le_-1,203,8,2025-05-11T00:15:00+00:00,2026-02-23T01:00:00+00:00,-3.702500043597069,-2.122563405121005,-0.09889429141779767,-0.1642615282300833,0.0,0.49261083743842365,0.6650318325047563,0.17029328287607726,0.5763546798029556,0.5168379956230189,0.3120528510974996,0.6108374384236454,1.1513238307538776,0.9116668719970633,0.645320197044335
breadth_down_2pct_ge_6,symbol_zscore_le_-2,192,8,2025-05-11T00:15:00+00:00,2026-02-23T01:00:00+00:00,-3.7190078297395823,-2.128700376372526,-0.05642917415670922,-0.2559570031762668,-0.058261766617812016,0.46875,0.5800542652458667,0.15015639832914873,0.5572916666666666,0.4575922591828047,0.3076290822048189,0.6145833333333334,1.001174553747198,0.8692217721123163,0.6302083333333334
breadth_down_2pct_ge_6,rel_btc_le_-1_atr_equiv,135,8,2025-05-11T00:15:00+00:00,2026-02-23T01:00:00+00:00,-4.1876827007707105,-2.781952927745016,-0.3570246929141747,-0.2940474644447031,-0.048157431019946184,0.4666666666666667,0.7200818330672581,0.29675907848496497,0.6148148148148148,0.5038543774320297,0.4308071039212269,0.674074074074074,1.138845112343564,1.1711011634397694,0.674074074074074
breadth_down_2pct_ge_6,bottom_2_performer,52,7,2025-05-11T00:15:00+00:00,2026-02-23T01:00:00+00:00,-4.890145533491996,-3.31613704613454,-1.3125672946439872,0.09789120228784519,-0.0059601859578040095,0.4807692307692308,1.2148955398812904,0.3730655902171587,0.6730769230769231,1.1834344288332284,0.3172946644533381,0.6538461538461539,2.407204398821807,1.2175169483597537,0.6923076923076923
breadth_down_2pct_ge_6,bottom_3_performer,78,7,2025-05-11T00:15:00+00:00,2026-02-23T01:00:00+00:00,-4.73268939441094,-3.1586809070534856,-1.1551111555629316,-0.12406820760798476,0.03514252245216953,0.5,1.0185853423603604,0.3192206692580912,0.6538461538461539,0.9178521430705513,0.3500765449285015,0.6282051282051282,2.0069058488200926,1.2175169483597537,0.6666666666666666
btc_return_le_1%,rel_btc_le_1%,143,8,2025-05-21T17:15:00+00:00,2026-03-21T23:45:00+00:00,-4.3418173954926536,-2.6850555132595337,-0.6444754340718796,-0.40186117498932916,-0.1912338407404568,0.4195804195804196,0.7542880406226036,0.26054590570718794,0.6013986013986014,0.39156914174188145,0.04991680532446807,0.5174825174825175,0.9514746020436251,0.5117707267144223,0.5594405594405595
btc_return_le_1%,symbol_zscore_le_-1,779,8,2025-05-21T17:15:00+00:00,2026-04-29T18:00:00+00:00,-1.9491372755001097,-0.552951548091933,-0.047174698162704136,-0.02928619024833627,0.011814744801519339,0.503209242618742,0.042441574103362516,0.03574894029927389,0.5160462130937099,0.06229636600499168,0.05019716618883674,0.5198973042362003,0.10966030754385797,0.07721155967350679,0.5173299101412067
btc_return_le_1%,symbol_zscore_le_-2,687,8,2025-05-21T17:15:00+00:00,2026-04-29T18:00:00+00:00,-2.0317561829706348,-0.6185132376002541,-0.05374941312937785,-0.10072775893074794,-0.03416856492027831,0.48034934497816595,0.09585119738296446,0.04463638088223476,0.5211062590975255,0.08068293318949259,0.05771621381636116,0.5283842794759825,0.09014474054735362,0.023385644199858113,0.5080058224163028
btc_return_le_1%,rel_btc_le_-1_atr_equiv,160,8,2025-05-21T17:15:00+00:00,2026-04-29T18:00:00+00:00,-3.8498049441090565,-2.2703135564817662,-0.4627596448732362,-0.5894228291277581,-0.42817739980213765,0.3,0.17299283797543474,0.017749049031901,0.50625,-0.13184094154459758,-0.062312043014217666,0.475,0.26240682292499146,0.06325693347840611,0.51875
basket_return_le_3%,rel_btc_le_1%,53,8,2025-05-21T17:15:00+00:00,2026-02-06T00:00:00+00:00,-6.717321752056975,-4.620476424868125,-0.7658136985186057,-0.7166845009818991,0.46133145383482344,0.6226415094339622,1.6705297009986682,0.6082400994494863,0.7547169811320755,1.0729853264746148,0.6567484251440936,0.660377358490566,2.4073144313437216,1.5942254764501174,0.6792452830188679
basket_return_le_3%,symbol_zscore_le_-1,64,8,2025-05-21T17:15:00+00:00,2026-02-06T00:00:00+00:00,-5.964409859190971,-3.8448120819056157,-0.17506514594086003,-0.5711528325525121,0.41124688353597616,0.609375,1.596508978163053,0.658687266936675,0.765625,1.0960279374178914,0.48835260982919015,0.671875,2.2425738728176334,1.422284145319186,0.6875
basket_return_le_3%,symbol_zscore_le_-2,64,8,2025-05-21T17:15:00+00:00,2026-02-06T00:00:00+00:00,-5.964409859190971,-3.8448120819056157,-0.17506514594086003,-0.5711528325525121,0.41124688353597616,0.609375,1.596508978163053,0.658687266936675,0.765625,1.0960279374178914,0.48835260982919015,0.671875,2.2425738728176334,1.422284145319186,0.6875
basket_return_le_3%,rel_btc_le_-1_atr_equiv,47,8,2025-05-21T17:15:00+00:00,2026-02-06T00:00:00+00:00,-6.926250668900015,-4.975791236831716,-0.8051782659999679,-0.9566752406589083,0.03992972368629388,0.5106382978723404,1.4707718867242667,0.6082400994494863,0.723404255319149,0.8273083889209745,0.5078419998467698,0.7021276595744681,2.2958332293085566,1.5942254764501174,0.7021276595744681
basket_return_le_1%,rel_basket_le_1%,49,8,2025-05-30T00:45:00+00:00,2026-02-06T00:00:00+00:00,-5.563399407256134,-4.345851049887927,-2.241884237112628,0.48711487416831245,-0.05813953488371659,0.46938775510204084,1.910112380527355,0.7392608072646301,0.7142857142857143,2.371891856764617,0.7786741494212546,0.6122448979591837,2.9868908326020978,1.034261289393834,0.6122448979591837
basket_return_le_1%,rel_btc_le_3%,27,7,2025-05-30T00:45:00+00:00,2026-02-06T00:00:00+00:00,-9.572749066862505,-7.664748602169882,-2.130015697784192,-1.0960245986462145,-0.9937709285997243,0.48148148148148145,3.7137208934633272,2.3128071697022357,0.6666666666666666,3.5232197438243706,2.703093379589494,0.7037037037037037,4.967940668385415,3.2053801476047195,0.6666666666666666
basket_return_le_1%,rel_basket_le_-1_atr_equiv,80,8,2025-05-11T07:30:00+00:00,2026-04-29T18:00:00+00:00,-3.949562442843694,-2.8491494479121147,-1.4108849950521094,0.17849343954930638,-0.2729060575590192,0.3375,0.26548261576095844,0.10682107646587946,0.5375,0.25142614484141207,-0.05102125465512586,0.4875,0.6863797755533914,-0.21138209191553514,0.4875
basket_return_le_2%,rel_basket_le_1%,21,7,2025-05-30T00:45:00+00:00,2026-02-06T00:00:00+00:00,-9.409429302947563,-7.410694052717617,-3.398596243007094,1.9410768626708457,0.826304011017398,0.6190476190476191,4.40944324264574,1.7808618012422395,0.8571428571428571,4.687870310678147,2.703093379589494,0.7142857142857143,6.687046784357059,3.9357166284027523,0.8095238095238095
basket_return_le_2%,rel_btc_le_3%,24,7,2025-05-30T00:45:00+00:00,2026-02-06T00:00:00+00:00,-10.341024959421063,-8.183873502271931,-2.127493011566899,-0.8461429793786862,0.7757799918568176,0.5416666666666666,4.028105042897166,3.060511612673733,0.6666666666666666,3.370388406093498,2.285802745158072,0.6666666666666666,5.271587251179131,3.570548388003736,0.6666666666666666
basket_return_le_2%,rel_basket_le_-1_atr_equiv,26,7,2025-05-30T00:45:00+00:00,2026-03-21T23:45:00+00:00,-7.552096342043265,-5.83937285529222,-2.5137518833578745,1.3672575738039705,-0.22143653308430156,0.34615384615384615,1.964266099901783,0.306095042782617,0.6923076923076923,1.570012862643183,0.2645044561902399,0.5769230769230769,3.0340787750685028,0.7266873361259862,0.6538461538461539
basket_return_le_3%,rel_basket_le_1%,11,6,2025-05-30T00:45:00+00:00,2026-02-06T00:00:00+00:00,-14.150518479505914,-11.587085392751145,-4.985269827428926,2.8970279545450213,0.7252559726962371,0.5454545454545454,6.758393167104791,4.315352697095443,0.7272727272727273,6.866065578858,7.401877133105805,0.7272727272727273,9.563527811148424,5.463347164591981,0.7272727272727273
basket_return_le_3%,rel_btc_le_2%,35,7,2025-05-30T00:45:00+00:00,2026-02-06T00:00:00+00:00,-8.428341932322255,-6.269597097607919,-1.3193284709421902,-0.9165598648190147,0.6234507624126806,0.5714285714285714,2.6023582628712556,1.237830319888733,0.7142857142857143,2.102098798645678,1.4011489421325463,0.7142857142857143,3.592354487282476,1.9226614819615406,0.7142857142857143
basket_return_le_3%,rel_btc_le_3%,21,7,2025-05-30T00:45:00+00:00,2026-02-06T00:00:00+00:00,-11.116621072008837,-8.816011432229924,-2.068872136729101,-1.2584877781446009,-1.6597510373444035,0.47619047619047616,3.9414215931739647,2.3128071697022357,0.6190476190476191,3.04595568403143,1.6481223922114152,0.6190476190476191,5.135244681770977,2.4573576178086087,0.6190476190476191
basket_return_le_3%,rel_basket_le_-1_atr_equiv,12,5,2025-05-30T00:45:00+00:00,2026-01-19T00:00:00+00:00,-12.486792011233327,-10.552657716659098,-4.53411437193376,3.565437221861557,1.3486777135394923,0.5833333333333334,4.554017610328474,1.5377939421979403,0.6666666666666666,3.719395815369944,2.063155311568865,0.6666666666666666,6.570457064509353,2.320472967457854,0.6666666666666666
basket_return_le_3%,bottom_1_performer,8,6,2025-05-21T17:15:00+00:00,2026-02-06T00:00:00+00:00,-8.604426977363257,-6.484829200077902,-2.815082264113146,-0.8371173876975502,0.2641626709287914,0.5,3.300146370178832,0.38353096511601903,0.75,3.16539744789346,0.18046076356424967,0.625,5.49466854170023,0.9308830807635116,0.625
basket_return_le_3%,bottom_2_performer,16,7,2025-05-21T17:15:00+00:00,2026-02-06T00:00:00+00:00,-8.395635154127099,-6.276037376841745,-2.6062904408769882,-0.20187969136969408,0.2641626709287914,0.5,2.8869358414519444,0.6791200497247463,0.8125,2.7065864074854886,0.5096968965792037,0.625,4.890847041838404,1.3198300366211613,0.6875
basket_return_le_3%,bottom_3_performer,24,7,2025-05-21T17:15:00+00:00,2026-02-06T00:00:00+00:00,-8.101527285533926,-5.98192950824857,-2.312182572283814,-0.8352823481709357,0.28479816983508766,0.5416666666666666,2.1882716072149564,0.5522952322065011,0.7916666666666666,1.6800829150387064,0.3641011601877353,0.625,3.5250134934902246,1.3198300366211613,0.6666666666666666
breadth_down_1pct_ge_4,rel_basket_le_1%,52,8,2025-05-30T00:45:00+00:00,2026-02-06T00:00:00+00:00,-5.381432165005054,-4.203444679874931,-2.2022688846348095,0.42611031387325504,-0.035029953399662306,0.4807692307692308,1.7356482605718462,0.4792338534083229,0.6730769230769231,2.185328916105749,0.6824455373283245,0.5769230769230769,2.7752133913550465,0.8736538826639828,0.5961538461538461
breadth_down_1pct_ge_4,rel_btc_le_3%,27,7,2025-05-30T00:45:00+00:00,2026-02-06T00:00:00+00:00,-9.572749066862505,-7.664748602169882,-2.130015697784192,-1.0960245986462145,-0.9937709285997243,0.48148148148148145,3.7137208934633272,2.3128071697022357,0.6666666666666666,3.5232197438243706,2.703093379589494,0.7037037037037037,4.967940668385415,3.2053801476047195,0.6666666666666666
breadth_down_1pct_ge_4,rel_basket_le_-1_atr_equiv,99,8,2025-05-11T07:30:00+00:00,2026-04-29T18:00:00+00:00,-3.505687837827843,-2.5123068697341076,-1.2832483525153395,0.09772940634876377,-0.19256017505470124,0.3939393939393939,0.07875221281031494,0.0,0.494949494949495,0.027432576510909794,-0.06480181445079891,0.47474747474747475,0.33754377813251013,-0.24280263614290254,0.46464646464646464
breadth_down_1pct_ge_5,rel_basket_le_1%,49,8,2025-05-30T00:45:00+00:00,2026-02-06T00:00:00+00:00,-5.563399407256134,-4.345851049887927,-2.241884237112628,0.48711487416831245,-0.05813953488371659,0.46938775510204084,1.910112380527355,0.7392608072646301,0.7142857142857143,2.371891856764617,0.7786741494212546,0.6122448979591837,2.9868908326020978,1.034261289393834,0.6122448979591837
breadth_down_1pct_ge_5,rel_btc_le_3%,27,7,2025-05-30T00:45:00+00:00,2026-02-06T00:00:00+00:00,-9.572749066862505,-7.664748602169882,-2.130015697784192,-1.0960245986462145,-0.9937709285997243,0.48148148148148145,3.7137208934633272,2.3128071697022357,0.6666666666666666,3.5232197438243706,2.703093379589494,0.7037037037037037,4.967940668385415,3.2053801476047195,0.6666666666666666
breadth_down_1pct_ge_5,rel_basket_le_-1_atr_equiv,80,8,2025-05-11T07:30:00+00:00,2026-04-29T18:00:00+00:00,-3.949562442843694,-2.8491494479121147,-1.4108849950521094,0.17849343954930638,-0.2729060575590192,0.3375,0.26548261576095844,0.10682107646587946,0.5375,0.25142614484141207,-0.05102125465512586,0.4875,0.6863797755533914,-0.21138209191553514,0.4875
breadth_down_1pct_ge_6,rel_basket_le_1%,42,7,2025-05-30T00:45:00+00:00,2026-02-06T00:00:00+00:00,-6.088118020845893,-4.778843928892637,-2.3935314306223936,0.6558078833803781,-0.04294554684191043,0.47619047619047616,2.3272844252870737,0.979861078185007,0.7380952380952381,2.7487609135407878,1.0419217427119043,0.6666666666666666,3.4583649984348033,1.0582160701643195,0.6666666666666666
breadth_down_1pct_ge_6,rel_btc_le_3%,27,7,2025-05-30T00:45:00+00:00,2026-02-06T00:00:00+00:00,-9.572749066862505,-7.664748602169882,-2.130015697784192,-1.0960245986462145,-0.9937709285997243,0.48148148148148145,3.7137208934633272,2.3128071697022357,0.6666666666666666,3.5232197438243706,2.703093379589494,0.7037037037037037,4.967940668385415,3.2053801476047195,0.6666666666666666
breadth_down_1pct_ge_6,rel_basket_le_-1_atr_equiv,61,8,2025-05-30T00:45:00+00:00,2026-04-29T18:00:00+00:00,-4.560368095222327,-3.3158452095714863,-1.5724248990448286,0.39422364696907075,-0.3755126241415163,0.29508196721311475,0.7501822193824162,0.15882183078255174,0.5573770491803278,0.6069262165161118,0.16480730223125128,0.5409836065573771,1.1343468353123045,0.43022528160199247,0.5409836065573771
breadth_down_2pct_ge_4,rel_basket_le_1%,24,7,2025-05-30T00:45:00+00:00,2026-02-06T00:00:00+00:00,-8.658503397041912,-6.848506462958534,-3.1916011940152136,1.6525901299358454,0.6588857011888161,0.5833333333333334,3.85638336492364,1.5413983397757236,0.7916666666666666,4.165235677822416,1.6957256917615737,0.7083333333333334,6.017146343878534,2.831368882706664,0.8333333333333334
breadth_down_2pct_ge_4,rel_btc_le_3%,25,7,2025-05-30T00:45:00+00:00,2026-02-06T00:00:00+00:00,-10.088285229316675,-8.000385549815437,-2.142978716279377,-0.8520480973475276,0.7252559726962371,0.52,3.855314834628152,2.9920069129401483,0.64,3.261497328856708,1.86851211072665,0.68,5.142529831776115,3.2053801476047195,0.68
breadth_down_2pct_ge_4,rel_basket_le_-1_atr_equiv,31,7,2025-05-30T00:45:00+00:00,2026-04-12T01:30:00+00:00,-6.804812678919632,-5.201154492217524,-2.27720406690071,1.1159617163912556,-0.25031289111390187,0.3548387096774194,1.684012601718941,0.29724655819773904,0.6451612903225806,1.3602376940801288,0.2608005442793937,0.5483870967741935,2.5742279128136447,0.6497256713831723,0.6129032258064516
breadth_down_2pct_ge_5,rel_basket_le_1%,21,7,2025-05-30T00:45:00+00:00,2026-02-06T00:00:00+00:00,-9.409429302947563,-7.410694052717617,-3.398596243007094,1.9410768626708457,0.826304011017398,0.6190476190476191,4.40944324264574,1.7808618012422395,0.8571428571428571,4.687870310678147,2.703093379589494,0.7142857142857143,6.687046784357059,3.9357166284027523,0.8095238095238095
breadth_down_2pct_ge_5,rel_btc_le_3%,24,7,2025-05-30T00:45:00+00:00,2026-02-06T00:00:00+00:00,-10.341024959421063,-8.183873502271931,-2.127493011566899,-0.8461429793786862,0.7757799918568176,0.5416666666666666,4.028105042897166,3.060511612673733,0.6666666666666666,3.370388406093498,2.285802745158072,0.6666666666666666,5.271587251179131,3.570548388003736,0.6666666666666666
breadth_down_2pct_ge_5,rel_basket_le_-1_atr_equiv,26,7,2025-05-30T00:45:00+00:00,2026-03-21T23:45:00+00:00,-7.552096342043265,-5.83937285529222,-2.5137518833578745,1.3672575738039705,-0.22143653308430156,0.34615384615384615,1.964266099901783,0.306095042782617,0.6923076923076923,1.570012862643183,0.2645044561902399,0.5769230769230769,3.0340787750685028,0.7266873361259862,0.6538461538461539
breadth_down_2pct_ge_6,rel_basket_le_1%,19,6,2025-05-30T00:45:00+00:00,2026-02-06T00:00:00+00:00,-10.030883567066494,-7.970277333761574,-3.628546350964141,2.0288119936291023,0.826304011017398,0.5789473684210527,4.780740702875443,2.3128071697022357,0.8421052631578947,5.036144319068446,2.703093379589494,0.7368421052631579,7.326025200452464,4.598532603079475,0.7894736842105263
breadth_down_2pct_ge_6,rel_btc_le_3%,24,7,2025-05-30T00:45:00+00:00,2026-02-06T00:00:00+00:00,-10.341024959421063,-8.183873502271931,-2.127493011566899,-0.8461429793786862,0.7757799918568176,0.5416666666666666,4.028105042897166,3.060511612673733,0.6666666666666666,3.370388406093498,2.285802745158072,0.6666666666666666,5.271587251179131,3.570548388003736,0.6666666666666666
breadth_down_2pct_ge_6,rel_basket_le_-1_atr_equiv,20,6,2025-05-30T00:45:00+00:00,2026-02-23T01:00:00+00:00,-8.91257800088441,-7.1431056189533635,-3.092454448562442,1.880268454742039,-0.10224027348515463,0.35,2.5933125526270944,0.23504597548699158,0.65,2.299714110719244,0.877160429193713,0.6,3.9499416063868593,0.5930712037926722,0.6
breadth_down_2pct_ge_6,bottom_1_performer,26,7,2025-05-11T00:15:00+00:00,2026-02-23T01:00:00+00:00,-4.996080980834057,-3.4220724934766,-1.4185027419860468,-0.06734220947679376,-0.0059601859578040095,0.46153846153846156,1.3398044090643597,0.3217591414629739,0.6538461538461539,1.396055572492948,0.3677534434449292,0.6923076923076923,2.8900021231334665,1.4279380532911001,0.6538461538461539
btc_return_le_1%,bottom_3_performer,303,8,2025-05-21T17:15:00+00:00,2026-04-29T18:00:00+00:00,-2.400044548883665,-1.0102740501688607,-0.5223557524457771,-0.029898494060306237,0.001389409917607054,0.5016501650165016,0.1329182919422731,0.04713090609165249,0.5181518151815182,0.15934464693378053,0.1079019717976859,0.528052805280528,0.3604872691880815,0.15944424251983502,0.5412541254125413
btc_return_le_1%,rel_btc_le_2%,48,8,2025-05-23T11:45:00+00:00,2026-02-06T00:00:00+00:00,-7.249797060586127,-5.250900595321525,-1.4138395077328545,-0.7538969055944378,-0.0059601859578040095,0.4583333333333333,2.0754073794337713,0.4141480966351141,0.6666666666666666,1.8122226852004268,0.39281124366312703,0.5833333333333334,3.20152969311717,1.02592225051934,0.6875
btc_return_le_1%,bottom_2_performer,202,8,2025-05-21T17:15:00+00:00,2026-04-29T18:00:00+00:00,-2.4969533619453026,-1.1071828632304987,-0.6192645655074149,0.04177691066618522,0.020027655009180467,0.504950495049505,0.2034351094431776,0.09318112951783863,0.5297029702970297,0.23278859065962804,0.09717327288173427,0.5396039603960396,0.5036444507914236,0.23681571283302727,0.5643564356435643
basket_return_le_1%,rel_basket_le_2%,13,5,2025-07-11T15:45:00+00:00,2025-10-10T22:15:00+00:00,-11.769121584118254,-10.159480984149512,-4.959339331220111,3.685605723619002,0.826304011017398,0.5384615384615384,5.722123098189014,3.129016312407318,0.6153846153846154,6.286937641722219,5.794249480704061,0.6923076923076923,8.782913793533181,5.239742956005933,0.6923076923076923
breadth_down_1pct_ge_4,rel_basket_le_2%,13,5,2025-07-11T15:45:00+00:00,2025-10-10T22:15:00+00:00,-11.769121584118254,-10.159480984149512,-4.959339331220111,3.685605723619002,0.826304011017398,0.5384615384615384,5.722123098189014,3.129016312407318,0.6153846153846154,6.286937641722219,5.794249480704061,0.6923076923076923,8.782913793533181,5.239742956005933,0.6923076923076923
breadth_down_1pct_ge_5,rel_basket_le_2%,13,5,2025-07-11T15:45:00+00:00,2025-10-10T22:15:00+00:00,-11.769121584118254,-10.159480984149512,-4.959339331220111,3.685605723619002,0.826304011017398,0.5384615384615384,5.722123098189014,3.129016312407318,0.6153846153846154,6.286937641722219,5.794249480704061,0.6923076923076923,8.782913793533181,5.239742956005933,0.6923076923076923
btc_return_le_1%,rel_basket_le_1%,26,7,2025-06-16T22:30:00+00:00,2026-02-06T00:00:00+00:00,-8.094286705727512,-6.229026473420871,-3.0123413245817363,1.6570796084286323,0.6588857011888161,0.5769230769230769,3.6282391115499455,1.2427080176607874,0.8461538461538461,3.6722145366602947,0.8470808894946114,0.6923076923076923,5.150587495114479,2.2278050003115335,0.6923076923076923
btc_return_le_1%,rel_basket_le_-1_atr_equiv,40,7,2025-06-16T22:30:00+00:00,2026-04-29T18:00:00+00:00,-5.525528062162989,-3.919175898243732,-1.8730991422843992,0.645079367118265,-0.42209237068563943,0.25,0.9990130914215822,0.12630622623187593,0.525,0.6535897756792239,-0.13527386662162133,0.45,1.4593827998033941,-0.08703045579142588,0.5
btc_return_le_1%,bottom_1_performer,101,8,2025-05-21T17:15:00+00:00,2026-04-29T18:00:00+00:00,-2.6177299975981194,-1.2279594988833153,-0.7400412011602318,0.019284565213596217,0.09528346831826351,0.5247524752475248,0.259734265560407,0.09736308316430353,0.5445544554455446,0.3122697914765425,0.12488309401992304,0.5445544554455446,0.6603355461644079,0.23565760278656533,0.5742574257425742
btc_return_le_1%,rel_basket_le_2%,10,5,2025-10-10T20:45:00+00:00,2025-10-10T22:15:00+00:00,-14.263732399115408,-12.209538516089605,-5.785331659448984,5.23079271887858,2.647253912465375,0.7,7.406477728271807,5.387825630235699,0.7,7.351086593213732,7.527870135428638,0.7,10.694862892216603,7.371119541352944,0.7
btc_return_le_1%,rel_btc_le_3%,22,7,2025-10-10T20:45:00+00:00,2026-02-06T00:00:00+00:00,-10.90329475271342,-8.62455046149218,-2.2260711733922816,-1.0578348300165434,-0.4672475323240832,0.5,4.232903797270046,3.72218450475138,0.6363636363636364,3.4790048170201384,3.8313807957153556,0.6363636363636364,5.539870367881066,4.5877297922043425,0.6363636363636364
basket_return_le_2%,rel_basket_le_2%,10,5,2025-10-10T20:45:00+00:00,2025-10-10T22:15:00+00:00,-14.263732399115408,-12.209538516089605,-5.785331659448984,5.23079271887858,2.647253912465375,0.7,7.406477728271807,5.387825630235699,0.7,7.351086593213732,7.527870135428638,0.7,10.694862892216603,7.371119541352944,0.7
btc_return_le_2%,rel_btc_le_1%,23,8,2025-10-10T20:45:00+00:00,2026-02-06T00:00:00+00:00,-9.773963424321655,-6.8769479042307475,-1.6121016025982977,3.7049831972804057,0.7513541848680694,0.5652173913043478,3.8324258154942816,5.792996910401649,0.5652173913043478,3.938186769931029,7.505149330587035,0.6956521739130435,5.150269243770926,5.802047781569963,0.6086956521739131
btc_return_le_2%,rel_basket_le_1%,8,6,2025-10-10T20:45:00+00:00,2026-02-06T00:00:00+00:00,-16.73040586949997,-13.759197848049354,-6.302616762060496,9.30321141244545,8.087645704278668,0.625,9.418170541246168,9.820709761350155,0.75,10.260355853040702,11.455204028279486,0.75,12.465064160599235,10.383896557924132,0.75
btc_return_le_2%,rel_btc_le_2%,17,7,2025-10-10T20:45:00+00:00,2026-02-06T00:00:00+00:00,-11.901281156552123,-8.87070678000654,-2.298963933798678,5.695499013101095,1.1348756001746008,0.6470588235294118,6.157920562390118,6.3727629855958146,0.7058823529411765,6.18622040263286,8.249672632038418,0.7058823529411765,7.705434979956073,7.28939327804452,0.7058823529411765
btc_return_le_2%,rel_basket_le_2%,6,5,2025-10-10T20:45:00+00:00,2025-10-10T21:15:00+00:00,-19.76716804020169,-17.22068944955748,-8.013714851329697,12.560031060701963,19.22794945816729,0.6666666666666666,10.846441074193432,15.789600682262838,0.6666666666666666,11.093670144479463,15.286114685798502,0.6666666666666666,14.742519723105321,15.88535081737701,0.6666666666666666
btc_return_le_2%,rel_btc_le_3%,12,7,2025-10-10T20:45:00+00:00,2026-02-06T00:00:00+00:00,-14.37903086823329,-11.542039316612453,-3.230019572667284,8.952377983429527,11.586520998451089,0.6666666666666666,8.6338971811943,9.984332631644378,0.75,8.762403705139386,10.620988446169976,0.75,10.443476224234523,10.502506772746834,0.75
btc_return_le_2%,symbol_zscore_le_-1,40,8,2025-10-10T20:45:00+00:00,2026-02-06T00:00:00+00:00,-6.798133250497948,-4.127087054907048,-0.4038851285703133,1.953734748007498,0.7383050787821532,0.575,2.183103251249326,-0.35938348171380974,0.4,2.5184763538748527,0.755211459459193,0.675,3.038625383816359,1.2937682360634972,0.6
btc_return_le_2%,symbol_zscore_le_-2,40,8,2025-10-10T20:45:00+00:00,2026-02-06T00:00:00+00:00,-6.798133250497948,-4.127087054907048,-0.4038851285703133,1.953734748007498,0.7383050787821532,0.575,2.183103251249326,-0.35938348171380974,0.4,2.5184763538748527,0.755211459459193,0.675,3.038625383816359,1.2937682360634972,0.6
btc_return_le_2%,rel_btc_le_-1_atr_equiv,23,8,2025-10-10T20:45:00+00:00,2026-02-06T00:00:00+00:00,-9.326465308320955,-6.705947787010498,-1.6212201029719648,3.9402381387622825,0.840597758405992,0.6521739130434783,2.9756174988916086,-0.3095017022593627,0.43478260869565216,2.9482631408197046,0.9285051067780881,0.7391304347826086,4.448842106429562,1.5561807631440328,0.6956521739130435
btc_return_le_2%,rel_basket_le_-1_atr_equiv,7,5,2025-10-10T20:45:00+00:00,2025-10-10T21:15:00+00:00,-17.79190593742903,-15.270661656861462,-6.996169871925119,9.648687416309683,15.450035435861098,0.5714285714285714,7.717075882054607,13.690054334987,0.5714285714285714,6.782221112103337,14.791459232215942,0.5714285714285714,10.125789186593504,14.965745334278303,0.5714285714285714
btc_return_le_2%,bottom_2_performer,10,6,2025-10-10T20:45:00+00:00,2026-02-06T00:00:00+00:00,-9.887552433987645,-7.216506238396744,-3.4933043120600105,3.422187415063253,-0.33977704849116885,0.5,4.074985260853274,-0.36266274144210464,0.4,5.194721747525991,0.5934950797994665,0.7,6.735227523343669,1.006887472812601,0.6
btc_return_le_2%,bottom_3_performer,15,6,2025-10-10T20:45:00+00:00,2026-02-06T00:00:00+00:00,-9.536267399785997,-6.865221204195095,-3.1420192778583607,2.802544952706214,0.6422754903085082,0.5333333333333333,3.2338158655579243,-0.4158237806248466,0.4,3.8192450785226733,0.8143135680697355,0.6666666666666666,4.753868111665833,1.169858928776235,0.6
basket_return_le_3%,rel_basket_le_2%,7,5,2025-10-10T20:45:00+00:00,2025-10-10T21:15:00+00:00,-18.271681068176303,-15.831237311885449,-7.177114169742198,6.598159336119664,15.450035435861098,0.5714285714285714,8.59430138711991,13.690054334987,0.5714285714285714,8.08380193579334,14.791459232215942,0.5714285714285714,12.610096173008198,14.965745334278303,0.5714285714285714
breadth_down_1pct_ge_6,rel_basket_le_2%,12,5,2025-07-11T15:45:00+00:00,2025-10-10T22:15:00+00:00,-12.493633471253073,-10.774712127436848,-5.20592742594576,3.99907735805502,1.147210334722737,0.5833333333333334,6.318479944811241,4.051662414430401,0.6666666666666666,6.914970508360015,7.307459086856594,0.75,9.599025796970812,5.717135915692939,0.75
breadth_down_2pct_ge_4,rel_basket_le_2%,11,5,2025-07-11T15:45:00+00:00,2025-10-10T22:15:00+00:00,-13.332714154360492,-11.42655089561415,-5.487995656715334,4.664923296380552,1.4681166584280758,0.6363636363636364,6.7066479198990825,4.974308516453485,0.6363636363636364,6.74172521884646,5.794249480704061,0.7272727272727273,9.908525517115436,5.239742956005933,0.7272727272727273
breadth_down_2pct_ge_5,rel_basket_le_2%,10,5,2025-10-10T20:45:00+00:00,2025-10-10T22:15:00+00:00,-14.263732399115408,-12.209538516089605,-5.785331659448984,5.23079271887858,2.647253912465375,0.7,7.406477728271807,5.387825630235699,0.7,7.351086593213732,7.527870135428638,0.7,10.694862892216603,7.371119541352944,0.7
breadth_down_2pct_ge_6,rel_basket_le_2%,10,5,2025-10-10T20:45:00+00:00,2025-10-10T22:15:00+00:00,-14.263732399115408,-12.209538516089605,-5.785331659448984,5.23079271887858,2.647253912465375,0.7,7.406477728271807,5.387825630235699,0.7,7.351086593213732,7.527870135428638,0.7,10.694862892216603,7.371119541352944,0.7
basket_return_le_1%,rel_basket_le_3%,4,4,2025-10-10T21:15:00+00:00,2025-10-10T21:15:00+00:00,-26.014230938864934,-23.379432262952484,-10.908767818204648,23.230876933670032,23.947239621631734,1.0,22.553165834796175,22.126321863209952,1.0,23.393482135334082,22.366495071226854,1.0,26.290603751229174,25.31751886309698,1.0
btc_return_le_1%,rel_basket_le_3%,4,4,2025-10-10T21:15:00+00:00,2025-10-10T21:15:00+00:00,-26.014230938864934,-23.379432262952484,-10.908767818204648,23.230876933670032,23.947239621631734,1.0,22.553165834796175,22.126321863209952,1.0,23.393482135334082,22.366495071226854,1.0,26.290603751229174,25.31751886309698,1.0
basket_return_le_2%,rel_basket_le_3%,4,4,2025-10-10T21:15:00+00:00,2025-10-10T21:15:00+00:00,-26.014230938864934,-23.379432262952484,-10.908767818204648,23.230876933670032,23.947239621631734,1.0,22.553165834796175,22.126321863209952,1.0,23.393482135334082,22.366495071226854,1.0,26.290603751229174,25.31751886309698,1.0
btc_return_le_2%,rel_basket_le_3%,4,4,2025-10-10T21:15:00+00:00,2025-10-10T21:15:00+00:00,-26.014230938864934,-23.379432262952484,-10.908767818204648,23.230876933670032,23.947239621631734,1.0,22.553165834796175,22.126321863209952,1.0,23.393482135334082,22.366495071226854,1.0,26.290603751229174,25.31751886309698,1.0
btc_return_le_2%,bottom_1_performer,5,4,2025-10-10T20:45:00+00:00,2026-02-06T00:00:00+00:00,-10.072211464835963,-7.4011652692450625,-3.677963342908328,3.8728151884443855,-1.4048100696785748,0.4,5.496651971677191,-0.3095017022593627,0.4,7.071852799258818,0.9285051067780881,0.8,8.231200745722036,1.671309192200554,0.6
basket_return_le_3%,rel_basket_le_3%,4,4,2025-10-10T21:15:00+00:00,2025-10-10T21:15:00+00:00,-26.014230938864934,-23.379432262952484,-10.908767818204648,23.230876933670032,23.947239621631734,1.0,22.553165834796175,22.126321863209952,1.0,23.393482135334082,22.366495071226854,1.0,26.290603751229174,25.31751886309698,1.0
breadth_down_1pct_ge_4,rel_basket_le_3%,4,4,2025-10-10T21:15:00+00:00,2025-10-10T21:15:00+00:00,-26.014230938864934,-23.379432262952484,-10.908767818204648,23.230876933670032,23.947239621631734,1.0,22.553165834796175,22.126321863209952,1.0,23.393482135334082,22.366495071226854,1.0,26.290603751229174,25.31751886309698,1.0
breadth_down_1pct_ge_5,rel_basket_le_3%,4,4,2025-10-10T21:15:00+00:00,2025-10-10T21:15:00+00:00,-26.014230938864934,-23.379432262952484,-10.908767818204648,23.230876933670032,23.947239621631734,1.0,22.553165834796175,22.126321863209952,1.0,23.393482135334082,22.366495071226854,1.0,26.290603751229174,25.31751886309698,1.0
breadth_down_1pct_ge_6,rel_basket_le_3%,4,4,2025-10-10T21:15:00+00:00,2025-10-10T21:15:00+00:00,-26.014230938864934,-23.379432262952484,-10.908767818204648,23.230876933670032,23.947239621631734,1.0,22.553165834796175,22.126321863209952,1.0,23.393482135334082,22.366495071226854,1.0,26.290603751229174,25.31751886309698,1.0
breadth_down_2pct_ge_4,rel_basket_le_3%,4,4,2025-10-10T21:15:00+00:00,2025-10-10T21:15:00+00:00,-26.014230938864934,-23.379432262952484,-10.908767818204648,23.230876933670032,23.947239621631734,1.0,22.553165834796175,22.126321863209952,1.0,23.393482135334082,22.366495071226854,1.0,26.290603751229174,25.31751886309698,1.0
breadth_down_2pct_ge_5,rel_basket_le_3%,4,4,2025-10-10T21:15:00+00:00,2025-10-10T21:15:00+00:00,-26.014230938864934,-23.379432262952484,-10.908767818204648,23.230876933670032,23.947239621631734,1.0,22.553165834796175,22.126321863209952,1.0,23.393482135334082,22.366495071226854,1.0,26.290603751229174,25.31751886309698,1.0
breadth_down_2pct_ge_6,rel_basket_le_3%,4,4,2025-10-10T21:15:00+00:00,2025-10-10T21:15:00+00:00,-26.014230938864934,-23.379432262952484,-10.908767818204648,23.230876933670032,23.947239621631734,1.0,22.553165834796175,22.126321863209952,1.0,23.393482135334082,22.366495071226854,1.0,26.290603751229174,25.31751886309698,1.0
btc_return_le_3%,rel_btc_le_1%,6,6,2026-02-06T00:00:00+00:00,2026-02-06T00:00:00+00:00,-6.728421885586878,-2.4830255717170457,-0.27762502244496057,0.5285721966009387,0.8906101511364062,0.8333333333333334,5.9365559630020295,6.107781143568336,1.0,8.365759926635478,8.184310728190724,1.0,7.1786843117767845,6.740731654470256,1.0
btc_return_le_3%,rel_btc_le_2%,5,5,2026-02-06T00:00:00+00:00,2026-02-06T00:00:00+00:00,-6.936993540225678,-2.6915972263558463,-0.48619667708376113,0.48401579894751245,1.029866117404743,0.8,5.871027735717762,5.951365187713309,1.0,8.099369713814749,8.11894882434303,1.0,6.625953587202211,6.192070030895991,1.0
btc_return_le_3%,symbol_zscore_le_-1,8,8,2026-02-06T00:00:00+00:00,2026-02-06T00:00:00+00:00,-5.990109085294952,-1.7447127714251207,0.4606877778469645,0.663091058962896,1.0454689170887876,0.875,5.8845637148197545,5.915093182418474,1.0,8.299907956909387,8.184310728190724,1.0,7.068621718345364,6.740731654470256,1.0
btc_return_le_3%,symbol_zscore_le_-2,8,8,2026-02-06T00:00:00+00:00,2026-02-06T00:00:00+00:00,-5.990109085294952,-1.7447127714251207,0.4606877778469645,0.663091058962896,1.0454689170887876,0.875,5.8845637148197545,5.915093182418474,1.0,8.299907956909387,8.184310728190724,1.0,7.068621718345364,6.740731654470256,1.0
btc_return_le_3%,rel_btc_le_-1_atr_equiv,3,3,2026-02-06T00:00:00+00:00,2026-02-06T00:00:00+00:00,-7.256062163735806,-3.010665849865975,-0.80526530059389,0.06679351184214477,0.7252559726962371,0.6666666666666666,5.546493623468188,5.951365187713309,1.0,7.923499529829085,8.11894882434303,1.0,6.184929408068821,5.802047781569963,1.0
btc_return_le_3%,bottom_3_performer,3,3,2026-02-06T00:00:00+00:00,2026-02-06T00:00:00+00:00,-7.256062163735806,-3.010665849865975,-0.80526530059389,0.06679351184214477,0.7252559726962371,0.6666666666666666,5.546493623468188,5.951365187713309,1.0,7.923499529829085,8.11894882434303,1.0,6.184929408068821,5.802047781569963,1.0
btc_return_le_3%,rel_basket_le_1%,2,2,2026-02-06T00:00:00+00:00,2026-02-06T00:00:00+00:00,-7.620119357394811,-3.3747230435249795,-1.1693224942528946,-0.4672475323240832,-0.4672475323240832,0.5,5.133358942404376,5.133358942404376,1.0,7.760412978724418,7.760412978724418,1.0,5.632697473080972,5.632697473080972,1.0
btc_return_le_3%,rel_btc_le_3%,2,2,2026-02-06T00:00:00+00:00,2026-02-06T00:00:00+00:00,-7.620119357394811,-3.3747230435249795,-1.1693224942528946,-0.4672475323240832,-0.4672475323240832,0.5,5.133358942404376,5.133358942404376,1.0,7.760412978724418,7.760412978724418,1.0,5.632697473080972,5.632697473080972,1.0
btc_return_le_3%,bottom_2_performer,2,2,2026-02-06T00:00:00+00:00,2026-02-06T00:00:00+00:00,-7.620119357394811,-3.3747230435249795,-1.1693224942528946,-0.4672475323240832,-0.4672475323240832,0.5,5.133358942404376,5.133358942404376,1.0,7.760412978724418,7.760412978724418,1.0,5.632697473080972,5.632697473080972,1.0
btc_return_le_3%,bottom_1_performer,1,1,2026-02-06T00:00:00+00:00,2026-02-06T00:00:00+00:00,-7.651041001405046,-3.405644687535214,-1.200244138263129,-1.6597510373444035,-1.6597510373444035,0.0,4.315352697095443,4.315352697095443,1.0,8.11894882434303,8.11894882434303,1.0,5.463347164591981,5.463347164591981,1.0
