timeframe,param_id,exit_model,friction_case,funding_z_min,reaction_atr_min,body_min,close_loc_long_min,close_loc_short_max,stop_atr_mult,target_r,total_trades_next_open,ev_per_trade_r_next_open,total_ev_r_next_open,max_drawdown_r_next_open,profit_factor_next_open,total_trades_next_close,ev_per_trade_r_next_close,total_ev_r_next_close,max_drawdown_r_next_close,profit_factor_next_close,ev_delta_close_minus_open_r,trade_delta_close_minus_open
15m,fz1.5_react0.25_body0.25_cl0.6_cs0.4,model_a,base,1.5,0.25,0.25,0.6,0.4,1.0,1.5,4753,-0.5401775228189976,-2567.4637659586956,-2568.5374492426454,0.38577747308061466,4265,-0.5069299410646889,-2162.0561986408984,-2164.992992376378,0.4005934234072792,0.03324758175430864,-488
15m,fz1.5_react0.25_body0.25_cl0.6_cs0.4,model_a,stress,1.5,0.25,0.25,0.6,0.4,1.0,1.5,4949,-1.0447815613451816,-5170.623947097304,-5170.581380646208,0.1687202285689202,4434,-1.0307903377929302,-4570.524357773852,-4568.295156752662,0.16624244137926014,0.013991223552251464,-515
15m,fz1.5_react0.25_body0.25_cl0.6_cs0.4,model_b,base,1.5,0.25,0.25,0.6,0.4,1.2,2.0,3764,-0.4486600945431331,-1688.756595860353,-1704.183455927396,0.4698350866822682,3463,-0.4215515193324743,-1459.8329114483586,-1482.881874171843,0.4845663491429065,0.027108575210658792,-301
15m,fz1.5_react0.25_body0.25_cl0.6_cs0.4,model_b,stress,1.5,0.25,0.25,0.6,0.4,1.2,2.0,3954,-0.8975220271329505,-3548.8020952836864,-3548.1540750806453,0.23698731861487263,3611,-0.8679358329509725,-3134.116292785962,-3134.452409344903,0.24080177639481884,0.029586194181977943,-343
15m,fz1.5_react0.25_body0.25_cl0.7_cs0.3,model_a,base,1.5,0.25,0.25,0.7,0.3,1.0,1.5,4370,-0.5444514358685568,-2379.2527747455933,-2380.3264580295445,0.3817913191432315,3961,-0.5106329925797957,-2022.6172836085705,-2030.6126098364803,0.3968353057985407,0.03381844328876116,-409
15m,fz1.5_react0.25_body0.25_cl0.7_cs0.3,model_a,stress,1.5,0.25,0.25,0.7,0.3,1.0,1.5,4556,-1.048488717745974,-4776.914598050658,-4776.87203159957,0.1673251242973864,4097,-1.0289311175897367,-4215.530788765151,-4213.301587743966,0.1655803147019334,0.01955760015623742,-459
15m,fz1.5_react0.25_body0.25_cl0.7_cs0.3,model_b,base,1.5,0.25,0.25,0.7,0.3,1.2,2.0,3532,-0.4485931309951974,-1584.4309386750372,-1598.7959583305676,0.4705028107936857,3242,-0.42699539323577745,-1384.3190648703905,-1411.810313403397,0.47960682001547134,0.02159773775941992,-290
15m,fz1.5_react0.25_body0.25_cl0.7_cs0.3,model_b,stress,1.5,0.25,0.25,0.7,0.3,1.2,2.0,3689,-0.8945374676218837,-3299.948718057129,-3299.300697854086,0.23771944737285128,3369,-0.8628365517947956,-2906.896342996666,-2907.232459555608,0.24187127093653776,0.031700915827088116,-320
15m,fz1.5_react0.25_body0.5_cl0.6_cs0.4,model_a,base,1.5,0.25,0.5,0.6,0.4,1.0,1.5,4093,-0.5355722772011428,-2192.097330584277,-2192.8530823614697,0.38947112312614873,3764,-0.5118554201430412,-1926.623801418407,-1925.6693022374793,0.39722086505943816,0.02371685705810156,-329
15m,fz1.5_react0.25_body0.5_cl0.6_cs0.4,model_a,stress,1.5,0.25,0.5,0.6,0.4,1.0,1.5,4269,-1.0500703310003823,-4482.750243040632,-4481.738287509383,0.1683601597849648,3875,-1.031770507177165,-3998.1107153115145,-3995.8815142903345,0.16593540783195268,0.018299823823217265,-394
15m,fz1.5_react0.25_body0.5_cl0.6_cs0.4,model_b,base,1.5,0.25,0.5,0.6,0.4,1.2,2.0,3351,-0.4651716393222535,-1558.7901633688716,-1582.4645471927422,0.45621820006966757,3097,-0.43036758196998154,-1332.8484013610328,-1345.8318460725236,0.4767803935369947,0.03480405735227199,-254
15m,fz1.5_react0.25_body0.5_cl0.6_cs0.4,model_b,stress,1.5,0.25,0.5,0.6,0.4,1.2,2.0,3506,-0.907564243822538,-3181.920238841818,-3181.453452981468,0.23284620553362914,3223,-0.8704394211851921,-2805.4262544798744,-2803.875576928865,0.2392977687627145,0.037124822637345845,-283
15m,fz1.5_react0.25_body0.5_cl0.7_cs0.3,model_a,base,1.5,0.25,0.5,0.7,0.3,1.0,1.5,3810,-0.5320664181336805,-2027.1730530893226,-2027.9533546342536,0.3908904584236807,3518,-0.5081281556006091,-1787.5948514029426,-1786.8498263765935,0.39994881185328696,0.02393826253307141,-292
15m,fz1.5_react0.25_body0.5_cl0.7_cs0.3,model_a,stress,1.5,0.25,0.5,0.7,0.3,1.0,1.5,3965,-1.0453119889561,-4144.662036210936,-4144.032909598034,0.16955482493646123,3619,-1.026417543042238,-3714.6050882698596,-3712.6150508535807,0.1667880838700522,0.018894445913862024,-346
15m,fz1.5_react0.25_body0.5_cl0.7_cs0.3,model_b,base,1.5,0.25,0.5,0.7,0.3,1.2,2.0,3165,-0.46011430878006515,-1456.2617872889061,-1477.961083753679,0.4603387165311013,2929,-0.43645842763004233,-1278.386734528394,-1294.7016068834023,0.4710417502521024,0.023655881150022817,-236
15m,fz1.5_react0.25_body0.5_cl0.7_cs0.3,model_b,stress,1.5,0.25,0.5,0.7,0.3,1.2,2.0,3291,-0.8977347052252206,-2954.4449148962008,-2954.3014609432444,0.23568440484827746,3037,-0.863735015814623,-2623.16324302901,-2622.089862315441,0.23961621923117565,0.03399968941059761,-254
15m,fz1.5_react0_body0.25_cl0.6_cs0.4,model_a,base,1.5,0.0,0.25,0.6,0.4,1.0,1.5,4929,-0.5235902689761979,-2580.7764357836795,-2583.3365371901227,0.39642534322146433,4442,-0.5092699579555874,-2262.1771532387193,-2262.576892357136,0.39871681859959757,0.014320311020610488,-487
15m,fz1.5_react0_body0.25_cl0.6_cs0.4,model_a,stress,1.5,0.0,0.25,0.6,0.4,1.0,1.5,5156,-1.0328300787860736,-5325.271886220996,-5325.229319769908,0.1716855899526397,4619,-1.0243813215664581,-4731.61732431547,-4729.388123294277,0.16773350165040135,0.008448757219615466,-537
15m,fz1.5_react0_body0.25_cl0.6_cs0.4,model_b,base,1.5,0.0,0.25,0.6,0.4,1.2,2.0,3875,-0.44200370369090974,-1712.7643518022753,-1733.3503289574255,0.4746833161009644,3568,-0.4297597691161125,-1533.3828562062895,-1560.4982072573382,0.47510753397389033,0.012243934574797222,-307
15m,fz1.5_react0_body0.25_cl0.6_cs0.4,model_b,stress,1.5,0.0,0.25,0.6,0.4,1.2,2.0,4077,-0.8897458484679527,-3627.493824203843,-3626.8458040008054,0.23852914070122908,3733,-0.873187699820988,-3259.609683431748,-3259.9457999906876,0.2365676088101293,0.0165581486469647,-344
15m,fz1.5_react0_body0.25_cl0.7_cs0.3,model_a,base,1.5,0.0,0.25,0.7,0.3,1.0,1.5,4540,-0.5319010618707369,-2414.8308208931458,-2424.58069442656,0.38900939777470994,4124,-0.5146665807377654,-2122.4849789625446,-2127.022061797849,0.39313980006447174,0.017234481132971546,-416
15m,fz1.5_react0_body0.25_cl0.7_cs0.3,model_a,stress,1.5,0.0,0.25,0.7,0.3,1.0,1.5,4753,-1.0406994873765165,-4946.444663500583,-4946.40209704949,0.16841010804835482,4270,-1.028188264597427,-4390.363889831013,-4388.134688809825,0.1653030817442409,0.01251122277908956,-483
15m,fz1.5_react0_body0.25_cl0.7_cs0.3,model_b,base,1.5,0.0,0.25,0.7,0.3,1.2,2.0,3639,-0.4431888833678874,-1612.7643465757424,-1632.4293305911322,0.4733314719428116,3341,-0.43432602882961047,-1451.0832623197286,-1479.3683925842688,0.4712978900501774,0.008862854538276954,-298
15m,fz1.5_react0_body0.25_cl0.7_cs0.3,model_b,stress,1.5,0.0,0.25,0.7,0.3,1.2,2.0,3807,-0.8900363761394903,-3388.3684839630396,-3387.7204637599957,0.23785592380824086,3480,-0.8685429170631641,-3022.529351379811,-3022.8654679387473,0.23833643574890173,0.02149345907632616,-327
15m,fz1.5_react0_body0.5_cl0.6_cs0.4,model_a,base,1.5,0.0,0.5,0.6,0.4,1.0,1.5,4116,-0.5315632828758508,-2187.9144723170016,-2188.6702240941936,0.3917277846198007,3792,-0.5120982015423491,-1941.8763802485878,-1940.9218810676605,0.3972755795817343,0.019465081333501666,-324
15m,fz1.5_react0_body0.5_cl0.6_cs0.4,model_a,stress,1.5,0.0,0.5,0.6,0.4,1.0,1.5,4294,-1.0461300380508634,-4492.082383390407,-4491.070427859159,0.1693028916636268,3899,-1.0305635385212146,-4018.167236694216,-4015.938035673039,0.1660687233600135,0.015566499529648725,-395
15m,fz1.5_react0_body0.5_cl0.6_cs0.4,model_b,base,1.5,0.0,0.5,0.6,0.4,1.2,2.0,3365,-0.46510185684118965,-1565.0677482706033,-1588.7421320944745,0.4558167983759081,3117,-0.4298161529416296,-1339.7369487190595,-1352.7203934305498,0.47665206825141987,0.03528570389956004,-248
15m,fz1.5_react0_body0.5_cl0.6_cs0.4,model_b,stress,1.5,0.0,0.5,0.6,0.4,1.2,2.0,3521,-0.9068346919365818,-3192.964950308705,-3192.498164448357,0.23275784603893848,3245,-0.8691320219150876,-2820.3334111144595,-2818.7827335634515,0.23910583394593968,0.03770267002149419,-276
15m,fz1.5_react0_body0.5_cl0.7_cs0.3,model_a,base,1.5,0.0,0.5,0.7,0.3,1.0,1.5,3833,-0.5287399821468813,-2026.6603515689962,-2027.4406531139266,0.3929970089207851,3542,-0.5066401348346392,-1794.5193575842923,-1793.7743325579447,0.4009209915420923,0.022099847312242127,-291
15m,fz1.5_react0_body0.5_cl0.7_cs0.3,model_a,stress,1.5,0.0,0.5,0.7,0.3,1.0,1.5,3992,-1.0445087965306543,-4169.679115750372,-4169.04998913747,0.16985087406727212,3643,-1.0264886042383545,-3739.4979852403258,-3737.507947824048,0.16666199455990863,0.018020192292299786,-349
15m,fz1.5_react0_body0.5_cl0.7_cs0.3,model_b,base,1.5,0.0,0.5,0.7,0.3,1.2,2.0,3177,-0.45940713517932835,-1459.536468464726,-1481.2357649294995,0.4607117924822227,2944,-0.4368685073119574,-1286.1408855264026,-1302.4557578814104,0.47011702445162135,0.02253862786737093,-233
15m,fz1.5_react0_body0.5_cl0.7_cs0.3,model_b,stress,1.5,0.0,0.5,0.7,0.3,1.2,2.0,3308,-0.8989132284565099,-2973.604959734135,-2973.4615057811798,0.23529962886688383,3054,-0.8644135254271422,-2639.9189066544923,-2638.845525940921,0.23890691105678827,0.03449970302936767,-254
15m,fz2.5_react0.25_body0.25_cl0.6_cs0.4,model_a,base,2.5,0.25,0.25,0.6,0.4,1.0,1.5,1203,-0.4332551600864643,-521.2059575840166,-535.7962268400948,0.4640388694296722,1091,-0.46906163309849125,-511.74624171045394,-523.329995495432,0.4284707595898065,-0.03580647301202694,-112
15m,fz2.5_react0.25_body0.25_cl0.6_cs0.4,model_a,stress,2.5,0.25,0.25,0.6,0.4,1.0,1.5,1244,-0.8994335360045089,-1118.895318789609,-1122.6581244317003,0.21244890483864268,1122,-0.9071582557802571,-1017.8315629854485,-1023.116083278301,0.19960660146360218,-0.007724719775748179,-122
15m,fz2.5_react0.25_body0.25_cl0.6_cs0.4,model_b,base,2.5,0.25,0.25,0.6,0.4,1.2,2.0,959,-0.36636901481672546,-351.34788520923973,-370.7500800508533,0.5405829302622669,880,-0.3843984195494404,-338.27060920350755,-361.5103817393416,0.5118336302415812,-0.018029404732714915,-79
15m,fz2.5_react0.25_body0.25_cl0.6_cs0.4,model_b,stress,2.5,0.25,0.25,0.6,0.4,1.2,2.0,1001,-0.7592121872212306,-759.9713994084518,-768.2480197505861,0.29570326085873117,912,-0.7719239497310121,-703.994642154683,-715.411411079592,0.27132628015498533,-0.012711762509781455,-89
15m,fz2.5_react0.25_body0.25_cl0.7_cs0.3,model_a,base,2.5,0.25,0.25,0.7,0.3,1.0,1.5,1104,-0.453882776622663,-501.08658539142,-517.0429083128412,0.44484903701834,1017,-0.4876537708827044,-495.94388498771036,-508.8336001058203,0.4111130431320996,-0.033770994260041376,-87
15m,fz2.5_react0.25_body0.25_cl0.7_cs0.3,model_a,stress,2.5,0.25,0.25,0.7,0.3,1.0,1.5,1145,-0.9132818997875305,-1045.7077752567225,-1049.470580898815,0.20609013774860055,1044,-0.9285248198614416,-969.379911935345,-974.6644322281974,0.18970937159108672,-0.015242920073911148,-101
15m,fz2.5_react0.25_body0.25_cl0.7_cs0.3,model_b,base,2.5,0.25,0.25,0.7,0.3,1.2,2.0,903,-0.3916140357379088,-353.62747427133166,-374.77447200552774,0.5188449648520679,830,-0.4061290752309584,-337.0871324416955,-361.1092661020283,0.4928217513382563,-0.014515039493049608,-73
15m,fz2.5_react0.25_body0.25_cl0.7_cs0.3,model_b,stress,2.5,0.25,0.25,0.7,0.3,1.2,2.0,932,-0.7728600173819477,-720.3055361999752,-729.1574661820955,0.28998215505272984,855,-0.7842378190748244,-670.5233353089749,-681.9354738354701,0.26570340510999474,-0.011377801692876721,-77
15m,fz2.5_react0.25_body0.5_cl0.6_cs0.4,model_a,base,2.5,0.25,0.5,0.6,0.4,1.0,1.5,1048,-0.4267092974012332,-447.1913436764924,-460.12786570746687,0.47226511491310574,969,-0.4689120657750399,-454.3757917360137,-458.6988151480235,0.4282032050392709,-0.04220276837380671,-79
15m,fz2.5_react0.25_body0.5_cl0.6_cs0.4,model_a,stress,2.5,0.25,0.5,0.6,0.4,1.0,1.5,1080,-0.9005334049866525,-972.5760773855847,-976.3968485340315,0.2145706420935502,996,-0.9256795375989608,-921.9768194485649,-920.5990994372062,0.1920287527868477,-0.02514613261230836,-84
15m,fz2.5_react0.25_body0.5_cl0.6_cs0.4,model_b,base,2.5,0.25,0.5,0.6,0.4,1.2,2.0,860,-0.38687848678391845,-332.7154986341699,-354.738532368639,0.5210159333893254,794,-0.36834123006065994,-292.462936668164,-312.19577571359764,0.529214552810433,0.01853725672325851,-66
15m,fz2.5_react0.25_body0.5_cl0.6_cs0.4,model_b,stress,2.5,0.25,0.5,0.6,0.4,1.2,2.0,895,-0.7748583071912909,-693.4981849362053,-702.781554780713,0.2878769706381113,821,-0.7676367552438625,-630.2297760552111,-638.190012913747,0.2769564722002401,0.007221551947428351,-74
15m,fz2.5_react0.25_body0.5_cl0.7_cs0.3,model_a,base,2.5,0.25,0.5,0.7,0.3,1.0,1.5,964,-0.436777497762541,-421.0535078430895,-433.99002987406385,0.46292792034050895,904,-0.49492488945007046,-447.4121000628637,-451.7351234748736,0.40764342894774963,-0.05814739168752947,-60
15m,fz2.5_react0.25_body0.5_cl0.7_cs0.3,model_a,stress,2.5,0.25,0.5,0.7,0.3,1.0,1.5,993,-0.9015726247965298,-895.261616422954,-899.0823875714016,0.2153439364610185,927,-0.9494806280000266,-880.1685421560247,-878.7908221446659,0.18368239739872522,-0.04790800320349686,-66
15m,fz2.5_react0.25_body0.5_cl0.7_cs0.3,model_b,base,2.5,0.25,0.5,0.7,0.3,1.2,2.0,808,-0.40871319946388734,-330.24026516682096,-352.26329890129017,0.5031353417413188,749,-0.4070833953438234,-304.9054631125237,-324.6164795826859,0.49248901133560113,0.0016298041200639712,-59
15m,fz2.5_react0.25_body0.5_cl0.7_cs0.3,model_b,stress,2.5,0.25,0.5,0.7,0.3,1.2,2.0,831,-0.7789078346388049,-647.2724105848469,-656.5557804293546,0.28666475425773824,771,-0.7982794504157879,-615.4734562705725,-622.4558291508988,0.25929342080999646,-0.019371615776982987,-60
15m,fz2.5_react0_body0.25_cl0.6_cs0.4,model_a,base,2.5,0.0,0.25,0.6,0.4,1.0,1.5,1242,-0.40957240716099735,-508.6889296939587,-529.5767667302769,0.48149451225467704,1134,-0.45445686186549455,-515.3540813554708,-528.7224054676275,0.43767800947811325,-0.0448844547044972,-108
15m,fz2.5_react0_body0.25_cl0.6_cs0.4,model_a,stress,2.5,0.0,0.25,0.6,0.4,1.0,1.5,1292,-0.8668597067218777,-1119.982741084666,-1124.8310414203231,0.22216604767534076,1166,-0.8880813395904615,-1035.5028419624782,-1041.6538142392328,0.20388491715056323,-0.021221632868583806,-126
15m,fz2.5_react0_body0.25_cl0.6_cs0.4,model_b,base,2.5,0.0,0.25,0.6,0.4,1.2,2.0,984,-0.34516939410837433,-339.6466838026403,-362.61754963517035,0.5580713773004922,903,-0.38608715896990325,-348.63670454982264,-371.6710791836411,0.5049848380582369,-0.04091776486152893,-81
15m,fz2.5_react0_body0.25_cl0.6_cs0.4,model_b,stress,2.5,0.0,0.25,0.6,0.4,1.2,2.0,1027,-0.7377502680943372,-757.6695253328843,-765.4744182005475,0.3021923926371838,940,-0.7743615620868801,-727.8998683616674,-734.448741565305,0.2648029882531497,-0.036611293992542926,-87
15m,fz2.5_react0_body0.25_cl0.7_cs0.3,model_a,base,2.5,0.0,0.25,0.7,0.3,1.0,1.5,1146,-0.44127232405894257,-505.6980833715482,-530.6935569852193,0.45290042528904967,1056,-0.4853642871377009,-512.5446872174122,-527.2189726627005,0.4091574445430501,-0.044091963078758345,-90
15m,fz2.5_react0_body0.25_cl0.7_cs0.3,model_a,stress,2.5,0.0,0.25,0.7,0.3,1.0,1.5,1195,-0.8969930536038264,-1071.9066990565725,-1076.7549993922296,0.20842775589540302,1085,-0.9165677502441103,-994.4760090148596,-1000.6269812916139,0.19078141431441792,-0.019574696640283884,-110
15m,fz2.5_react0_body0.25_cl0.7_cs0.3,model_b,base,2.5,0.0,0.25,0.7,0.3,1.2,2.0,929,-0.38243432702519564,-355.28148980640674,-378.1049591811425,0.5235642499244099,851,-0.4135337098138143,-351.91718705155597,-374.36933704461086,0.4816499612735129,-0.03109938278861868,-78
15m,fz2.5_react0_body0.25_cl0.7_cs0.3,model_b,stress,2.5,0.0,0.25,0.7,0.3,1.2,2.0,961,-0.7577473720164125,-728.1952245077724,-738.7530933620475,0.2932418397896328,878,-0.7884540286355521,-692.2626371420148,-701.1975669130043,0.2595994196957976,-0.030706656619139627,-83
15m,fz2.5_react0_body0.5_cl0.6_cs0.4,model_a,base,2.5,0.0,0.5,0.6,0.4,1.0,1.5,1056,-0.4222697524811746,-445.91685862012037,-460.5669511109768,0.475622193299318,977,-0.4662929236915528,-455.5681864466471,-459.891209858657,0.4291355318966632,-0.04402317121037819,-79
15m,fz2.5_react0_body0.5_cl0.6_cs0.4,model_a,stress,2.5,0.0,0.5,0.6,0.4,1.0,1.5,1088,-0.8928613498056795,-971.4331485885793,-975.2539197370257,0.21724519341972162,1003,-0.9205173291282469,-923.2788811156316,-921.901161104273,0.19281488657530305,-0.02765597932256736,-85
15m,fz2.5_react0_body0.5_cl0.6_cs0.4,model_b,base,2.5,0.0,0.5,0.6,0.4,1.2,2.0,864,-0.3887710238594238,-335.89816461454217,-357.9211983490114,0.517441850272963,798,-0.36501296178434806,-291.28034350390976,-311.01318254934347,0.5309962697917878,0.023758062075075748,-66
15m,fz2.5_react0_body0.5_cl0.6_cs0.4,model_b,stress,2.5,0.0,0.5,0.6,0.4,1.2,2.0,898,-0.7708794931640647,-692.2497848613301,-701.5331547058377,0.28787046997257004,825,-0.763358257627751,-629.7705625428946,-637.7307994014305,0.27753944325435276,0.007521235536313675,-73
15m,fz2.5_react0_body0.5_cl0.7_cs0.3,model_a,base,2.5,0.0,0.5,0.7,0.3,1.0,1.5,970,-0.4328219583762747,-419.83729962498643,-434.4873921158425,0.46652025261607927,912,-0.4942536279908948,-450.75930872769607,-455.08233213970607,0.4072927498380005,-0.0614316696146201,-58
15m,fz2.5_react0_body0.5_cl0.7_cs0.3,model_a,stress,2.5,0.0,0.5,0.7,0.3,1.0,1.5,999,-0.8967020479394304,-895.805345891491,-899.6261170399381,0.21749051230677166,934,-0.946274671915143,-883.8205435687436,-882.4428235573849,0.18391668619383694,-0.049572623975712604,-65
15m,fz2.5_react0_body0.5_cl0.7_cs0.3,model_b,base,2.5,0.0,0.5,0.7,0.3,1.2,2.0,811,-0.4114477126404349,-333.6840949513927,-355.70712868586185,0.5000761510811174,752,-0.4059074751172529,-305.24242128817417,-324.95343775833624,0.4928213986687255,0.005540237523182001,-59
15m,fz2.5_react0_body0.5_cl0.7_cs0.3,model_b,stress,2.5,0.0,0.5,0.7,0.3,1.2,2.0,833,-0.7759974912329795,-646.4059101970719,-655.6892800415793,0.28757291800015033,774,-0.7962767897656794,-616.3182352786358,-623.3006081589622,0.259306571604701,-0.02027929853269994,-59
15m,fz2_react0.25_body0.25_cl0.6_cs0.4,model_a,base,2.0,0.25,0.25,0.6,0.4,1.0,1.5,2292,-0.5316951331508176,-1218.645245181674,-1234.0704449841396,0.39081458467981134,2079,-0.5083310537618362,-1056.8202607708574,-1073.729737103517,0.40126829267379144,0.02336407938898144,-213
15m,fz2_react0.25_body0.25_cl0.6_cs0.4,model_a,stress,2.0,0.25,0.25,0.6,0.4,1.0,1.5,2394,-1.0406154414092088,-2491.233366733646,-2494.671182605481,0.17070260223007883,2150,-1.0102728285523797,-2172.086581387616,-2177.0421539873564,0.17403933912798497,0.030342612856829154,-244
15m,fz2_react0.25_body0.25_cl0.6_cs0.4,model_b,base,2.0,0.25,0.25,0.6,0.4,1.2,2.0,1830,-0.4569954990053959,-836.3017631798745,-858.7622859552023,0.460146401099125,1674,-0.4458437476527592,-746.3424335707189,-774.7900286767028,0.45802113769175695,0.011151751352636685,-156
15m,fz2_react0.25_body0.25_cl0.6_cs0.4,model_b,stress,2.0,0.25,0.25,0.6,0.4,1.2,2.0,1913,-0.8937732147928934,-1709.7881598988051,-1719.0953326023607,0.2367958277818461,1758,-0.8983211196940716,-1579.2485284221777,-1589.6709899668938,0.223532279079231,-0.004547904901178179,-155
15m,fz2_react0.25_body0.25_cl0.7_cs0.3,model_a,base,2.0,0.25,0.25,0.7,0.3,1.0,1.5,2119,-0.5396110915287452,-1143.435902949411,-1160.1460413299258,0.38360621065643347,1947,-0.5214957093219017,-1015.3521460497427,-1033.5675837155343,0.38943836189218495,0.0181153822068435,-172
15m,fz2_react0.25_body0.25_cl0.7_cs0.3,model_a,stress,2.0,0.25,0.25,0.7,0.3,1.0,1.5,2219,-1.045522799527982,-2320.0150921525924,-2323.452908024427,0.1688801652690005,2006,-1.0186664706909145,-2043.4449402059747,-2048.400512805714,0.16906313136753262,0.026856328837067567,-213
15m,fz2_react0.25_body0.25_cl0.7_cs0.3,model_b,base,2.0,0.25,0.25,0.7,0.3,1.2,2.0,1720,-0.4538401725592233,-780.6050968018641,-805.3452057084423,0.46529900484,1576,-0.4530872761697783,-714.0655472435706,-744.3348038748369,0.4525470397529267,0.0007528963894450347,-144
15m,fz2_react0.25_body0.25_cl0.7_cs0.3,model_b,stress,2.0,0.25,0.25,0.7,0.3,1.2,2.0,1787,-0.887755736040324,-1586.419500304059,-1596.4601741336253,0.24048145484658398,1649,-0.8968747733785364,-1478.9465013012066,-1490.8989555113967,0.22378073777422805,-0.009119037338212399,-138
15m,fz2_react0.25_body0.5_cl0.6_cs0.4,model_a,base,2.0,0.25,0.5,0.6,0.4,1.0,1.5,1982,-0.5300518479658316,-1050.5627626682783,-1063.0710372019128,0.393953346237673,1837,-0.517724070124186,-951.0591168181296,-958.7643127485436,0.39592913272016783,0.012327777841645626,-145
15m,fz2_react0.25_body0.5_cl0.6_cs0.4,model_a,stress,2.0,0.25,0.5,0.6,0.4,1.0,1.5,2075,-1.0496649505307305,-2178.054772351266,-2181.550553729454,0.1710885052303148,1886,-1.021948589289254,-1927.395039399533,-1926.0173193881767,0.1702081909440908,0.027716361241476584,-189
15m,fz2_react0.25_body0.5_cl0.6_cs0.4,model_b,base,2.0,0.25,0.5,0.6,0.4,1.2,2.0,1627,-0.48119780102407206,-782.9088222661652,-806.8718081746323,0.4413065128542015,1500,-0.4582414826119081,-687.3622239178621,-711.0820092545498,0.451070921757216,0.022956318412163945,-127
15m,fz2_react0.25_body0.5_cl0.6_cs0.4,model_b,stress,2.0,0.25,0.5,0.6,0.4,1.2,2.0,1695,-0.9068770502071205,-1537.1566001010692,-1545.5072766152405,0.2342254234516668,1573,-0.8975259705166119,-1411.8083516226304,-1417.7011312358509,0.22665550372956003,0.009351079690508635,-122
15m,fz2_react0.25_body0.5_cl0.7_cs0.3,model_a,base,2.0,0.25,0.5,0.7,0.3,1.0,1.5,1845,-0.5291963667543835,-976.3672966618376,-990.1040492093028,0.39409486666716664,1726,-0.5332131890985078,-920.3259643840245,-925.6138797408554,0.3837734746117618,-0.00401682234412426,-119
15m,fz2_react0.25_body0.5_cl0.7_cs0.3,model_a,stress,2.0,0.25,0.5,0.7,0.3,1.0,1.5,1926,-1.041413050604476,-2005.7615354642207,-2009.2573168424094,0.17393679701682802,1769,-1.02967468836114,-1821.4945237108568,-1820.1168036994975,0.16584313931474187,0.01173836224333602,-157
15m,fz2_react0.25_body0.5_cl0.7_cs0.3,model_b,base,2.0,0.25,0.5,0.7,0.3,1.2,2.0,1533,-0.48140449722010753,-737.9930942384249,-763.7487076698308,0.44217059980144674,1417,-0.47195363419954356,-668.7582996607532,-692.5362117911025,0.43850917461631855,0.009450863020563971,-116
15m,fz2_react0.25_body0.5_cl0.7_cs0.3,model_b,stress,2.0,0.25,0.5,0.7,0.3,1.2,2.0,1583,-0.896636819521724,-1419.3760853028891,-1430.5626391015157,0.23739928286305634,1482,-0.9036550750127176,-1339.2168211688474,-1344.9243200775347,0.22043202819376134,-0.007018255490993552,-101
15m,fz2_react0_body0.25_cl0.6_cs0.4,model_a,base,2.0,0.0,0.25,0.6,0.4,1.0,1.5,2372,-0.5099886742107873,-1209.6931352279876,-1231.4159028106933,0.40468944473780455,2166,-0.5038422275339464,-1091.3222648385279,-1107.3602277445273,0.4042310507914971,0.006146446676840944,-206
15m,fz2_react0_body0.25_cl0.6_cs0.4,model_a,stress,2.0,0.0,0.25,0.6,0.4,1.0,1.5,2494,-1.0180886106659874,-2539.1129950009727,-2543.6363055663724,0.17621210893489195,2244,-1.0009218445032788,-2246.068619065358,-2251.890643649,0.17493217279189613,0.017166766162708624,-250
15m,fz2_react0_body0.25_cl0.6_cs0.4,model_b,base,2.0,0.0,0.25,0.6,0.4,1.2,2.0,1889,-0.44050377950130637,-832.1116394779677,-859.3365377662316,0.47223386279209145,1726,-0.45260991090757974,-781.2047062264826,-809.4469034304512,0.4481291983045641,-0.012106131406273368,-163
15m,fz2_react0_body0.25_cl0.6_cs0.4,model_b,stress,2.0,0.0,0.25,0.6,0.4,1.2,2.0,1980,-0.8767050948911232,-1735.8760878844241,-1744.7115331135085,0.24208442527235705,1818,-0.9016613280193397,-1639.2202943391596,-1646.4853121572826,0.21908430357933734,-0.024956233128216487,-162
15m,fz2_react0_body0.25_cl0.7_cs0.3,model_a,base,2.0,0.0,0.25,0.7,0.3,1.0,1.5,2202,-0.5283414624936024,-1163.4079004109124,-1189.1571894836777,0.38950300706623847,2029,-0.5248969068470495,-1065.0158239926634,-1085.015831985634,0.38497172947579944,0.0034445556465528826,-173
15m,fz2_react0_body0.25_cl0.7_cs0.3,model_a,stress,2.0,0.0,0.25,0.7,0.3,1.0,1.5,2316,-1.0350103719330803,-2397.084021397014,-2401.607331962413,0.16961971866651604,2091,-1.016917258962841,-2126.3739884913007,-2132.1960130749426,0.16790434647044558,0.0180931129702393,-225
15m,fz2_react0_body0.25_cl0.7_cs0.3,model_b,base,2.0,0.0,0.25,0.7,0.3,1.2,2.0,1777,-0.448517957649174,-797.0164107425823,-823.4329912897002,0.46629552159578636,1627,-0.45817972281812513,-745.4584090250896,-774.9423575124567,0.4442984128961224,-0.00966176516895112,-150
15m,fz2_react0_body0.25_cl0.7_cs0.3,model_b,stress,2.0,0.0,0.25,0.7,0.3,1.2,2.0,1850,-0.8805035577835948,-1628.9315818996504,-1640.6781946013703,0.24087445247615927,1705,-0.9043227286809078,-1541.8702524009477,-1551.345497855634,0.21928286237355363,-0.023819170897313002,-145
15m,fz2_react0_body0.5_cl0.6_cs0.4,model_a,base,2.0,0.0,0.5,0.6,0.4,1.0,1.5,1996,-0.525799003000044,-1049.4948099880878,-1062.9782062519087,0.3965037838063133,1851,-0.5188361411361412,-960.3656972429973,-965.5857988872747,0.3954189542628979,0.006962861863902825,-145
15m,fz2_react0_body0.5_cl0.6_cs0.4,model_a,stress,2.0,0.0,0.5,0.6,0.4,1.0,1.5,2089,-1.0437510018155294,-2180.395842792641,-2183.8916241708293,0.17240728184994794,1897,-1.0160916266097078,-1927.5258156786156,-1926.148095667258,0.1713085112227332,0.027659375205821624,-192
15m,fz2_react0_body0.5_cl0.6_cs0.4,model_b,base,2.0,0.0,0.5,0.6,0.4,1.2,2.0,1633,-0.4773431696663342,-779.5013960651238,-806.4825308867639,0.44308675838059514,1508,-0.45570438661710216,-687.2022150185901,-710.9416633965445,0.4520915983892841,0.021638783049232058,-125
15m,fz2_react0_body0.5_cl0.6_cs0.4,model_b,stress,2.0,0.0,0.5,0.6,0.4,1.2,2.0,1702,-0.9028657778747604,-1536.6775539428422,-1547.8499302050545,0.23478243135917198,1582,-0.8958454555544308,-1417.2275106871095,-1422.9350095957984,0.22609027403465137,0.007020322320329564,-120
15m,fz2_react0_body0.5_cl0.7_cs0.3,model_a,base,2.0,0.0,0.5,0.7,0.3,1.0,1.5,1857,-0.526136547901327,-977.0355694527642,-992.4858924601111,0.3963881330116894,1738,-0.5325384671088215,-925.5518558351317,-930.8397711919627,0.3838530330028943,-0.006401919207494444,-119
15m,fz2_react0_body0.5_cl0.7_cs0.3,model_a,stress,2.0,0.0,0.5,0.7,0.3,1.0,1.5,1938,-1.0387788930892128,-2013.1534948068945,-2016.6492761850832,0.1748486625165995,1779,-1.0277908617467817,-1828.4399430475248,-1827.0622230361644,0.16597993699006633,0.010988031342431093,-159
15m,fz2_react0_body0.5_cl0.7_cs0.3,model_b,base,2.0,0.0,0.5,0.7,0.3,1.2,2.0,1537,-0.47967931466898944,-737.2671066462368,-763.0227200776428,0.44267194957561284,1423,-0.47090905340228506,-670.1035829914516,-693.8814951218009,0.4386099957566487,0.008770261266704382,-114
15m,fz2_react0_body0.5_cl0.7_cs0.3,model_b,stress,2.0,0.0,0.5,0.7,0.3,1.2,2.0,1589,-0.897309964327551,-1425.8255333164784,-1437.0120871151048,0.23690918996354718,1489,-0.9044327341098968,-1346.7003410896364,-1352.4078399983237,0.2199742920667933,-0.007122769782345828,-100
1h,fz1.5_react0.25_body0.25_cl0.6_cs0.4,model_a,base,1.5,0.25,0.25,0.6,0.4,1.0,1.5,1239,-0.2138041136887594,-264.9032968603729,-277.99637287785634,0.6512953920802427,1141,-0.24911254407514577,-284.2374127897413,-291.8882924263224,0.5905091849047561,-0.03530843038638637,-98
1h,fz1.5_react0.25_body0.25_cl0.6_cs0.4,model_a,stress,1.5,0.25,0.25,0.6,0.4,1.0,1.5,1254,-0.4375120641104799,-548.6401283945418,-555.8621920525711,0.4203195779866844,1154,-0.45175366975692827,-521.3237348994952,-523.1230120903228,0.38905061770340765,-0.014241605646448385,-100
1h,fz1.5_react0.25_body0.25_cl0.6_cs0.4,model_b,base,1.5,0.25,0.25,0.6,0.4,1.2,2.0,1110,-0.16579597450847972,-184.0335317044125,-191.99642100840387,0.7236851924121175,1042,-0.1883409666951179,-196.25128729631285,-207.8141139481944,0.6747875026796805,-0.02254499218663819,-68
1h,fz1.5_react0.25_body0.25_cl0.6_cs0.4,model_b,stress,1.5,0.25,0.25,0.6,0.4,1.2,2.0,1120,-0.3537131777283861,-396.1587590557925,-402.5411598541047,0.5062239378335648,1052,-0.3665363698104624,-385.59626104060646,-391.62266099809625,0.4732150312998441,-0.012823192082076273,-68
1h,fz1.5_react0.25_body0.25_cl0.7_cs0.3,model_a,base,1.5,0.25,0.25,0.7,0.3,1.0,1.5,1113,-0.22191561061370177,-246.99207461305008,-255.6335765782778,0.6386409721400613,1038,-0.2243345587148007,-232.85927194596314,-238.49240395918866,0.6231331526177885,-0.002418948101098939,-75
1h,fz1.5_react0.25_body0.25_cl0.7_cs0.3,model_a,stress,1.5,0.25,0.25,0.7,0.3,1.0,1.5,1127,-0.4405922986261536,-496.5475205516751,-501.2943625306947,0.41610240777331875,1047,-0.42361685382620917,-443.52684595604103,-446.5668124137096,0.4154291546220834,0.01697544479994445,-80
1h,fz1.5_react0.25_body0.25_cl0.7_cs0.3,model_b,base,1.5,0.25,0.25,0.7,0.3,1.2,2.0,1014,-0.18239407631427074,-184.94759338267053,-191.01475179695464,0.6961390428012231,956,-0.16395678434435915,-156.74268583320733,-164.30563656407122,0.7102324236241563,0.01843729196991159,-58
1h,fz1.5_react0.25_body0.25_cl0.7_cs0.3,model_b,stress,1.5,0.25,0.25,0.7,0.3,1.2,2.0,1021,-0.36887658756367353,-376.6229959025107,-381.2140049900192,0.4856276407338239,961,-0.3413311565906248,-328.0192414835904,-334.04564144108065,0.49802562187165256,0.027545430973048735,-60
1h,fz1.5_react0.25_body0.5_cl0.6_cs0.4,model_a,base,1.5,0.25,0.5,0.6,0.4,1.0,1.5,1039,-0.2215946262422362,-230.2368166656834,-243.67897227356983,0.6416306146795684,972,-0.21752064886066452,-211.43007069256592,-218.762523089011,0.6286287588553754,0.0040739773815716696,-67
1h,fz1.5_react0.25_body0.5_cl0.6_cs0.4,model_a,stress,1.5,0.25,0.5,0.6,0.4,1.0,1.5,1048,-0.4404045597910199,-461.54397866098884,-467.4932272537982,0.41826020822562626,979,-0.4165987129555268,-407.85013998346074,-409.94973372401887,0.4141616213679366,0.023805846835493083,-69
1h,fz1.5_react0.25_body0.5_cl0.6_cs0.4,model_b,base,1.5,0.25,0.5,0.6,0.4,1.2,2.0,948,-0.17818166921741108,-168.9162224181057,-174.47217121452584,0.7037299572089046,901,-0.1679316241989395,-151.3063934032445,-167.81189623043963,0.7020870272453423,0.01025004501847157,-47
1h,fz1.5_react0.25_body0.5_cl0.6_cs0.4,model_b,stress,1.5,0.25,0.5,0.6,0.4,1.2,2.0,955,-0.3640863051588634,-347.7024214267146,-351.7283150138291,0.4910929727137528,910,-0.3398737072587708,-309.28507360548144,-314.8047803515311,0.4948351984720259,0.024212597900092614,-45
1h,fz1.5_react0.25_body0.5_cl0.7_cs0.3,model_a,base,1.5,0.25,0.5,0.7,0.3,1.0,1.5,956,-0.2275598410020589,-217.54720799796831,-229.39050676529746,0.631431946369877,903,-0.20842593512824042,-188.2086194208011,-195.06424764092526,0.6409714468784795,0.01913390587381847,-53
1h,fz1.5_react0.25_body0.5_cl0.7_cs0.3,model_a,stress,1.5,0.25,0.5,0.7,0.3,1.0,1.5,962,-0.43853241203576,-421.8681803784011,-425.33159528730675,0.4176352185478802,908,-0.4092369388610668,-371.5871404858487,-372.4376387262053,0.42100044281375526,0.029295473174693165,-54
1h,fz1.5_react0.25_body0.5_cl0.7_cs0.3,model_b,base,1.5,0.25,0.5,0.7,0.3,1.2,2.0,877,-0.18679128500669173,-163.81595695086864,-169.7470643853914,0.687892566930899,840,-0.15875962679038816,-133.35808650392605,-143.02258029732127,0.7151051947067742,0.028031658216303573,-37
1h,fz1.5_react0.25_body0.5_cl0.7_cs0.3,model_b,stress,1.5,0.25,0.5,0.7,0.3,1.2,2.0,883,-0.3686340977500217,-325.50390831326916,-329.5298019003838,0.4826587972161195,844,-0.32583472731228413,-275.00450985156783,-280.5242165976175,0.5082191674494467,0.04279937043773757,-39
1h,fz1.5_react0_body0.25_cl0.6_cs0.4,model_a,base,1.5,0.0,0.25,0.6,0.4,1.0,1.5,1306,-0.19955820819998954,-260.6230199091863,-271.6135120150777,0.667816705407871,1202,-0.2466632578329358,-296.48923591518883,-304.5090936197013,0.5927596183037236,-0.04710504963294626,-104
1h,fz1.5_react0_body0.25_cl0.6_cs0.4,model_a,stress,1.5,0.0,0.25,0.6,0.4,1.0,1.5,1326,-0.4283179977349886,-567.9496649965948,-575.5590013430163,0.42517862231874165,1217,-0.4477084498042551,-544.8611834117785,-547.0485322170455,0.3915037785407348,-0.01939045206926654,-109
1h,fz1.5_react0_body0.25_cl0.6_cs0.4,model_b,base,1.5,0.0,0.25,0.6,0.4,1.2,2.0,1152,-0.16709615570584985,-192.49477137313903,-200.6894827829443,0.718572263686109,1083,-0.18065372297588464,-195.64798198288307,-207.44329591376882,0.6837180285177646,-0.013557567270034793,-69
1h,fz1.5_react0_body0.25_cl0.6_cs0.4,model_b,stress,1.5,0.0,0.25,0.6,0.4,1.2,2.0,1162,-0.35390718758991013,-411.24015197947557,-417.85487498105044,0.5003335770436039,1096,-0.35858523064921155,-393.00941279153585,-399.2688007239948,0.47785093334190215,-0.004678043059301418,-66
1h,fz1.5_react0_body0.25_cl0.7_cs0.3,model_a,base,1.5,0.0,0.25,0.7,0.3,1.0,1.5,1169,-0.21743345592515442,-254.17970997650553,-262.9115773900166,0.6427092823193488,1094,-0.22489215476675448,-246.0320173148294,-252.05271785555365,0.6220504710962255,-0.007458698841600053,-75
1h,fz1.5_react0_body0.25_cl0.7_cs0.3,model_a,stress,1.5,0.0,0.25,0.7,0.3,1.0,1.5,1189,-0.4423400187584227,-525.9422823037646,-531.0763969711763,0.4132508148938922,1107,-0.42945414532171344,-475.4057388711368,-478.8337769432451,0.4096551415640669,0.012885873436709272,-82
1h,fz1.5_react0_body0.25_cl0.7_cs0.3,model_b,base,1.5,0.0,0.25,0.7,0.3,1.2,2.0,1054,-0.18602687851979754,-196.0723299598666,-202.37131047996462,0.6892066028099951,998,-0.16110156173909634,-160.77935861561815,-168.57479662548633,0.7130733589879226,0.0249253167807012,-56
1h,fz1.5_react0_body0.25_cl0.7_cs0.3,model_b,stress,1.5,0.0,0.25,0.7,0.3,1.2,2.0,1062,-0.36957675749800073,-392.49051646287677,-397.3138477536479,0.48170630631366057,1007,-0.3413885128145427,-343.7782324042445,-350.0376203367037,0.496001675401176,0.02818824468345804,-55
1h,fz1.5_react0_body0.5_cl0.6_cs0.4,model_a,base,1.5,0.0,0.5,0.6,0.4,1.0,1.5,1054,-0.21896231359905466,-230.78627853340362,-244.20047186030857,0.6435651337026461,983,-0.21398377726262194,-210.34605304915738,-216.26888334676687,0.6315044215158171,0.004978536336432721,-71
1h,fz1.5_react0_body0.5_cl0.6_cs0.4,model_a,stress,1.5,0.0,0.5,0.6,0.4,1.0,1.5,1064,-0.4392946612837809,-467.4095196059429,-473.35876819875233,0.41683114912690494,990,-0.41280022653916054,-408.67222427376896,-410.7718180143272,0.4152845614900263,0.026494434744620377,-74
1h,fz1.5_react0_body0.5_cl0.6_cs0.4,model_b,base,1.5,0.0,0.5,0.6,0.4,1.2,2.0,957,-0.17696145331358556,-169.35211082110138,-174.9080596175216,0.7037843963841766,910,-0.1638484519097915,-149.10209123791026,-164.06359273485452,0.7064512362893788,0.013113001403794067,-47
1h,fz1.5_react0_body0.5_cl0.6_cs0.4,model_b,stress,1.5,0.0,0.5,0.6,0.4,1.2,2.0,964,-0.36212805342360016,-349.0914435003506,-353.11733708746533,0.49083868455639806,919,-0.33525129139068005,-308.095936788035,-313.61564353408465,0.49730481534956666,0.02687676203292011,-45
1h,fz1.5_react0_body0.5_cl0.7_cs0.3,model_a,base,1.5,0.0,0.5,0.7,0.3,1.0,1.5,967,-0.22570022281810778,-218.25211546511022,-229.59570380950686,0.6327054925909603,912,-0.20374832609891946,-185.81847340221455,-191.05626917385865,0.6461451527950719,0.02195189671918832,-55
1h,fz1.5_react0_body0.5_cl0.7_cs0.3,model_a,stress,1.5,0.0,0.5,0.7,0.3,1.0,1.5,973,-0.4362006136803365,-424.42319711096746,-427.8866120198731,0.41842834105204046,917,-0.4038194088958893,-370.3023979575305,-371.1528961978871,0.42435088469998905,0.032381204784447226,-56
1h,fz1.5_react0_body0.5_cl0.7_cs0.3,model_b,base,1.5,0.0,0.5,0.7,0.3,1.2,2.0,885,-0.186280274773839,-164.8580431748475,-170.63348724677374,0.6875865516539104,849,-0.15508549220689974,-131.66758288365787,-139.8325732745526,0.7198686573197021,0.03119478256693925,-36
1h,fz1.5_react0_body0.5_cl0.7_cs0.3,model_b,stress,1.5,0.0,0.5,0.7,0.3,1.2,2.0,891,-0.3672327624972372,-327.2043913850383,-331.23028497215296,0.48265678388889244,853,-0.32138616197442194,-274.1423961641819,-279.66210291023157,0.5118027789120605,0.04584660052281525,-38
1h,fz2.5_react0.25_body0.25_cl0.6_cs0.4,model_a,base,2.5,0.25,0.25,0.6,0.4,1.0,1.5,317,-0.2128681527468659,-67.47920442075649,-76.1465232018695,0.6521669299058979,290,-0.1864149826885507,-54.060344979679705,-61.12613249849561,0.6766449687593629,0.026453170058315212,-27
1h,fz2.5_react0.25_body0.25_cl0.6_cs0.4,model_a,stress,2.5,0.25,0.25,0.6,0.4,1.0,1.5,319,-0.38542669963986964,-122.95111718511842,-130.36700167012177,0.4660883846096718,292,-0.35115005516332926,-102.53581610769214,-107.42780520439025,0.4811341592651773,0.034276644476540385,-27
1h,fz2.5_react0.25_body0.25_cl0.6_cs0.4,model_b,base,2.5,0.25,0.25,0.6,0.4,1.2,2.0,286,-0.16853115172008235,-48.19990939194355,-55.863780963285144,0.7225484493764374,267,-0.12813659872578378,-34.21247185978427,-43.1989170360353,0.7645892036876669,0.04039455299429856,-19
1h,fz2.5_react0.25_body0.25_cl0.6_cs0.4,model_b,stress,2.5,0.25,0.25,0.6,0.4,1.2,2.0,290,-0.3150942613456639,-91.37733579024253,-98.27236734038826,0.5499662130932116,270,-0.2912624876026024,-78.64087165270266,-82.16899439155172,0.5527659084361798,0.023831773743061446,-20
1h,fz2.5_react0.25_body0.25_cl0.7_cs0.3,model_a,base,2.5,0.25,0.25,0.7,0.3,1.0,1.5,287,-0.19243471857205696,-55.228764230180346,-62.528765720422214,0.6790758863728997,266,-0.12201854865553259,-32.45693394237167,-41.49295422047908,0.7763874912703268,0.07041616991652437,-21
1h,fz2.5_react0.25_body0.25_cl0.7_cs0.3,model_a,stress,2.5,0.25,0.25,0.7,0.3,1.0,1.5,288,-0.36444100487425746,-104.95900940378614,-111.14034953785013,0.4836781339967651,267,-0.2862716071023851,-76.43451909633681,-81.46477566876858,0.5536450615821243,0.07816939777187237,-21
1h,fz2.5_react0.25_body0.25_cl0.7_cs0.3,model_b,base,2.5,0.25,0.25,0.7,0.3,1.2,2.0,264,-0.14343756486324932,-37.86751712389782,-43.63565780553223,0.7579084158202296,248,-0.08581286854182174,-21.28159139837179,-34.946656103151945,0.8362402385821566,0.05762469632142758,-16
1h,fz2.5_react0.25_body0.25_cl0.7_cs0.3,model_b,stress,2.5,0.25,0.25,0.7,0.3,1.2,2.0,266,-0.28636582425822016,-76.17330925268656,-81.27694909202852,0.5794870742149623,250,-0.24427242194078902,-61.06810548519726,-64.59622822404634,0.6104292850266569,0.04209340231743114,-16
1h,fz2.5_react0.25_body0.5_cl0.6_cs0.4,model_a,base,2.5,0.25,0.5,0.6,0.4,1.0,1.5,266,-0.2101892165985583,-55.910331615216506,-65.80064316521383,0.6615452012951326,246,-0.15234000375551157,-37.47564092385585,-44.660944455862605,0.7262847502950192,0.05784921284304673,-20
1h,fz2.5_react0.25_body0.5_cl0.6_cs0.4,model_a,stress,2.5,0.25,0.5,0.6,0.4,1.0,1.5,267,-0.3697194076509643,-98.71508184280746,-105.8188675611031,0.48944219129896305,247,-0.3070586383054982,-75.84348366145805,-80.02314566140859,0.5271872978359876,0.0626607693454661,-20
1h,fz2.5_react0.25_body0.5_cl0.6_cs0.4,model_b,base,2.5,0.25,0.5,0.6,0.4,1.2,2.0,244,-0.13732281895515697,-33.5067678250583,-39.03164953625949,0.7716150269638258,233,-0.08892835720580335,-20.72030722895218,-33.222114480786814,0.8332145590032904,0.04839446174935362,-11
1h,fz2.5_react0.25_body0.5_cl0.6_cs0.4,model_b,stress,2.5,0.25,0.5,0.6,0.4,1.2,2.0,247,-0.2844297535285387,-70.25414912154906,-75.11358375713014,0.5894873856521455,235,-0.2417049178854228,-56.80065570307436,-59.755496626685705,0.6132702714768622,0.04272483564311591,-12
1h,fz2.5_react0.25_body0.5_cl0.7_cs0.3,model_a,base,2.5,0.25,0.5,0.7,0.3,1.0,1.5,245,-0.21227766803503575,-52.00802866858376,-59.281318613423046,0.6521239621112623,229,-0.14947528447286326,-34.22984014428569,-44.957540241793,0.7288636637186915,0.06280238356217249,-16
1h,fz2.5_react0.25_body0.5_cl0.7_cs0.3,model_a,stress,2.5,0.25,0.5,0.7,0.3,1.0,1.5,245,-0.3704379156591033,-90.7572893364803,-95.62729364800042,0.47903767430542915,230,-0.3066514791974355,-70.52984021541018,-74.06117982521053,0.5247415467059704,0.06378643646166776,-15
1h,fz2.5_react0.25_body0.5_cl0.7_cs0.3,model_b,base,2.5,0.25,0.5,0.7,0.3,1.2,2.0,228,-0.10671254126147246,-24.33045940761572,-29.855341118816924,0.8168492055621812,218,-0.05973194583007744,-13.021564190956882,-29.538043141854846,0.8843682546932533,0.046980595431395024,-10
1h,fz2.5_react0.25_body0.5_cl0.7_cs0.3,model_b,stress,2.5,0.25,0.5,0.7,0.3,1.2,2.0,230,-0.2520124127372643,-57.96285492957079,-62.82228956515181,0.6246709414617724,220,-0.21624111463043327,-47.57304521869532,-50.771359317346445,0.6456805489905243,0.03577129810683105,-10
1h,fz2.5_react0_body0.25_cl0.6_cs0.4,model_a,base,2.5,0.0,0.25,0.6,0.4,1.0,1.5,328,-0.19238282088025166,-63.101565248722544,-72.15565434950588,0.6794449913057042,302,-0.1795266292113052,-54.217042021814166,-61.19163717834265,0.6866455073851953,0.01285619166894647,-26
1h,fz2.5_react0_body0.25_cl0.6_cs0.4,model_a,stress,2.5,0.0,0.25,0.6,0.4,1.0,1.5,329,-0.359811064784999,-118.37784031426467,-126.18099748765982,0.49008632310134154,304,-0.342010963960872,-103.9713330441051,-109.2513937552429,0.49068310516438357,0.01780010082412703,-25
1h,fz2.5_react0_body0.25_cl0.6_cs0.4,model_b,base,2.5,0.0,0.25,0.6,0.4,1.2,2.0,292,-0.16101826769848962,-47.01733416795897,-54.91302784511435,0.730615987057514,276,-0.12138009642108781,-33.500906612220234,-42.08702065536295,0.7727025656282566,0.03963817127740181,-16
1h,fz2.5_react0_body0.25_cl0.6_cs0.4,model_b,stress,2.5,0.0,0.25,0.6,0.4,1.2,2.0,296,-0.3062461238353995,-90.64885265527825,-97.77620640868655,0.555839852174737,279,-0.28495283549083905,-79.5018411019441,-83.19347413598388,0.5564689106629311,0.021293288344560457,-17
1h,fz2.5_react0_body0.25_cl0.7_cs0.3,model_a,base,2.5,0.0,0.25,0.7,0.3,1.0,1.5,297,-0.17682645473317646,-52.517457055753404,-60.20422886566561,0.7011141029819855,278,-0.12667333591487798,-35.215187384336076,-42.189782540864606,0.768655995726422,0.05015311881829848,-19
1h,fz2.5_react0_body0.25_cl0.7_cs0.3,model_a,stress,2.5,0.0,0.25,0.7,0.3,1.0,1.5,298,-0.34835749540078753,-103.81053362943469,-110.3791464518905,0.5004967672658003,280,-0.2943163646603073,-82.40858210488605,-87.68864281602387,0.5447998867206317,0.054041130740480225,-18
1h,fz2.5_react0_body0.25_cl0.7_cs0.3,model_b,base,2.5,0.0,0.25,0.7,0.3,1.2,2.0,268,-0.12591157957167423,-33.74430332520869,-39.7442661126569,0.7829603078128206,256,-0.06974317698606895,-17.854253308433652,-33.02634704868198,0.8623576310342356,0.05616840258560528,-12
1h,fz2.5_react0_body0.25_cl0.7_cs0.3,model_b,stress,2.5,0.0,0.25,0.7,0.3,1.2,2.0,270,-0.26919164741516,-72.68174480209319,-78.01770684469766,0.5975292079233443,259,-0.23736896536616028,-61.478562029835516,-65.17019506387531,0.6138421557795491,0.03182268204899971,-11
1h,fz2.5_react0_body0.5_cl0.6_cs0.4,model_a,base,2.5,0.0,0.5,0.6,0.4,1.0,1.5,270,-0.21586346343876658,-58.28313512846698,-68.1734466784643,0.6523667274799455,248,-0.15250538477589046,-37.82133542442083,-44.97572507696309,0.7247203859757199,0.06335807866287613,-22
1h,fz2.5_react0_body0.5_cl0.6_cs0.4,model_a,stress,2.5,0.0,0.5,0.6,0.4,1.0,1.5,271,-0.3750493873409442,-101.63838396939587,-108.74216968769151,0.4823455574231421,249,-0.3068489547301213,-76.4053897278002,-80.58505172775074,0.5256830061558654,0.06820043261082287,-22
1h,fz2.5_react0_body0.5_cl0.6_cs0.4,model_b,base,2.5,0.0,0.5,0.6,0.4,1.2,2.0,247,-0.13983991954238179,-34.5404601269683,-40.065341838169495,0.7665169265250757,235,-0.08884718827628106,-20.87908924492605,-33.380896496760684,0.8324528660174777,0.050992731266100724,-12
1h,fz2.5_react0_body0.5_cl0.6_cs0.4,model_b,stress,2.5,0.0,0.5,0.6,0.4,1.2,2.0,250,-0.28630467312192776,-71.57616828048194,-76.43560291606305,0.5853898756901667,237,-0.24109504243274738,-57.139525056561126,-60.09436598017248,0.6124094071197412,0.04520963068918038,-13
1h,fz2.5_react0_body0.5_cl0.7_cs0.3,model_a,base,2.5,0.0,0.5,0.7,0.3,1.0,1.5,249,-0.2168538169765648,-53.99660042716464,-61.26989037200391,0.6437782573913751,232,-0.14881324720742184,-34.524673352121866,-44.774640902283295,0.7276984234949402,0.06804056976914297,-17
1h,fz2.5_react0_body0.5_cl0.7_cs0.3,model_a,stress,2.5,0.0,0.5,0.7,0.3,1.0,1.5,249,-0.37424556365541745,-93.18714535019895,-98.05714966171908,0.472666786155686,233,-0.30498530825160763,-71.06157682262457,-73.99214332237325,0.5235041182519645,0.06926025540380981,-16
1h,fz2.5_react0_body0.5_cl0.7_cs0.3,model_b,base,2.5,0.0,0.5,0.7,0.3,1.2,2.0,231,-0.10740520646808088,-24.810602694126683,-30.335484405327882,0.8141724633018979,221,-0.05924828874131854,-13.093871811831397,-29.43798458585306,0.8841695879108111,0.048156917726762345,-10
1h,fz2.5_react0_body0.5_cl0.7_cs0.3,model_b,stress,2.5,0.0,0.5,0.7,0.3,1.2,2.0,233,-0.25167647957391936,-58.64061974072322,-63.500054376304234,0.6223680467719117,223,-0.21454179204249463,-47.8428196254763,-51.04113372412742,0.6452247536639405,0.03713468753142474,-10
1h,fz2_react0.25_body0.25_cl0.6_cs0.4,model_a,base,2.0,0.25,0.25,0.6,0.4,1.0,1.5,598,-0.2635852293527961,-157.62396715297206,-170.9589571069106,0.5807305797413245,538,-0.2235275111762499,-120.25780101282244,-131.42673789003504,0.6211837342317783,0.040057718176546214,-60
1h,fz2_react0.25_body0.25_cl0.6_cs0.4,model_a,stress,2.0,0.25,0.25,0.6,0.4,1.0,1.5,606,-0.47261497024033533,-286.4046719656432,-295.651423588801,0.3849550553558236,545,-0.41861356551409606,-228.14439320518235,-233.55641575371578,0.4158133847846759,0.054001404726239266,-61
1h,fz2_react0.25_body0.25_cl0.6_cs0.4,model_b,base,2.0,0.25,0.25,0.6,0.4,1.2,2.0,535,-0.2084331108591208,-111.51171430962964,-120.93676290579171,0.6596248175375448,495,-0.17369537190858544,-85.97920909474979,-94.18840340525992,0.6890097019051902,0.03473773895053536,-40
1h,fz2_react0.25_body0.25_cl0.6_cs0.4,model_b,stress,2.0,0.25,0.25,0.6,0.4,1.2,2.0,541,-0.3781842839015422,-204.59769759073433,-212.06731553590384,0.474395198734968,501,-0.34964228729964747,-175.17078593712338,-181.4637538730583,0.4817668358514789,0.028541996601894715,-40
1h,fz2_react0.25_body0.25_cl0.7_cs0.3,model_a,base,2.0,0.25,0.25,0.7,0.3,1.0,1.5,537,-0.25780817470291567,-138.44298981546572,-150.78831526257932,0.5860547896361252,495,-0.20697559802138923,-102.45292102058767,-110.53759597779786,0.644105928685497,0.05083257668152644,-42
1h,fz2_react0.25_body0.25_cl0.7_cs0.3,model_a,stress,2.0,0.25,0.25,0.7,0.3,1.0,1.5,543,-0.4712717898545212,-255.900581891005,-263.9127891632233,0.3846662219343525,500,-0.3867498236427504,-193.3749118213752,-198.78693436990875,0.4450911344609948,0.08452196621177077,-43
1h,fz2_react0.25_body0.25_cl0.7_cs0.3,model_b,base,2.0,0.25,0.25,0.7,0.3,1.2,2.0,492,-0.21327578861143723,-104.93168799682712,-111.49778517564594,0.6492154609163018,462,-0.15537217597264252,-71.78194529936084,-78.36771077145436,0.7169781839012466,0.057903612638794705,-30
1h,fz2_react0.25_body0.25_cl0.7_cs0.3,model_b,stress,2.0,0.25,0.25,0.7,0.3,1.2,2.0,496,-0.38191276260269225,-189.42873025093536,-195.10695648530108,0.46587994114369763,466,-0.33278450486586914,-155.07757926749503,-160.58101368707835,0.4993698428493237,0.04912825773682311,-30
1h,fz2_react0.25_body0.5_cl0.6_cs0.4,model_a,base,2.0,0.25,0.5,0.6,0.4,1.0,1.5,510,-0.2820897757501118,-143.86578563255702,-155.93521590147395,0.5600412783983915,467,-0.2352040837794814,-109.84030712501782,-119.5967001353685,0.6014257667693856,0.04688569197063039,-43
1h,fz2_react0.25_body0.5_cl0.6_cs0.4,model_a,stress,2.0,0.25,0.5,0.6,0.4,1.0,1.5,515,-0.47938607761139024,-246.88382996986599,-255.57393461170284,0.37985031581043,470,-0.41861766060250977,-196.7503004831796,-203.24121988713247,0.40834904591535337,0.06076841700888047,-45
1h,fz2_react0.25_body0.5_cl0.6_cs0.4,model_b,base,2.0,0.25,0.5,0.6,0.4,1.2,2.0,467,-0.21262544453069232,-99.29608259583331,-105.24256369318141,0.6513302735849317,442,-0.1789417986634724,-79.0922750092548,-85.10485432269363,0.6783066886345875,0.03368364586721992,-25
1h,fz2_react0.25_body0.5_cl0.6_cs0.4,model_b,stress,2.0,0.25,0.5,0.6,0.4,1.2,2.0,471,-0.3813426053332265,-179.61236711194968,-184.66943142260857,0.4665993835158352,447,-0.34954438771010377,-156.24634130641638,-161.1750855022896,0.473257759162592,0.03179821762312274,-24
1h,fz2_react0.25_body0.5_cl0.7_cs0.3,model_a,base,2.0,0.25,0.5,0.7,0.3,1.0,1.5,471,-0.283541160389938,-133.54788654366078,-143.17063551574034,0.5528290219554959,439,-0.24319601499650342,-106.763050583465,-113.23421541091419,0.5897879793045636,0.04034514539343456,-32
1h,fz2_react0.25_body0.5_cl0.7_cs0.3,model_a,stress,2.0,0.25,0.5,0.7,0.3,1.0,1.5,474,-0.4804497427493019,-227.7331780631691,-233.9374490211021,0.37396380957645414,442,-0.42154906201587156,-186.32468541101522,-190.24907905815817,0.4052233658801959,0.058900680733430355,-32
1h,fz2_react0.25_body0.5_cl0.7_cs0.3,model_b,base,2.0,0.25,0.5,0.7,0.3,1.2,2.0,436,-0.20432582637281307,-89.0860602985465,-95.03254139589454,0.6600197178504075,417,-0.16311838192907877,-68.02036526442585,-74.0329445778647,0.701829339129518,0.04120744444373431,-19
1h,fz2_react0.25_body0.5_cl0.7_cs0.3,model_b,stress,2.0,0.25,0.5,0.7,0.3,1.2,2.0,439,-0.3726930769657261,-163.61226078795377,-168.66932509861266,0.4723792171078338,421,-0.33635127165593776,-141.6038853671498,-146.53262956302302,0.487784334272935,0.036341805309788366,-18
1h,fz2_react0_body0.25_cl0.6_cs0.4,model_a,base,2.0,0.0,0.25,0.6,0.4,1.0,1.5,624,-0.24256005918700488,-151.35747693269104,-163.79005728850177,0.604754684389469,568,-0.2218143316119012,-125.99054035555989,-136.40694585913715,0.6230734778713964,0.02074572757510368,-56
1h,fz2_react0_body0.25_cl0.6_cs0.4,model_a,stress,2.0,0.0,0.25,0.6,0.4,1.0,1.5,633,-0.452375822975025,-286.3538959431908,-295.98792025474046,0.3997028994007751,577,-0.4201343250159945,-242.41750553422884,-248.21759969720196,0.4137533391667165,0.032241497959030474,-56
1h,fz2_react0_body0.25_cl0.6_cs0.4,model_b,base,2.0,0.0,0.25,0.6,0.4,1.2,2.0,550,-0.20512758399164976,-112.82017119540737,-122.47704189738327,0.6601778318893304,516,-0.18619190873171207,-96.07502490556342,-104.51670649507773,0.6662386945759522,0.018935675259937695,-34
1h,fz2_react0_body0.25_cl0.6_cs0.4,model_b,stress,2.0,0.0,0.25,0.6,0.4,1.2,2.0,556,-0.37461806004095244,-208.28764138276955,-215.9895815312015,0.47362918815801963,524,-0.35617461658482447,-186.635499090448,-193.161455001352,0.4703098343171471,0.018443443456127973,-32
1h,fz2_react0_body0.25_cl0.7_cs0.3,model_a,base,2.0,0.0,0.25,0.7,0.3,1.0,1.5,560,-0.25714809341628525,-144.00293231311974,-156.15381711856284,0.5852776799059144,522,-0.21261352942561032,-110.98426236016859,-119.32238335148779,0.6365269677799217,0.04453456399067493,-38
1h,fz2_react0_body0.25_cl0.7_cs0.3,model_a,stress,2.0,0.0,0.25,0.7,0.3,1.0,1.5,568,-0.4730920957723794,-268.71631039871147,-277.11579035932147,0.3831651107209545,529,-0.4056381358318075,-214.58257385502617,-220.38266801799935,0.42734811479930396,0.06745395994057185,-39
1h,fz2_react0_body0.25_cl0.7_cs0.3,model_b,base,2.0,0.0,0.25,0.7,0.3,1.2,2.0,507,-0.22226046667698904,-112.68605660523345,-119.48397588986609,0.6353983463535323,481,-0.16672053764274197,-80.19257860615889,-87.01083135725656,0.6972462778067575,0.055539929034247065,-26
1h,fz2_react0_body0.25_cl0.7_cs0.3,model_b,stress,2.0,0.0,0.25,0.7,0.3,1.2,2.0,511,-0.38968862451233205,-199.13088712580168,-205.0414355634299,0.45686410285073736,487,-0.34256917035015266,-166.83118596052435,-172.5676083550769,0.48723889647645996,0.047119454162179386,-24
1h,fz2_react0_body0.5_cl0.6_cs0.4,model_a,base,2.0,0.0,0.5,0.6,0.4,1.0,1.5,516,-0.28125829070014663,-145.12927800127565,-156.56017571303929,0.5598030165192674,471,-0.23136849360921666,-108.97456048994104,-117.59085359915757,0.6054335765785563,0.04988979709092997,-45
1h,fz2_react0_body0.5_cl0.6_cs0.4,model_a,stress,2.0,0.0,0.5,0.6,0.4,1.0,1.5,521,-0.47807498001074206,-249.07706458559662,-257.76716922743344,0.379706514414779,474,-0.4145240407643823,-196.48439532231723,-201.695017007649,0.410965208003642,0.06355093924635974,-47
1h,fz2_react0_body0.5_cl0.6_cs0.4,model_b,base,2.0,0.0,0.5,0.6,0.4,1.2,2.0,472,-0.21486127136222682,-101.41452008297107,-107.36100118031916,0.6467823750286298,446,-0.17993386855995697,-80.25050537774081,-86.26308469117963,0.6755662139449944,0.03492740280226986,-26
1h,fz2_react0_body0.5_cl0.6_cs0.4,model_b,stress,2.0,0.0,0.5,0.6,0.4,1.2,2.0,476,-0.3830916004574373,-182.35160181774015,-187.40866612839903,0.4631114813938504,451,-0.3501565320750579,-157.92059596585113,-162.8493401617243,0.4709725712372013,0.03293506838237936,-25
1h,fz2_react0_body0.5_cl0.7_cs0.3,model_a,base,2.0,0.0,0.5,0.7,0.3,1.0,1.5,476,-0.2818167937971284,-134.1447938474331,-142.8326873806771,0.5538579633989295,443,-0.23853387550312166,-105.67050684788289,-111.85767764187912,0.5947548636571173,0.04328291829400671,-33
1h,fz2_react0_body0.5_cl0.7_cs0.3,model_a,stress,2.0,0.0,0.5,0.7,0.3,1.0,1.5,479,-0.4778283477231925,-228.8797785594092,-235.08404951734212,0.374930392089667,446,-0.4161025661183939,-185.58174448880368,-189.5061381359466,0.40879012073843507,0.06172578160479858,-33
1h,fz2_react0_body0.5_cl0.7_cs0.3,model_b,base,2.0,0.0,0.5,0.7,0.3,1.2,2.0,440,-0.20607530697303067,-90.67313506813349,-96.61961616548155,0.656294079286655,421,-0.16437764557658965,-69.20298878774425,-75.2155681011831,0.6986812318133656,0.041697661396441016,-19
1h,fz2_react0_body0.5_cl0.7_cs0.3,model_b,stress,2.0,0.0,0.5,0.7,0.3,1.2,2.0,443,-0.3735981118331997,-165.50396354210747,-170.56102785276636,0.46981279479101407,425,-0.33669263269730637,-143.0943688963552,-148.02311309222847,0.4857571837593037,0.036905479135893315,-18
